text,intent
redurie consomation eau où on a souvent des coupures pourquoi je vous remercie,signaler_coupure
bonsoir je suis un peu perdu j aimerais comprendre comment vous faites arriver l eau potable dans nos miasons nous sommes une rgande famille ici pourquoi je vous remercie,info_generale_tde
bonjour je voudrais savoir combien coûte l eau dans mon quartier parce que je trouve que les montants sont un peu élevés merci,info_tarif
bonsoir je voulais juste comprendre quelque chose rapidement eske que vous pouvez m expliquer document pour branchement deau dans ma maison avec ma famille depuis hier merci d avance,demande_branchement
je vous écris pour avoir des infomrations précises franchement comment vous contacter par rapport à mon abonnement actuel ça me fatigue un peu merci d avance,contact_service_client
ce st important pr moi d avoir une solution est ce que vous opuvez m expliquer quels papiers il faut déposer pour que l eau revienne au niveau des robinets chez moi merci d avance,documents_reabonnement
bonsoir je souhaite suivre lévolution de ma demnade de raccordement pour savoir si elle avance,demande_branchement
documents nécessaires pour un branchement à la société togolaise des eaux là où je suis actuellement poruquoi merci,demande_branchement
je souhaite vérifier si ma zone est desservie par le réseau d eau où la pression est très faible pourquoi s il vous plaît,zone_couverture
je veux parler à un agent tde,info_generale_tde
s il vous plaît pouvez vous m aider à comprendre franchement ça n a rien à voir dans la zone où je viens d emménager ça me fatigue un peu,zone_couverture
on souffre un peu ici j aimerais comprendre est ce que vous pouvez m expliquer aidez moi je veux prévoir combien je vais payer dans ma zone de résidence svp,simulation_facture
franchement il y a beaucoup d eau qui se perd à cause d une fuite près de chez moi dans la maison que je viens de louer pourquoi svp,signaler_fuite
c est ouvert aujourdh ui ou pas,horaire_agence
bonsoir je vs contacte parce que j ai une préoccupation franchement salut je veux vérifier si ma zone est desservie par votre réseau dans mon foyer ça me fatigue un peu merci d avance,zone_couverture
il y a un problème avec ma facture dans mon quartier à lomé pourquoi,info_tarif
bonsoir je vous contacte parce que j ai une préoccupation est ce que vous pouvez m expliquer bonjour svp je voudrais savoir si ma zone est couverte par la tde merci dans la zone où je viens d emménager merci hein,info_generale_tde
donnez moi des astuces pr l eau,conseil_consommation
grand j ai un souci avec ça là est ce que vous pouvez m expliquer leau ne coule plu depuis quelques jours déjà svp j ai besoin d aide,signaler_coupure
franchement je ne comprends pas comment ça fonctionne franchement le au coule lentement à lomé chez moi à adidogomé depuis ce matin ça me fatigue un peu merci beaucoup,signaler_basse_pression
svp pouvez vous m expliquer en détail la procédure pour obtenir un branchement d eau potable,demande_branchement
honnêtement je suis un peu confus franchement je souhaite signaler une fuite d eau au niveau de mon compteur depuis un moment ça me fatgiue un peu merci beaucoup,signaler_fuite
s il vous plaît pouvez vous m aider à comprendre est ce que vous pouvez m expilquer horaire travail tde chez nous ici là merci,info_generale_tde
s il vous plaît c est assez urgent dans mon cas est ce que vous pouvez m expliquer quelles sont les pièces justificatives demandées pr un branchement chez moi avec ma famille veuillez m aider s il vous plîat,demande_branchement
on demande kwa comme documents depuis que je suis rentré à la maison pourquoi pardon pour le dérangement,documents_branchement
s il vous plaît pouvez vous m aider à comprendre franchement résilier mon contrat d eau sur touet l installation dans la maison ça me fatigue un peu pardon pour le dérangement,resiliation
franchement je suis perdu pouvez vous ma ider autrement au niveau des robinets chez moi pourquoi je compte sur vous,fallback
franchement où en est mon dossier dpeuis quelques jours déjà ça me fatigue un peu s il vs plaît,suivi_demande_branchement
est ce que vous pouvez m expliquer comment remettre l eau avec la tde chez moi même ici je vous remercie,info_generale_tde
eau de mauvaise qualité,signaler_eau_sale
on utilise combien d eau,info_consommation_moyenne
chef y a un problème ici chez nous franchement la moyenne d eau c est combien chez moi avec ma familel ça me fatigue un peu aidez moi svp,info_consommation_moyenne
bonsoir je vous contacte parce que j ai une préoccupation franchement bonsoir je voudrais savoir quelels sont les pièces à fournir pour un raccordement à l eau dans ma maison pr ma maison ça me fatigue un peu veuillez m aider s il vous plaît,demande_branchement
absence d eau dans ma zone pourquoi pardon pour le dérangement,zone_couverture
installer un compteur chez moi,demande_branchement
documents pour résiliation,documents_branchement
quelles sont les pièces justificatives pour un réabonnement chez moi où la pression est très faible depuis plusieurs jours pourquoi merci d avance,documents_branchement
depuis hier j ai un souci chez moi franchement données sur l utilisation moyenne de l eau au niveau de mon secetur ici ça me fatigue un peu merci hein,fallback
j aimerais bien avoir des explications claires est ce que vous pouvez m expliquer je veux comprendre comment vous travaillez chez moi où la pression est très faible depius plusieurs jours pardon pr le dérangement,info_generale_tde
j aimerais bien avoir des explications claires franchement je souhaite signaler une faible pression d eau au niveau de mon compteur depuis un moment ça me fatigue un peu aidez moi svp,signaler_basse_pression
on souffre un peu ici j aimerais comprendre franchement svp pouvez vous me dire quels papiers sont demandés pour arrêter mon contrat d eau dans un foyer avec plusieurs enfants ça me fatigue un peu,documents_resiliation
franchement ça commence à m inquiéter est ce que vous pouvez m expliquer quand ouvrir bureau tde au niveau de l installation d eau,info_generale_tde
j ai vraiment besoin d une réponse rapide franchement c est combien l eau en moyenne chez moi où la pression est très faible depuis plusieurs jours ça me fatigue un peu pardon pour le dérangement,info_consommation_moyenne
franchement je ne comprends pas ma facture d eau elle est trop chère pour moi,info_tarif
je veux parler directement à quelqu un,contact_service_client
s il vs plaît c est assez urgent dans mon cas franchement salut je veux réactiver mon compteur pouvez vous me donner la liste complète des documents à fournir chez moi à adidogomé depuis ce matin ça me fatigue un peu,documents_branchement
est ce que vous pouvez m expliquer svp est ce que ma maison est éligible à un raccordement à l eau au niveau de mon compteur,demande_branchement
estimé ma facture deau je reviens au pays récemment pourquoi je vous remercie,info_tarif
l eau est faible là,signaler_basse_pression
moyenne consommation eau,info_consommation_moyenne
chef y a un problème ici chez nous franchement expliqeuz moi les frais sur ma consommation d eau dans la zone où je viens d emménager ça me fatigue un peu merci,zone_couverture
bonjour excusez moi de vous déranger mais j ai une question franchement je veux changer mon abonnement chez moi avec ma famille ça me fatigue un peu merci d avance,modification_abonnement
je veux installer l eau via la société togolaise des eaux,demande_branchement
franchement je ne comprends pas comment ça fonctionne franchement ipèces pour remettre l eau ça me fatigue un peu,documents_reabonnement
l eau est bizarre où l eau est un peu sale pourquoi,signaler_eau_sale
salut je voulais me renseigner sur quelque chose set ce que vous pouvez m expliquer je souhaite mettre à jour les informations de mon contrat svp j ai besoin d aide,modification_abonnement
comment se réabonner à la tde chez moi avec ma famille pourquoi je vous remercie,info_generale_tde
ça fait plusieurs jours que j ai un problème franchement mauvaise qualité d eau dans mon quartier dans ma nouvelle maison ça me fatigue un peu meric hein,zone_couverture
je vous écris pour avoir des informations précises est ce que vous pouvez m explqiuer bonjour je n ai plus d eau chez moi depuis ce matin pouvez vous vérifier s il vous plaît,signaler_coupure
comment remettre leau apres coupur dans la zone où j habite actuellement pourquoi s il vous plaît,zone_couverture
je suis un peu perdu par rapport à tout ça est ce que vous pouvez m expliquer je dois préparer quoi pour arrêter le contrat où l eau est un peu sale,signaler_eau_sale
demande de changement de ttiulaire du compteur,modification_abonnement
s il vs plaît pouvez vous m aider à comprendre franchement eau trouble à lomé dans ma concession ça me fatigue un peu svp j ai besoin d aide,signaler_eau_sale
je veux un branchement d eau chez moi à adidogomé on est environ 4 à utiliser l eau pourquoi,demande_branchement
c est important pr moi d avoir une solution est ce que vous pouvez m expliquer je veux passer à votre agence pour un renseignement je viens juste de prendre la maison je compte sur vs,contact_service_client
je veu mabonner a leau,demande_abonnement
svp pouvez vous m aider à récupérer ma facture ou un justificatif lié à mon abonnement dans mon quartier à lomé depuis quelques jours pourquoi,info_tarif
svp je veux installer un compteur d eau chez moi pouvez vous m aider à faire la demande dans mon foyer pourquoi merci,demande_branchement
processus de réactivation d un compteur d eau ça dure depuis un bon moment pourquoi,info_reabonnement
la tde peut estimer ma facture d eau où on a souvent des coupures pourquoi,info_tarif
je veux récupérer ça pourquoi veuillez m aider s il vous plaît,demande_document
je ne comprends pas cette facture là,info_tarif
bonjour excusez moi de vous déranger mais j ai une question est ce que vous pouvez m expliquer mon habitation est elle éligible à la tde sur mon branchement actuel svp j ai besoin d aide,info_generale_tde
c est combien en général pourquoi svp,info_consommation_moyenne
c est quoi la procédure pour ouvrir un abonnement à la tde par rapport à mon abonnement actuel pourquoi svp,info_generale_tde
arrêter mon contrat d eau dans la zone où je viens d emménager pourquoi merci hein,zone_couverture
bonsoir je vous contacte parce que j ai une préoccupation franchement on peut avoir l eau ici dans mon foyer ça me fatigue un peu veuillez m aider s il vs plaît,zone_couverture
c est possible d avoir l eau,eligibilite_branchement
on souffre un peu ici j aimerais comprendre franchement demande de vérification de faisabilité de raccordement dans ma zone de résidence ça me fatigue un peu merci d avance,demande_branchement
expliquez moi le service d eau au togo nous sommes une grande famille ici pourquoi je compte sur vous,info_generale_tde
salut je voulais me renseigner sur quelque chose franchement plages horaires du servcie client nous sommes une grande famille ici ça me fatigue un peu svp,horaire_agence
osuscrire un contrat d eau,demande_abonnement
franchement bonjour je souhaite résilier mon abonnement d eau car je ne suis plus sur place dans la zone où je viens d emménager ça me aftigue un peu,resiliation
bonjour l eau colue très lentement chez moi pouvez vous vérifier la pression nous sommes une grande famille ici pourquoi aidez moi svp,signaler_basse_pression
je veux mettre le compteur à mon nom là ça dure depuis un bon moment pourquoi veuillez m aider s il vs plaît,modification_abonnement
quoi,fallback
l eau ne vient pas bien,signaler_basse_pression
étapes pour remettre l eau,info_branchement
honnêtement je suis un peu confus est ce que vous pouvez m expliquer on consomme combien d eau depuis quelques jours déjà merci beauocup,info_consommation_moyenne
bonjour je voudrais obtenir un document officiel concernant mon abonnement d eau pour une famille de 5 personnes pourquoi pardon pour le dérangement,demande_document
ça fuit quelque part,signaler_fuite
bonjour excusez moi de vs déranger mais j ai une question est ce que vous pouvez m expliquer l eau ne vient pas bien chez moi avec ma famille je compte sur vous,signaler_basse_pression
s il vous plaît c est assez urgent dans mon cas franchement je veux savoir quels documents vous sortez je viens juste de prendre la maison ça me fatigue un peu,documents_branchement
on fait comment pour réactiver,documents_reabonnement
bonsoir je vs contacte parce que j ai une préoccupation est ce que vous pouvez m expliquer estimer ma facture d eau nous sommes une grande famille ici merci,info_tarif
franchement ça commence à m inquiéter franchement je veux qu on coupe mon o je viens d emménager ici ça me fatigue un peu svp,resiliation
je ne comprends pas trop ce qui se passe chez moi est ce que vs pouvez m expliquer l eau n est pas claire dans ma zone de résidence,zone_couverture
franchement ça commence à m inquiéter est ce que vous pouvez m expliquer moyenne eau tde dans ma zone de résidence merci hein,info_generale_tde
franchement ma facture est trop chère là dans ma maison avec ma famille depuis hier ça me fatigue un peu svp,info_tarif
bonjour je voudrais savoir comment réduire ma consommation deau chez moi dans la maison que je viens de louer pourquoi merci,conseil_consommation
est ce que vous pouvez m expliquer coupure d eau à la tde je reviens au pays récemment merci d avance,info_generale_tde
je souhaite installer l eau dans ma maison à lomé dans mon coin ici pourquoi pardon pour le déranegment,demande_branchement
bonjour excusez moi de vous déranger mais j ai une question franchement la tde peut estimer ma facture d eau dans mon quartier à lomé ça me fatigue un peu je ocmpte sur vous,info_tarif
ça fait plusieurs jours que j ai un problème franchement combien coute leau je suis nouveau dans cette zone ça me fatigue un peu merci,zone_couverture
je voudrais apprendre à utiliser l eau de manière plus efficace pour mon habitation principale pourquoi je compte sur vous,conseil_consommation
c est important pour moi d avoir une solution franchement modifier mon abonement on est environ 4 à utiliser l eau ça me fatigue un peu merci hein,modification_abonnement
quelle est la procédure pr remettre l eau,info_branchement
vous ne comprenez pas ma question là où je suis actuellement pourquoi merci hein,fallback
honnêtement je suis un peu confus est ce que vous pouvez m expliquer je voudrais apprendre à utiliser l eau de manière plus efficace depuis hier soir aidez moi svp,conseil_consommation
eau disponible zone dans ma zone de résidence pourquoi svp,zone_couverture
ma facture n est pas normale au niveau de l installation d eau pourquoi svp j ai besoin d aide,info_tarif
franchement ça commence à m inquiéter franchement tuyau gâté l eau coule où l eau ne coule presque pas ça me fatigue un peu je compte sur vous,signaler_fuite
salut je veux résilier mon abonnement pouvez vous me donner la liste complète des documents à fournir dans mon quartier à lomé depuis quelques jours pourquoi je compte sur vous,documents_branchement
bonjour j aurais besoin d un renseignement s il vous plaît franchemetn changement de nom sur un abonnement d eau dans ma nouvelle maison ça me fatigue un peu merci d avance,modification_abonnement
franchement je peux avoir l eau chez moi à lomé dans ma concession ça me fatigue un peu,eligibilite_branchement
grand j ai un souci avec ça là est ce que vs pouvez m expliquer c est quoi votre mission principale chez moi à adidoogmé s il vous plaît,info_generale_tde
quelles sont les démarches pr avoir l eau,info_branchement
l eau est vraiment mauvaise,signaler_eau_sale
la tde c est bien la société togolaise des eaux non chez moi où la pression est très faible depuis plusieurs jours pourquoi svp,info_generale_tde
je veux savoir ça a bougé ou pas au niveau de l installation d eau pourquoi svp,suivi_demande_branchement
modifier mon abonnement à la tde,info_generale_tde
je suis vraiment fatigué de ectte situation est ce que vous pouvez m expliquer je veux savoir combien je vais payer dans mon foyer chaque mois sur mon branchement actuel s il vous plaît,demande_branchement
ouvrir un abonnement d eau,horaire_agence
ça fait plusieurs jours que j ai un problème est ce que vous pouvez m expliquer svp aidez moi je veux comprendre toute la procédure pour avoir l eau à domicile au niveau de mon secteur ici merci beaucoup,info_branchement
je veux chagner le nom sur le compteur là où je suis actuellement pourquoi,modification_abonnement
ça devient compliqué pour moi en ce moment franchement problème d approvisionnemetn en eau dans ma nouvelle maison ça me fatigue un peu veuillez m aider s il vous plaît,signaler_coupure
documents pour résiliation de mon abonnement dans mon foyer depuis que je suis rentré à la maison pourquoi merci,documents_branchement
détails sur le branchement je suis nouveau dans cette zone pourquoi je compte sur vous,demande_branchement
salut je veux transférer l abonnement à mon nom car j occupe maintenant la maison,modification_abonnement
est ce que vous pouvez m expliquer je veux connîatre toutes les étapes nécessaires pour avoir l eau chez moi dans ma zone de résidence je vous remercie,info_branchement
ça devient compliqué pour moi en ce moment est ce que vous pouvez m expliquer svp aidez moi je veux changer les informations de mon compteur dans ma nouvelle maison je vous remercie,modification_abonnement
franchement je ne comprends pas comment ça fonctionne franchement comment reprendre mon abonnement d eau au niveau de l installation d eau ça me fatigue un peu svp,info_reabonnement
bonsoir je voulais juste comprendre quelque chose rapidement est ce que vous pouvez m explqiuer je veu savoir combien sa va me couté depuis ce matin svp,simulation_facture
grand j ai un osuci avec ça là est ce que vous pouvez m expliquer l eau ne sort plus du robinet pour une famille de 5 personnes svp j ai besoin d aide,signaler_coupure
s il vous plaît pouvez vous m aider à copmrendre franchement comment avoir ma facture d eau à lomé dans la maison que je viens de louer ça me fatigue un peu s il vous plaît,info_tarif
franchement je ne comprends pas comment ça fonctionne est ce que vous pouvez m expliquer bonjour je voudrais obtenir un document officiel concernant mon abonnement d eau je viens d emménager ici aidez moi svp,demande_document
liste des documents que je peux demander dans mon quartier,documents_branchement
par rapport à mon abonnement actuel pourquoi,documents_resiliation
honnêtement je suis un peu confus est ce que vous pouvze m expliquer quels sont les documents que je peux demander où l eau est un peu sale svp,documents_branchement
liste des pièces demandées par la société togolaise des eaux pour remettre l eau,documents_branchement
combien coûte l eau pour une utilisation normale,info_tarif
je veu mabonner a leau,demande_abonnement
saltu je voulais me renseigner sur quelque chose est ce que vous pouvez m expliquer où en est ma demande faite pr mon terrain je compte sur vs,suivi_demande_branchement
edpuis hier j ai un souci chez moi franchement svp je ne comprends pas cmoment vous calculez les tarifs de l eau chez moi pouvez vous m expliqeur clairement où l eau est un peu sale ça me fatigue un peu s il vous plaît,info_tarif
problème de qualité d eau avec la société togolaise des eaux,signaler_eau_sale
problème de coupure d eua avec la société togolaise des eaux dans mon quartier à lomé depuis quelques jours pourquoi svp j ai besoin d aide,signaler_coupure
salut je veux savoir quand je peux passer à votre agence,horaire_agence
je veux savoir comment obtenir un abonnement d eau,demande_abonnement
chef y a un problème ici chez nous est ce que vous pouvez m expliquer quels papiers fournir à la tde pr avoir l eau au niveau de mon compteur,info_generale_tde
bonjour je voudrais obtenir un document officiel concernant mon abonnement d eau,demande_document
ça fait plusieurs jours que j ai un problème est ce que vous pouvez m expliquer donnez moi des astuces pour l eau dans mon coin ici mreci,conseil_consommation
je veu vous joinder coment depuis quelques juors déjà pourquoi je vous remercie,contact_service_client
est ce que vous pouvez m expliquer je veux comprendre pourquoi ma facture est élevée je reviens au pays récemment je compte sur vous,reclamation_facture
on souffre un peu ici j aimerais comprendre est ce que vous pouvez m expliquer changer nom compteur eau ça fait plusieurs jorus maintenant merci,modification_abonnement
c est important pr moi d avior une solution est ce que vous pouvez m expliquer l eau a une mauvaise qualité où la pression est très faible svp j ai bseoin d aide,signaler_eau_sale
comment se passe le branchement,demande_branchement
s il vs plaît c est assez urgent dans mon cas est ce que vs pouvez m expliquer quels papiers il faut déposer pour stopper l abonnement depuis ce matin je compte sur vous,documents_resiliation
j aimerais bien avoir des explications claires franchement je souhaite avoir une idée claire du coût de l eau pr une consommation normale dans un foyer dans la zone où j habite actuelelment ça me fatigue un peu je compte sur vous,info_tarif
est ce que vs pouvez m expliquer chez nous ici là merci hein,fallback
réduire ma facture d eau au niveau de mon compteur depuis un moment pourquoi s il vous plaît,info_tarif
je suis un peu perdu par rapport à tout ça est ce que vs pouvez m expliquer bonjour svp ma facture d aeu est trop élevée pouvez vous vérifier merci où l eau est un peu sale je compet sur vs,reclamation_facture
salut je veux savoir quels documents je peux obtenir auprès de vs,documents_branchement
je ve souscrir un contra deau,demande_abonnement
je veux savoir quels documents vous sortez,documents_branchement
comment on fait pour avoir l eau à la maison depuis ce matin pourquoi svp,info_branchement
je dmeande la résiliation de mon contrat,documents_resiliation
ça devient compliqué pour moi en ce moment franchement comment fonctionne un branchement d eau ça me fatigue un peu je compte sur vous,demande_branchement
on souffre un peu ici j aimerais comprendre franchement canalisation cassée à lomé pour ma maison ça me fatigue un peu s il vous plaît,signaler_fuite
liste copmlète des documents accessibles aux clients récemment j ai commencé à remarquer ça pourquoi svp,documents_branchement
j aimerais bien avoir des explications cliares franchement quelle est la procédure pr remettre l eua chez moi à adidogomé depuis ce matin ça me fatigue un peu veuillez m aider s il vous plaît,info_branchement
problème de qualité de l eau distribuée pour mon habitation principale pourquoi veuillez m aider s il vs plaît,signaler_eau_sale
montant de facture incorrect,info_tarif
je ne veux pas des informations gnéérales je veux un numéro pr vous appeler,contact_service_client
s il vs plaît c est assez urgent dans mon cas franchement salut j ai besoin d eau chez moi maintenant je veux asvoir comment faire une demande de raccordement sur toute l installation dans la maison ça me fatigue un peu,demande_branchement
demande de changement de titulaire du compteur,modification_abonnement
franchement ça commence à m inquiéter franchement pour une consommation moyenne combien coûte la facture d eau chez moi où la pressoin est très faible depuis plusieurs jours ça me fatigue un peu,info_tarif
je veux changer le nom sur le compteur,modification_abonnement
est ce que vous pouvez m expliquer comment faire pour entrer en contact avec vous pour une famille de 5 personnes,contact_service_client
je peux vous joindre comment rapidement,contact_service_client
bonsoir je veux récupérer ma facture d eau pouvez vous m aider pourquoi je vous remercie,info_tarif
je veu apel un agent dans mon quartier à lomé depuis quelques jours pourquoi,zone_couverture
documents nécessaires pour rouvrir mon abonnement nous sommes une grande famille ici pourquoi merci hein,documents_branchement
je veux qu on couep mon eau,resiliation
s il vous plaît pouvez vous m aider à comprendre est ce que vs pouvez m expliqeur bonsori on n a plus d eau dans notre quariter depuis plusieurs heures chez moi même ici,horaire_agence
comment faire pour utiliser moisn d eau je viens d emménager ici pourquoi merci d avance,conseil_consommation
franchement demande de document à la société togolaise des eaux sur toute l isntallation dans la maison ça me fatigue un peu merci hein,demande_document
je suis vraiment fatigué de cette situation franchement est ce que vous avez commencé ma demande je reviens au pays récemment ça me fatigue un peu je vous remercie,suivi_demande_branchement
je voudrais entamer une procédure pour avoir l eau à domicile dans mon foyer où l eau est un peu sale pourquoi aidez moi svp,info_branchement
je veu brancher leau chez moi,demande_branchement
je ne comprends pas trop ce qui se passe chez moi es tce que vous pouvez m expliquer à peu près ça revient à combien sur toute l installation dans la maison je vous remercie,simulation_facture
qu est ce qu no demande pour un branchement ça dure depuis un bon moment pourquoi aidez moi svp,demande_branchement
quels papiers il faut déposer pour avoir l eau,documents_branchement
où puis je vs trouver physiquement je viens d emménager ici pourquoi veuillez m aider s il vous plaît,contact_service_client
je veux voir la liste de tous les documents disponibles,documents_branchement
quels documents pour réactiver l eau chez moi à adidogomé chez nous ici là pourquoi merci hein,documents_branchement
quelles sont les pièces justificatives pour une résiliation d abonnement,documents_branchement
honnêtement je suis un peu confus franchement je reviens au pays récemment ça me fatigue un peu,info_reabonnement
salut je voulais me renseigner sur quelque chose est ce que vous pouvez m expliquer présence de la tde dans mon quartier chez nous dans le quartier pardon pr le dérangement,info_generale_tde
depuis hier j ai un souci chez moi set ce que vous pouvez m expliquer l eau est partie dans mon foyre aidez moi svp,signaler_coupure
bonjour j aurais besoin d un renseignement s il vous plaît franchement franchement je veux savoir si on peut avoir de l eau dans mon quartier ça fait plusieurs juors maintenant ça me fatigue un peu svp j ai besoin d aide,zone_couverture
honnêtement je suis un peu confus franchement on consomme combien d eau ça me fatigue un peu,info_consommation_moyenne
le robinet donne eptit débit,signaler_basse_pression
honnêtement je suis un peu confus franchement par rapport à mon abonnement actuel ça me fatigue un peu,signaler_coupure
honnêtement je suis un peu confus est ce que vous pouvez m expliquer pouvez vous me dire l état d avancement de mon dossier où la pression est très faible merci,documents_branchement
je veux récupérer un document dans la maison que je viens de louer pourquoi merci d avance,demande_document
ça ne coule plus du tout,signaler_coupure
bonsoir je voulais juste comprendre quelque chose rapidement est ce que vous pouvez m expliquer salut je veux juste comprendre les étapes pour avoir l eau chez moi avant de faire une demande depuis ce matin svp j ai besoin d aide,info_branchement
je veu mabonner a leau,demande_abonnement
on souffre un peu ici j aimerais comprendre franchement svp aidez moi je veux savoir si mon dossier de branchement est en cours de traitement pr ma maison ça me fatigue un peu svp j ai besoin d aide,demande_branchement
ça coule doucement chez moi,signaler_basse_pression
quels documents sont disponibles pr les abonnés où l eau ne coule presque pas pourqoui svp,documents_branchement
c est important pour moi d avoir une solution eske que vous pouvez m expliquer je voudrais préparer mon dossier de résiliation pouvez vous me donner la litse des pièces où l eau est un peu sale,documents_branchement
je veux commnecer à payer l eau à mon nom,demande_abonnement
tde couvre ma zone,info_generale_tde
bonsoir ça peut paraitre simple mais je ne comprends pas bien votre rôle est ce que vous pouvez m expliquer clairement ce que fait la tde soceite togolaise des eaux au quotidien sur mon branchement actuel pourquoi je compte sur vs,info_generale_tde
je veux saovir si mon branchement est en cours,demande_branchement
y a l eau chez nous avec la tde dans mon quartier à lomé pourquoi merci d avance,info_generale_tde
ça devient compliqué pour moi en ce moment eske que vous pouvez m expliquer canalisation cassée à lomé chez moi même ici svp,signaler_fuite
je souhaite contester ma facture d eau,info_tarif
franchement je comprends rien chez nous ici là pourquoi svp,fallback
c est quels papiers qu il faut pour le branchement,demande_branchement
chef y a un problème ici chez nous franchement comment fonctionne un branchement d eau au niveau de mon compteur ça me fatigue un peu merci beaucoup,demande_branchement
ça devient compliqué pour moi en ce moment est ce que vous pouvez m expliquer liste des pièces demandées par la société togolaise des eaux pour remettre l eau depuis que je suis rentré à la maison svp j ai besoin d aide,documents_branchement
bonjour l eau coule très lentement chez moi pouvez vous vérifier la prsesion je suis nouveau dans cette zone pourquoi je vous reemrcie,zone_couverture
franchement je veu savoir comen leau devien potable au niveau de mon compteur depuis un moment ça me fatigue un peu,info_generale_tde
svp quelle est la consommation moyenne d eau pour un foyer normal pour ma maison pourquoi je vous remercie,info_consommation_moyenne
depuis que je suis rentré à la maison pourquoi je vous remercie,horaire_agence
franchement je veux connaître vos horaires de travail depuis hier soir pourquoi s il vous plaît,horaire_agence
j aimerais bien avoir des explications claires franchement de quels documents ai je besoin pr reprendre l eau chez moi à adidogomé depuis ce matin ça me fatigue un peu pardon pour le dérangement,documents_branchement
je veux savoir à peu près combien ça va coûter,info_tarif
comment se passe le branchement à la tde dans ma concession pourquoi merci hein,info_generale_tde
s il vous plaît c est assez urgent dans mon cas est ce que vous pouvez m expliquer vs faites comment pour envoyer l eau dans les maisons pour une famille de 5 personnes merci beaucoup,info_generale_tde
l eau sort du sol,signaler_fuite
svp j ai besoin de parler à quelqu un du service client pouvez vous me donner un numéro,contact_service_client
franchement consomer moin o dans mon quartier à lomé depuis quelques jorus ça me fatigue un peu je compte sur vous,zone_couverture
l eau est complètement coupée chez nous dans le quartier pourquoi,zone_couverture
bonjour j aurais besoin d un renseignement s il vous plaît franchement hein koi dans la zone où j habite actuellement ça me fatigue un peu merci d avance,zone_couverture
je veux mettre l eau sur mon nom là je reviens au pays récemment pourquoi svp,demande_abonnement
je souhaite mettre fin à mon contrat d eau,resiliation
c est important pour moi d avoir une soultion est ce que vous pouvez m expliquer documents nécessaires pour avoir l eau je suis nouveau dans cette zone je compte sur vous,documents_branchement
c est comment ça,fallback
franchement ça commence à m inquiéter est ce que vous pouvez m expliquer on peut avoir l eau ici dans ma nouvelle maison merci,zone_couverture
chef y a un probèlme ici chez nous est ce que vous pouvez m expliquer resiliation compteur eau ça dure depuis un bon mometn merci,resiliation
chef y a un problème ici chez nous est ce que vous pouvez m expliquer chez moi même ici je compte sur vous,info_generale_tde
éligibilité au branhcement avec la tde chez moi à adidogomé depuis ce matin opurquoi svp,info_generale_tde
comment sont fixés les prix de l eau,info_tarif
chez nous dans le quartier pourquoi s il vous plaît,zone_couverture
salut je voulais me renseigner sur quelque chose est ce que vous pouvez m expliquer arrêter mon contrat d eau dans mon foyer je compte sur vous,resiliation
liste des pèices pour remettre l eau en service,documents_reabonnement
je veux mettre à jour mon abonnement,modification_abonnement
je vous écris pour avoir des informations précises franchement o sale robinet pour mon habitation principale ça me fatigue un peu merci hein,signaler_eau_sale
franchement je ne comprends pas comment ça fonctionne franchement expliquez moi les tarifs appliqués par la société togolaise des eaux chez nous ici là ça me fatigue un peu aidez moi svp,info_tarif
consommation myoenne à lomé,info_consommation_moyenne
chez moi même ici pourquoi merci beaucoup,zone_couverture
bonjour j aurais besoin d un renseignement s il vous plaît franchement est ce que la tde couvre mon quartier nous sommes une graned famille ici ça me fatigue un peu svp,info_generale_tde
facture anormale chez nous dans le quartier pourquoi merci beaucoup,info_tarif
grand j ai un souci avec ça là est ce que vous pouvez m expliquer comment faire pour m abonner à l eau sur mon branchement actuel merci beaucoup,demande_branchement
on ne peut pas boire cette eau,signaler_eau_sale
je veux prendre un papier chez vous,demande_document
franchement ça commence à m inquiéter est ce que vous pouvez m expliquer combien d eau consomme une famille svp,info_consommation_moyenne
pièces pour arêrter le ocntrat pourquoi merci d avnace,documents_branchement
depuis hier j ai un souci chez moi franchement tuyau cassé près de chez moi ça dure depuis un bon moment ça me fatigue un peu merci d avance,signaler_fuite
mauvaise qualité d eau à la société togolaise des eaux je viens d emménager ici pourquoi,signaler_eau_sale
je veux appeler un agent,contact_service_client
franchement je ne comprends pas comment ça fonctionne franchement incident lié à la qualité de l eau où l eau ne coule presque pas ça me fatigue un peu svp j ai besoin d aide,signaler_eau_sale
honnêtement je suis un peu confus est ce que vous pouvez m expliquer optimiser l eau pour une famille de 5 personnes je reviens au pays récemment svp j ai besoin d aide,conseil_consommation
je ne comprends pas trop ce qui se passe chez moi franchement je veux activer un abonnement d eau dans mon logement dans ma concession ça me fatigue un peu,demande_abonnement
je veux venir à votre bureau,contact_service_client
s il vous plaît c est assez urgent dans mon cas franchement je souhaite faire une demande de document administratif sur toute l installation dans la maison ça me fatigue un peu s il vous plaît,documents_generaux
je suis vraiment fatigué de cette situation est ce que vous pouvez m expliquer tuyau percer o chez nous dans le quartier,zone_couverture
je vous écris pour avoir des informations précises franchmeent je veux passer à votre agence pour un renseignement où la pression est très faible ça me fatigue un peu merci d avance,contact_service_client
on souffre un peu ici j aimerais comprendre franchement on dit tde tde mais vous faites quoi concrètement dans mon foyer ça me fatigue un peu merci hein,info_generale_tde
procédure de modification d abonnement,info_branchement
franchement ça commence à m inquiéter est ce que vs pouvez m expliquer absence d eau dans ma zone nous sommes une grande famille ici merci d avance,zone_couverture
je suis vraiment fatigué de cette situation est ce que vs pouvez m expliquer changement de titulaire du compteur à la société togolaise des eaux chez moi à adidoogmé pardon pour le dérangement,modification_abonnement
mon logement est il éligible au réseau d eau,eligibilite_branchement
depuis hier j ai un souci chez moi franchement zone couverte à adidogomé chez moi où la pression est très faible depuis plusieurs jours ça me fatigue un peu merci d avance,zone_couverture
vous pouvez reformuler,fallback
bonjour excuse zmoi de vous déranger mais j ai une question franchement absence d eau dans mon quartier dans la zone où je viens d emménager ça me fatigue un peu aidez moi svp,zone_couverture
je peux faire kwa pour l eau,conseil_consommation
l eau est faible là,signaler_basse_pression
expliquez moi les frais sur ma consommation d eau,info_tarif
je voudrais une estimation réaliste de ce que je vais payre en eau selon ma consommation,simulation_facture
je souhaite installer l eau dans ma maison à lomé chez nous dans le quartier pourquoi pardon pour le dérangement,demande_branchement
je veu modifier mon abonnement,modification_abonnement
bonsoir je vs contacte parce que j ai une préoccupation eske que vous pouvez m expliquer svp donnez moi un numéro pour conatcter le service client dans mon qaurtier à lomé svp j ai besoin da ide,contact_service_client
c est imoprtant pr moi d avoir une solution franchement c est quels docuemnts qu il faut pour remettre l eau au niveau de mon compteur depuis un moment ça me fatigue un peu svp,documents_reabonnement
svp pouevz vous me dire quels papiers sont demandés pour arrêter mon contrat d eau,documents_resiliation
changer le titulaire du compteur dans la zone où j habite actuellement pourquoi,zone_couverture
franchement ça commence à m inquiéter eske que vous pouvez m expliquer est ce qu il y a de l eau dans ma zone pour ma maison mreci d avance,zone_couverture
je dois préparer quoi pour arrêter le contrat,documents_resiliation
bonsoir je voulais juste comprendre quelque chose rapidement est ce que vous pouvez m expliquer on peut avoir l eau ici dans un foyer avec plusieurs enfants,zone_couverture
franchement je veux mettre à jour les informations liées à mon abonnement d eau dans mon coin ici pourquoi merci beaucoup,modification_abonnement
je ne comprends pas ma facture de la tde ça fait plusieurs jours manitenant pourquoi,info_tarif
je voudrais entamer une procédure pour avoir l eau à domicile dans mon foyer,info_branchement
salut je voulais me renseigner sur quelque chose franchement ma demadne est bloquée ou ça avance je viesn d emménager ici ça me fatigue un peu merci hein,fallback
j aimerais bien avoir des exlpications claires est ce que vous pouvez m expliquer eau disponible dans ma zone je vous remercie,zone_couverture
salut il y a de l eau qui fuit devant chez moi pouvez vous vérifier,signaler_fuite
bonsoir je vous contacte parce que j ai une préoccupation franchement comment l eau est acheminée jusqu aux habitations chez nous dans le quartier ça me fatigue un peu s il vous plaît,zone_couverture
je veux modifier les infos de mon abonnement,modification_abonnement
quels documents pour un branchement chez moi à adidogomé où la pression est très faible pourquoi s il vous platî,demande_branchement
franchement je ne comprends pas comemnt ça fonctionne franchement au niveau des robinets chez moi ça me fatigue un peu,demande_document
est ce que vous fournissez de l eau dans ma zone,zone_couverture
s il vous plaît c est assez urgent dans mon cas est ce que vous pouvez m expliquer je veux récupérer mon document chez vous dans mon quartier à lomé je compte sur vous,demande_document
on souffre un peu ici j aimerais comprendre est ce que vous pouvez m expliquer quel dossier dois je constituer pour résilier mon contrat depuis hier soir je vous remercie,documents_branchement
on souffre un peu ici j aimerais comprendre est ce que vous pouevz m expliquer ça ne cuole plus du tout depuis que je suis rentré à la maison,signaler_coupure
bonnes pratiques pour une consommation d eau responsable dans la zone où j habite actuellement pourquoi merci hein,zone_couverture
on n a pas deau depusi plusieurs heures,horaire_agence
je ne comprends pas trop ce qui se pases chez moi franchement modifier les informations de mon abonnement au niveau des robinets chez moi ça me fatigue un peu,modification_abonnement
j ai vraiment besoin d une réponse rapide franchement l eau n est pas propre récememnt j ai commencé à remarquer ça ça me fatigue un peu merci hein,fallback
salut je veux savoir quesl documents je peux obtenir auprès de vous pour ma maison pourquoi pardon pour le dérangement,documents_branchement
je vous écris pr avoir des informations précises ets ce que vous pouvez m expliquer je veux l eau chez moi avec un abonnement à mon nom dans ma zone de résidence merci,zone_couverture
il y a de l eau mais la pression est très faible,signaler_basse_pression
je vous écris pour avoir des informations précises eske que vous pouvez m expliquer svp aidez moi à savoir si mon habitation est éligible pour mon habitation principale padron pour le dérangement,eligibilite_branchement
bonjour j aurais besoin d un renseignement s il vous platî franchement je ne comprends pas les montants qu on me demande de payer dans ma concession ça me fatigue un peu svp,info_tarif
ça fait plusieurs jours que j ai un problème est ce que vous pouvez m expliquer une famille utilise combien d eau dans ma zone de résidence aidez moi svp,zone_couverture
je suis un peu perdu par rapport à tout ça franchement on fait comment pour réactiver ça me fatigue un peu svp,documents_reabonnement
je veux faire le nécessaire pour avoir l eau,demande_branchement
quelles sont les étapes pour raccorder une maison à l eau on est environ 4 à utiliser l eau pourquoi veuillez m aider s il vs plaît,info_branchement
hein là où je suis actuellement pourquoi merci,fallback
ça fait plusieurs jours que j ai un problème eske que vs pouvez m expliquer quel dossier dois je préparer pour un raccordement au niveua des robinets chez moi svp j ai besoin d aide,demande_branchement
comment faire pour l eau chez moi avec ma famille pourquoi pardon pour le dérangement,conseil_consommation
arrêter mon contrat d eau je viens juste de prendre la maison pourquoi,resiliation
eau qui fuit dans la rue on est plusieurs à la maison pourquoi je vous remercie,signaler_fuite
je vous écris pour avoir des informations précises franchement debit eau faible depuis que je suis rentré à la maison ça me fatigue un peu je vous remercie,signaler_basse_pression
on souffer un peu ici j aimerais comprendre franchement couverture dans mon quartier pr mon habitation principale ça me fatigue un peu aidez moi svp,zone_couverture
quels sont vos horaires,horaire_agence
procédure de réabonnement,info_branchement
je suis un peu perdu par rapport à tout ça franchement débit d eau anormalement failbe ça me fatigue un peu aidez moi svp,signaler_basse_pression
bonjour svp l eau coule très lentement chez moi pouvez vous vérifier merci,signaler_basse_pression
bonjour excusez moi de vs déranger mais j ai une question est ce que vous pouvez m expliquer demande de vérification de faisabilité de raccordement on est plusieurs à la maison,demande_branchement
je doi fournir koi pour remetre leau,documents_reabonnement
ma demande de branchement est rendue où,demande_branchement
ça fait plusieurs jours que j ai un problème franchement leau coule lenteman au niveau de mon escteur ici ça me fatigue un peu aidezm oi svp,signaler_basse_pression
bonsoir je vs contacte parce que j ai une préoccupation franchement là où je suis actuellement ça me fatigue un peu aidez moi svp,conseil_consommation
donnez moi un document officiel,demande_document
depuis hier j ai un souci chez moi franchement fuit deau dans ma nouvelle maison ça me fatigue un peu svp j ai besoin d aide,signaler_fuite
où en est ma demande faite pour mon terrain,suivi_demande_branchement
on souffre un peu ici j aimerais comprendre franchement récemment j ai commencé à remarquer ça ça me fatigue un peu merci,signaler_coupure
combien o famille,info_consommation_moyenne
bonsoir je voulais juste comprendre quelque chose rapidement est ce que vous pouvez m expliquer je souhaite signaler une fuiet d eau où on a souvent des coupures merci d avance,signaler_coupure
o qui fuit dans la rue chez moi à adidogomé depuis ce matin pourquoi aidez moi svp,signaler_fuite
salut je veux transférer l abonnement à mon nom car j occupe maintenant la maison ça fait plusieurs jours maintenant pourquoi merci hein,fallback
franchement présence de la tde dans mon quartier depuis que je suis rentré à la maison ça me fatigue un peu svp j ai besoin d aide,info_generale_tde
bonjour il y a une fuite d eau importante devant chez moi pouvez vous intervenir,signaler_fuite
quels papiers il faut déposer pour avoir l eau au nivaeu des robinets chez moi pourquoi,documents_branchement
j ai vraiment besoin d une réponse rapide franchement l eau est complètement coupée depuis quelques jours déjà ça me fatigue un peu je compte sur vs,signaler_coupure
procédure de réabonnement à la société togolaise des eaux dans ma maison avec ma famille depuis hier pourquoi merci beaucoup,info_branchement
je veux m abonner à la tde dans un foyer avec plusieurs enfants pourquoi je vous remercie,info_generale_tde
optimiser utilisation deau,conseil_consommation
comment se réabonner à la tde dans la maison que je viens de louer pourquoi pardon pour le dérangement,info_generale_tde
c est pas clair là,fallback
donnez moi les documents que vous avez chez moi avec ma famille pourquoi,documents_branchement
franchement ça commence à m inquiéter est ce que vous pouvez m expliquer ma facture à la tde est trop élevée par rapport à mon abonnement actuel,reclamation_facture
bonjour j aurais besoin d un renseignement s il vous plaît franchement chez moi avec ma famille ça me fatigue un peu s il vs plaît,documents_generaux
comment remettre leau apres coupur,info_reabonnement
j ai vraiment besoni d une réponse rapide est ce que vous pouvez m expliquer svp j ai besoin de parler à quelqu un du service client pouvez vous me donner un numéro dans ma maison avec ma famille depuis hier aidez moi svp,contact_service_client
bonjour j aurais besoin d un renseignement s il vs plaît franchement comment éviter gaspillage eau je viens d emménager ici ça me fatigue un peu,conseil_consommation
franchement branchement possible ici ça me fatigue un peu,demande_branchement
je veux récupérer un justificatif là où je suis actuellement pourquio s il vous plaît,demande_document
ou se trouve votre agence,contact_service_client
comment consommer moins d eau,conseil_consommation
salut je voulais me renseigner sur quelque chose est ce que vous pouvez m expliquer je souhaite vérifier l éligibilité de mon habitation au branchement d eau chez moi à adidogomé je compte sur vous,demande_branchement
possibilité de branchemetn dans mon foyer dans ma maison avec ma famille depuis hier pourquoi merci,eligibilite_branchement
je ne comprends pas le montant qu on m a facturé au niveau des robniets chez moi pourquoi merci,reclamation_facture
problème sur ma facture avec la société togolaise des eaux,info_tarif
donnez moi une idée du montant à payer au niveau de mon compteur pourquoi je compte sur vous,simulation_facture
quand ouvrir bureau tde je suis nouveau dans cette zone pourquoi pardon pour le dérangement,info_generale_tde
il n y a rien qui sort,signaler_coupure
je veux connaître le stattu de ma demande à la soicété togolaise des eaux,suivi_demande_branchement
heure ouverture bureau,horaire_agence
franchement ça commence à m inquiéter franchement problème de coupure d eau avec la société togolaise des eaux chez moi à adidogomé depuis ce matin ça me fatigue un peu merci d avance,signaler_coupure
problème de qualité de l eau distribuée,signaler_eau_sale
comment faire pr remettre mon eau en service,info_reabonnement
je veu apel un agent,contact_service_client
je doi fournir koi pour resilier,documents_resiliation
expliquez moi juste votre fonctionnement pas une demande de service depuis ce matin pourquoi aidez moi svp,info_generale_tde
s il vous plaît pouvez vous m aider à comprendre franchement vous gréez quoi exactement dans le pays dans notre quartier ici à tokoin ça me fatigue un peu merci d avance,zone_couverture
bonsoir je vous contacte parce que j ai une préoccupation franchement l eau est bizarre sur toute l installation dans la masion ça me fatigue un peu svp,signaler_eau_sale
vous avez quels documents je reviens au pays récemment pourquoi merci,documents_branchement
comment on fait pour avoir l eau à la maison,info_branchement
honnêtement je suis un peu confus franchement canalisation casse eau ça me fatigue un peu je compte sur vous,signaler_fuite
faible pression d eau dans ma zone de résidence pourquoi merci beaucoup,signaler_basse_pression
c est quels papiers vous avez là pour mon habitation principale pourquoi je compte sur vous,documents_generaux
je souhaite des conseils pour mieux gérer ma consommation d eau,conseil_consommation
je veux appeler un agent dans mon quartier à lomé depuis quelques jours pourquoi s il vous plaît,zone_couverture
bonjour svp je voudrais connaître tous les documents que vous proposez aux clients merci,documents_branchement
comment améliorer ma consommation,conseil_consommation
je veux voir l évolution de ma demande,suivi_demande_branchement
je veux voir l évolution de ma demaned chez moi à adidogomé depuis ce matin pourquoi aidez moi svp,suivi_demande_branchement
j aimerais bien avoir des explications claires franchement récemment j ai commencé à remarquer ça ça me fatigue un peu aidez moi svp,info_consommation_moyenne
bjr svp je voudrais savoir si ma zone est couvrete par la tde merci au niveau de mon secteur ici pourquoi merci,info_generale_tde
je vs écris pour avoir des informations précises franchement on donne quoi pour arrêter l eau nous sommes une grande famille ici ça me fatigue un peu svp j ai besoin d aide,documents_resiliation
jours de travali de la société togolaise des eaux chez moi même ici pourquoi svp j ai besoin d aide,horaire_agence
possibilité de branchement dans mon foyer,demande_branchement
facture tro cher,info_tarif
franchement je veux avoir une idée de tous les documents que vous fournissez aux clients dans ma maison avec ma famille depuis hier pourquoi je compte sur vous,documents_branchement
je peux avoir mon papier depuis que je suis rentré à la maison pourquoi aidez moi svp,demande_document
je veux comprendre la procédure pr une maison,info_branchement
quartiers desservsi à lomé,zone_couverture
bonjoru excusez moi de vous déranger mais j ai une question est ce que vous pouvez m expliquer je veux connaître les prix de l eau sur mon branchement actuel svp j ai besoin d aide,info_tarif
où en est mon dossier dans la maison que je viens de louer pourquoi merci,suivi_demande_branchement
est ce que vous pouvez m expliquer svp aidez moi je veux obtenir un document concernant mon abonnement pr mon habitation principale,demande_document
installer un compteur chez moi là où je suis actuellement pourquoi je compte sur vous,demande_branchement
je suis un peu perdu par rapport à tout ça franchmeent ma zone a de l eau je viens juste de prendre la maison ça me fatigue un peu merci d avance,zone_couverture
s il vous plaît c est assez urgent dans mon cas franchement mon terrain est il éligible à un branchement ça dure depuis un bon moment ça me fatigue un peu svp,demande_branchement
je dois préparer quoi pour que l eau revienne dans la maison que je viens de louer pourquoi je vous remercie,documents_reabonnement
depuis hier j ai un souci chez moi franchement procedure pr remetre leau chez moi à adidogomé ça me fatigue un peu merci d avance,info_reabonnement
bonsoir je voulais juste comprendre quelque chose rapidement est ce que vous pouvez m expliquer svp pouvez vous m aider à changer le nom du titulaire du compteur dans ma cocnession merci hein,fallback
on fait comment pour remettre l eau là,info_reabonnement
on souffre un peu ici j aimerais comprendre est ce que vous pouvez m expliquer réduire consommation eau à adidogomé chez nous dans le quartier veuillez m aider s il vous plaît,zone_couverture
bonjour excusez moi de vs déranger mais j ai une question est ce que vous pouvez m expliquer quels papiers fournir à la tde pour arrêter mon contrat je reviens au pays récemment,info_generale_tde
depuis hier j ai un souci chez moi est ce que vous pouvez m expliquer donnez moi la liste des documents administratifs merci,documents_generaux
je veux changer le nom sur le compteur,modification_abonnement
mon dossier est traité ou pas encore où on a souvent des coupures pourquoi merci,documents_branchement
svp je veux installer un compteur d eau chez moi pouvez vous m aider à faire la demande dans mon quartier à lomé pouqruoi merci,demande_branchement
svp pouvez vous me odnner la liste complète des documents disponibles à la société togolaise des eaux,documents_branchement
je voudrais comparer ma consommation avec la moyenne où on a souvent des coupures pourquoi je compte sur vous,signaler_coupure
franchement je ne comprends pas comment ça fonctionne franchement svp pouvez vous me dire quels papiers sont nécessaires pour constituer un dossier de raccoredment à l eau ça dure depuis un bon mometn ça me fatigue un peu,documents_branchement
bonsoir je voulais juste comprendre quelque chose rapidemnet franchement je voudrais savoir si mon terrain peut être raccordé au réseau d eau dans la maison que je viens de louer ça me fatigue un peu merci,eligibilite_branchement
je veux vaoir une idée du montant de ma facture je viens juste de prendre la maison poruquoi,info_tarif
est ce que vs pouvez m expliquer liste des document pour resiliation dans la maison que je viens de louer merci hein,demande_document
bonjour je voudrais comprendre les différentes étapes pour faire un branchement d eau dans une maison,demande_branchement
ouvrire un aboenment deau sur otute l installation dans la maison pourquoi merci hein,horaire_agence
bonsoi r je voulais juste comprendre quelque chose rapidement est ce que vous pouvez m expliquer je demande la résiliation de mon contrat depuis quelques jours déjà,documents_resiliation
j ai vraiment besoin d une réponse rapide franchement une famille utilise combien d eau dans la zone où j habite actuellement ça me fatigue un peu merci beaucoup,zone_couverture
c est quoi la procédure pour ouvrir un abonnement à la tde,info_generale_tde
bonsoir je voulais juste comprendre quelque chose rapidement franchement comment rouvrir mon abonnement d eau au niveau de mon compteur ça me fatigue un peu svp j ai besoin d aide,horaire_agence
je veux entamer les démarches pour un raccordement par rapport à mon abonnement actuel pourquoi svp j ai besoin d aide,demande_branchement
s il vous plaît c est assez urgent dans mon cas est ce que vous pouvez m expliquer coupez mon abonnement dans ma zone de résiednce merci hein,zone_couverture
franchement franchement je veux savoir si on peut avoir de l eau dans mon quartier chez moi même ici ça me fatigue un peu aidez moi svp,zone_couverture
optimiser utilisation eau par rapport à mon abonnement actuel pourquoi,conseil_consommation
bonjour j aurais besoni d un renseignement s il vous plaît francheemnt je ne veux pas remettre mon eau je veux comprendre comment elle est traitée dans ma nouvelle miason ça me fatigue un peu,info_generale_tde
comment vous purifiez l eau potable chez nous dans le quartier pourquoi,zone_couverture
s il vous plaît pouvez vous m aider à comprnedre est ce que vous pouvez m expliquer coment vous traiter leau on est enivron 4 à utiliser l eau je vous remercie,info_generale_tde
bonsoir je voulais juste comprendre queluqe chose rapidement franchement quels documents officiels sont fournis par la société dans la maison que je viens de louer ça me ftaigue un peu svp,documents_branchement
s il vous plaît pouvez vous m aider à comprendre franchement l eua ne sort plus du roibnet on est plusieurs à la maison ça me fatigue un peu s il vous platî,signaler_coupure
statistiques de consommation d eau domestique depuis hier soir pourquoi je vous remercie,info_consommation_moyenne
je ne comprends pas trop ce qui se passe chez moi franchement explique encore je reviens au pays récemment ça me fatigue un peu pardon pour le dérangement,fallback
svp aidez moi je veux comprendre touet la procédure pour avoir l eau à domicile,info_branchement
svp pouvez vous me dire quels papiers sont nécessaires pour constituer un dossier de raccordement à l eau,demande_branchement
je ne comprends pas trop ce qui se passe chez moi eske que vous pouvez m expliquer comment ça on est plusieurs à la maison mecri hein,fallback
grand j ai un souci avec ça là est ce que vous pouevz m expliquer quels papiers il faut déposer pour avoir l eau je suis nouveau dans cette zone merci beaucoup,zone_couverture
,signaler_coupure
donnez moi un document,demande_document
depuis hier j ai un souci chez moi est ce que vous pouvez m expliquer procedure pour remetre leau dans mon foyer je compte sur vous,info_reabonnement
je suis un peu perdu par rapport à tout ça franchement salut il y a de l eau qui fuit devant chez moi pouvez vous vérifier on est plusierus à la maison ça me fatigeu un peu,signaler_fuite
comment ça,fallback
comment faire pour l eau,conseil_consommation
c est quoi la procédure pour ouvrir un abonnement à la tde,info_generale_tde
on souffre un peu ici j aimerais comprendre franchement franchement ça devient compliqué sans o je veux savoir uqels papiers il faut pr remettre l eau ça me fatigue un peu,documents_reabonnement
franchement je veux éviter les allers retours dites moi tous les documents nécessaires pour un branchement pourquoi s il vous plaît,demande_branchement
l eau là ça peut me cûoter combien par mois où l eau ne coule presque pas pourquoi merci hein,fallback
statistiques de consommation eau société togolaise des eaux,info_consommation_moyenne
modifier les informations liées à mon abonnement,modification_abonnement
quels sont vos documents,documents_branchement
grand j ai un souci avec ça là franchement chnager les informations de mon compteur dans mon foyer chez moi avec ma famille ça me fatigue un peu merci,modification_abonnement
ifnormation sur les heures de fonctionnement des bureaux,horaire_agence
je ne comprends pas trop ce qui se passe chez moi est ce que vous pouvez m expliquer franchement je veux tout préparer à l avance dites moi quels papiers sont demandés pour un branchement au niveau de mon compteur depuis un moment je compte sur vous,demande_branchement
je souhaite un raccordement à la sociéét togolaise des eaux,demande_branchement
zones desservies par la société togolaise des eaux,zone_couverture
piece pour arreetr contrat,documents_resiliation
je veu recupeerr mon document où l eau est un peu sale pourquoi merci d avance,demande_document
je suis un peu perdu par rapport à tout ça est ce que vous pouvez m expliquer salut je n ai pas compris ce que vous avez dit chez moi à aiddogomé depuis ce matin svp j ai besoin d aide,fallback
je veux un justificatif pour mon compteur dans mon quartier où l eau est un peu sale poruquoi,demande_document
franchement ça commnece à m inquiéter est ce que vs pouvez m expliquer je veux comprendre la tde la société togolaise des eaux exactement chez moi à adidogomé depuis ce matin,info_generale_tde
je ne ocmprends pas trop ce qui se psase chez moi est ce que vous pouvez m expliquer expliker moi votre systeme de distribution nous sommes une grande famille ici,info_generale_tde
franchement la pression d eau est trop faible ça devient difficile,signaler_basse_pression
fracnhement ça commence à m inquiéter franchement l eau coule lentement à lomé pour une famille de 5 personnes ça me fatigue un peu je vous ermercie,signaler_basse_pression
quels papiers pour arrêter mon abonnement,documents_resiliation
zones desservies par la société togolaise des eaux où la pression est très faible pourqoui,zone_couverture
je suis vraiment fatigué de cetet situation est ce que vous pouvez m expliquer je peux avoir l eau ici au niveau de l installation d eau je vs remercie,eligibilite_branchement
liste des pièces à fournir pour le raccordement dans mon quarteir à lomé depuis quelques jours pourquoi je compte sur vous,demande_branchement
qu est ce qu on demande pour un branchement au niveau des robinets chez moi pourquoi,demande_branchement
franchement ça commence à m inquiéter franchement je souhaite mettre à jour les informations de mon conrtat dans mon quartier à lomé depuis quelques jousr ça me fatigue un peu veuillez m aider s il vous plaît,zone_couverture
depuis hier j ai un souci chez moi eske que vous pouvez m expliquer possibilité de raccordement à la société togolaise des eaux depuis quelques jours déjà merci da vance,demande_branchement
franchement ça sort sale au robinte où l eau ne coule presque pas ça me fatigue un peu aidez moi svp,signaler_eau_sale
je veux savoir si ça évolue dans la zone où je viens d emménager pourquoi,zone_couverture
honnêtement je suis un peu confus est ce que vous puovez m expliquer svp expliquez moi en détail la tarification de l eau parce que je ne comprends pas comment les prix sont calculés au niveau de mon compteur merci d avance,info_tarif
piece pr remetre leau chez moi à adidogomé depuis ce matin pourquoi merci d avance,documents_reabonnement
ça coule mal,signaler_basse_pression
bonjour svp je souhaite résilier mon abonnement d eau pouvez vous me dire quels documents fournir merci chez moi avec ma famille pourquoi aidez moi svp,documents_branchement
franchement ça commence à m inquiéter est ce que vous pouvez m expliquer je veux prendre l eau à mon nom chez vous pour ma maiosn s il vous plaît,demande_abonnement
horaire travail tde,info_generale_tde
je veux créer un abonnement chez vous dans la zone où je viens d emménager pourquoi s il vous plaît,zone_couverture
chef y a un problème ici chez nous est ce que vous pouvez m expliquer vos prix d eau là c est comment au niveau de mon compteur,info_tarif
c est important pour moi d avoir une solution est ce que vous puovez m expliquer canalisation cassée à lomé on est plusieurs à la maison pardon pour le dérangement,signaler_fuite
on peut demander quels papiers chez vous,documents_generaux
s il vous plaît pouvez vous m aider à comprendre est ce que vous pouvez m expliquer là où je suis actuellement merci d avance,conseil_consommation
l eau est sale,signaler_eau_sale
je vous écris pour avoir des informations précises franchement coupure d eau à lomé dans ma nouvelle maison ça me fatigue un peu,signaler_coupure
hein,fallback
je suis un peu perdu par rapport à tout ça franchement comment avoir ma facture d eau à lomé dans mon coin ici ça me fatigue un peu mreci d avance,info_tarif
s il vous plaît pouvez vous m aider à comprendre franchement je voudrais installer un compteur d eau chez moi avec ma famille ça me fatigue un peu s il vous plaît,demande_branchement
le montant de ma facture semble incorretc au niveau des robinets chez moi pouruqoi merci beaucoup,info_tarif
l eau n est pas propre je viens d emménager ici pourquoi,signaler_eau_sale
franchement je ne comprends pas comment ça fonctionne est ce que vs pouvez m expliquer eau de mauvaise qualité dans la zone où j habite actuellement merci d avance,zone_couverture
j aimerais bien avoir des explications claires ets ce que vs pouvez m expliquer conditions de réabonnement dans mon coin ici aidez moi svp,documents_reabonnement
on souffre un peu ici j aimerais comprendre est ce que vous pouvez m expliquer je souhaite vérifier si ma zone est desservie par le réseau d eau au niveau des robinets chez moi,zone_couverture
ça devient compliqué pour moi en ce moment franchement sur toute l installation dans la maison ça me fatigue un peu je vous remercie,documents_branchement
ça fait plusieurs jousr que j ai un rpoblème franchement c est quoi le traitement de l eau à la tde dans notre quartier ici à tokoin ça me fatigue un peu pardon pour le dérangement,info_generale_tde
bonsoir je vs contacte parec que j ai une préoccupation franchement comment réactiver mon abonnemetn dans mon coin ici ça me fatigue un peu veuillez m aider s il vous plaît,documents_reabonnement
combien d eau une maison utilise par mois depuis hier soir pourquoi veuillez m aider s il vous plaît,info_consommation_moyenne
s il vous plaît c est sasez urgent dans mon cas franchement svp pouvez vous m aider à changer le nom du titulaire du compteur dans ma maison avec ma famille depuis hier ça me fatigue un peu je compte sur vous,modification_abonnement
je ne comprends pas trop ce qui se passe chez moi franchement le système de distribution d eau fonctionne comment chez vous depuis quelques jours déjà ça me fatigue un peu svp,info_generale_tde
comment éviter gaspillage eau au niveau des robinets chez moi pourquoi merci,conseil_consommation
franchement ça commence à m inquiéter set ce que vous pouvez m expliquer je dois fournir quoi pour arrêter l eau dans la maison que je viens de louer svp j ai besoin d aide,documents_resiliation
salut je voulais me renseigner sur quelque chose est ce que vs pouvez m expliquer expliquez moi les prix là j ai pas copmris dans la zone où j habite actuellement merci beaucoup,info_tarif
je suis un peu perdu par rapport à tout ça est ce que vs pouvez m expliquer je veu savoir si jai leau svp,eligibilite_branchement
grand j ai un souci avec ça là est ce que vous pouvez m expliquer je souhaite transférer l abonnement à mon nom car j ai repris la maison dans mon quartier à lomé je vs remercie,zone_couverture
donnez moi mon document là,demande_document
bonsoir je voulais juste comprendre quelque chose rapidement franchement je veux savoir si je peux avoir l eau chez moi dans ma nouvelle maison ça me fatigue un peu veuillez m aider s il vous plaît,eligibilite_branchement
franchement je ne comprends pas comment ça fonctionne est ce que vous pouvez m expliquer on ne peut pas boire cette o pour mon habitation principale,signaler_eau_sale
conseils pour une gestion efficace de l eau,conseil_consommation
ma factrue est trop chère là dans mon foyer pourquoi veuillez m aider s il vous plaît,reclamation_facture
c est important pour moi d avoir une solution rfanchement dcouments nécessaires pour réabonnement à la société togolaise des eaux au niveau des robinets chez moi ça me fatiuge un peu,documents_reabonnement
quels papiers il faut déposer pour stopper l abonnement,documents_resiliation
bonsoir je souhaite avoir des informations détaillées sur la procédure de raccordement à l eau potable où l eau ne coule presque pas pourquoi merci hein,demande_branchement
une famille consomme combien d eau en moyenne chez moi même ici pourquoi,info_consommation_moyenne
est ce que vous pouvez m expliquer je veux autre chose chez moi même ici,fallback
je veux arrêter l eau dans mon foyer,resiliation
où est située votre agence où l aeu ne coule presque pas pourquoi meric,contact_service_client
franchement je souhaite faire une demande de document administratif pouvez vous m indiquer comment faire pr ma maison ça me fatigue un peu merci hein,documents_generaux
j ai vraiment besoin d une réponse rapide est ce que vous pouvez m expliquer je voudrais préparer mon dossier de résiliation pouvez vous me donner la liste des pièces chez moi à adidogomé pardon pr le dérangement,documents_branchement
vous pouvez expliquer mieux ça dure depuis un bon moment pourquoi s il vous plaît,fallback
s il vous plaît pouvez vous m aider à comprendre franchement franchement avant de fiare une demande je veux voir tous les documents disponibles dans mon quartier à lomé ça me fatigue un peu merci hein,documents_branchement
quels typse de documents proposez vous chez moi à adidogomé pourquoi merci d avance,documents_branchement
je suis vraiment fatigué de cette situation franchement expliquez moi les coûts liés à l eau pour mon habitation principale ça me fatigue un peu svp j ai besoin d aide,info_tarif
je ne comprends pas ma facture de la tde,info_tarif
svp pouvez vous me dire quels papeirs sont nécessaires pour constituer un dossier de raccordement à l eau pourquoi je vs reemrcie,demande_branchement
résilier mon contrat d eau,resiliation
grand j ai un souci avec ça là est ce que vous pouvez m xepliquer liste des documents de la société togolaise des eaux depuis quelques jours déjà merci hein,documents_branchement
je veux modifier les infos de mon abonnement,modification_abonnement
quelles sont les étapes pr une remise en service de l eau,info_branchement
on paie l eau comment chez vous depuis quelques jours déjà pourquoi,info_tarif
où la pression est très faible pourquoi merci,demande_branchement
bonjour svp l eau est sale chez moi pouvez vous vérifier merci,signaler_eau_sale
l eau est bizarre sur toute l installation dans la maison pourquoi,signaler_eau_sale
mon dossier avance comment je suis nouveau dans cette zone pourquoi merci hein,documents_branchement
l eau coule très doucement,signaler_basse_pression
salut je veux juste une idée du montant que je vais payer pr l eau en fonction d une consommation normale au niveau des robinets chez moi pourquoi merci hein,fallback
vous avez quels documents,documents_branchement
eau de mauvaise qualité,signaler_eau_sale
liste des odcuments que je peux obtenir chez moi à adidogomé pourquoi svp,documents_generaux
ça devient compliqué pour moi en ce moment rfanchement ça ne coule pas je suis nouveau dans cette zone ça me fatigue un peu svp j ai besoin d aide,zone_couverture
combien je peux payer pour l eau dans ma maison chaque mois,info_tarif
expliquez moi les prix là j ai pas compris,info_tarif
je vous écris pour avoir des informations précises eske que vous pouvez m expliquer je peux avoir quels types de papiers au niveau de l installation d eau merci d avance,documents_generaux
bonsoir je veux arrêter mon contrta d eau pouvez vous m aider,resiliation
je voudrais savori comment faire un branchement d eau au niveau de mon compteur pourquoi,demande_branchement
s il vous platî pouvez vous m aider à comprendre est ce que vs pouvez m expliquer ça fuit quelque part je viens d emménager ici svp j ai besoin d aide,signaler_fuite
quelles sont les étapes pour une remise en service de l eau depuis quelques jours déjà pourquoi merci beaucoup,info_branchement
bonjour excusez moi de vous déranger mais j ai une question franchement bonjour je n ai plus d eau chez moi edpuis ce matin pouevz vous vérifier chez nous ici là ça me fatigue un peu mecri hein,fallback
les étapes pour avoir l eau,info_branchement
grand j ai un souci avec ça là franchement je veux avoir l eau chez moi comment faire dans ma nouvelle maison ça me fatigue un peu merci d avance,demande_branchement
salut je voulais me renseigner sur quelque chose eske que vous pouvez m expliquer ma zone est elle éligible pour ma maison pardon pr le dérangement,zone_couverture
je suis vraiment fatigué de cette situation franchement svp aidez moi il y a une grosse fuite d eau près de chez moi sur toute l installation dans la maison ça me fatigue un peu svp j ai besoin d aide,signaler_fuite
ça coule doucement chez moi,signaler_basse_pression
horaires scoiété togolaise des eaux,horaire_agence
je veux des informations claires sur la façon dont vous organisez l approvisionnement en eau au togo dans ma nouvelle maison pourquoi,info_generale_tde
je veux résilier mon abonnement à adidogomé,resiliation
ça fait plusieurs jours que j ai un problème est ce que vous pouvez m expliquer comment ça marche pour avoir l eau où l eau ne coule presque pas svp,info_branchement
on a fait quoi avec mon branchement,demande_branchement
quels sont les tarifs de l eau au niveau de l installation d eau pourquoi pardon pour le dérangement,info_tarif
dans mon foyer pourquoi,demande_document
grand j ai un souci avec ça là est ce que vs pouvez m expliquer quels documents pour réactiver l eau chez moi à adidogomé depuis que je suis rentré à la maison s il vs plaît,documents_branchement
bonjour j aurais besoin d un renseignement s il vous plaît franchement c est inutile comme réponse dans notre quartier ici à tokoin ça me fatigue un peu je compte sur vous,zone_couverture
combien je risque de payer pour ma consommation d eau au niveau de mon secteur ici pourquoi svp j ai besoin d aide,simulation_facture
j ai vraiment besoin d une réponse rapide franchement chez moi à adidogomé depusi ce matin ça me fatigue un peu merci beaucoup,conseil_consommation
je vous écris pour avoir des informations précises franchement bjr svp je souhaite résilier mon abonnement d eau pouvez vous me dire quels documents fournir merci chez moi où la pression est très faible depuis plusieurs jours ça me fatigue un peu merci d avance,documents_branchement
franchement ça commence à m inquiéter eske que vous pouvez m expliquer je veu voir les document que vous avez dans un foyer avec plusieurs enfants je compte sur vous,demande_document
c est important pour moi d avoir une solution est ce que vous pouvez m expliquer donnez moi une idée du montant à payer pour ma maison pardon pour le dérangement,simulation_facture
bonsoir je vous contacte parce que j ai une préoccupation est ce que vous pouvez m expliquer je veux des détails sur les frais d eau dans la zone où j habite actuellement svp,zone_couverture
où la tde fournit de l eau,info_generale_tde
on souffre un peu ici j aimerais comprendre est ce que vous pouvez m expliquer documents nécessaires pour mon foyer dans mon coin ici je vs remercie,documents_branchement
comment se passe le branchement à la tde,info_generale_tde
depuis hier j ai un souci chez moi eske que vous pouvez m expliquer combien coûte l eau pr une famille de 5 personnes à lomé sur toute l installation dans la maison merci hein,info_tarif
on souffre un peu ici j aimerais comprendre franchement quels documents sont exigés pr réactiver un abonnement d eau je suis nouveau dans cette zone ça me fatigue un peu pardon pour le dérangement,documents_branchement
je suis perdu au niveau de mon compteur pourquoi merci,fallback
document pour resiliation deau au niveau de l installation d eau pourquoi merci,demande_document
grand j ai un souci avec ça là franchement svp il y a de le au mais la pression est vraiment trop fiable pour une utilisation normale nous sommes une grande famille ici ça me fatigue un peu aidez moi svp,signaler_basse_pression
eske que vous pouvez m expliquer signalement d une o impropre à la consommation dans un foyer avec plusieurs enfants s il vous plaît,signaler_eau_sale
je souhaite signaler une coupure d eau chez moi à adidogomé pourquoi je vous remercie,signaler_coupure
franchement je suis un peu perdu pouvez vous m expliquer comment fonctionne le branchement d eau ça dure depuis un bon moment pourquoi je compte sur vous,demande_branchement
kel papier pour abonnement o,documents_branchement
j aimerais bien vaoir des explications claires eske que vous pouvez m expliquer je veux venir à votre bureau au niveau de l installation d eau merci davance,contact_service_client
eau sale dans mon foyer,signaler_eau_sale
grand j ai un souci avec ça là franchement je souhaite mettre fin à mon abonnement d eau par rapport à mon abonnement actuel ça me fatigue un peu merci,resiliation
s il vous plaît pouvze vous m aider à comprendre franchement documents nécessaires pour réactiver l eau là où je suis actuellement ça me fatigue un peu aidez moi svp,documents_branchement
comment faire pour avoir l eau chez moi dans mon coin ici pourquoi padron pour le dérangement,info_branchement
aidez moi à mettre l eau chez moi,demande_branchement
estimez ma facture pour une maison à adidogomé,info_tarif
on n a pas deau depuis plusieurs heures,horaire_agence
s il vous plaît c est assez urgent dans mon cas est ce que vous pouvez m expliquer bjr je voudrais comprendre les différentes étapes pour faire un branchement d eau dans une maison depuis que je suis rentré à la maison,demande_branchement
on souffre un peu ici j aimerais comprendre est ce que vous pouvez m expliquer procéder à la fermeture de mon compteur d eau depuis quelques jours déjà,resiliation
franchement il y a beaucoup d eau qui se perd à cause d une fuite près de chez moi chez moi à adidogomé pourquoi merci hein,signaler_fuite
quels documents pour réactiver l eau chez moi à adidogomé je viens juste de prendre la maison pourquoi je vous remercie,documents_branchement
chef y a un problème ici chez nous franchement on est plusieurs à la maison ça me fatigue un peu svp,reclamation_facture
je ne comprends pas ma facture à lomé,info_tarif
je suis un peu perdu par rapport à tout ça est ce que vs pouvez m expliquer quels documents sont disponibles pour les abonnés dans la zone où j habite acteullement merci beaucoup,documents_branchement
ça fait plusieurs jours que j ai un problème franchement salut je veux connaître la consommation normale d eau chez un foyer dans mon foyer ça me fatigue un peu aidez moi svp,info_consommation_moyenne
je voudrais consulter la liste des documents disponibles avant de faire une demande chez moi même ici pourquoi aidez moi svp,documents_branchement
mettre le compteur à mon nom à la tde,info_generale_tde
j aimerais bien avoir des explications claires est ce que vous pouvez m expliquer ça coule doucement chez moi dans ma maison avec ma famille depuis hier je vous remercie,signaler_basse_pression
bonsoir je voulais juste comprendre quelque chose rapidement est ce que vs pouvez m expliquer salut je veux juste une idée du montant que je vais payer pour l eau en fnoction d une consommation normale pour mon habitation principale,simulation_facture
tuyau percer o depuis hier soir pourquoi je comtpe sur vs,signaler_fuite
chef y a un problème ici chez nous est ec que vs pouvez m expliquer processus de réactivation d un compteur d eau ça dure depuis un bon moment svp,info_reabonnement
changer le titulaire du compteur,modification_abonnement
comment on fait pour avoir l eau à la maison,info_branchement
je veux qu on arrête mon eau,resiliation
document pour ersiliation deau,demande_document
je veux récupérer un document,demande_document
je suis un peu eprdu par rapport à tout ça franchement il faut quels documents pour remettre l eau ça me fatigue un peu svp j ai besoin d aide,documents_branchement
j aimerais bien avoir des explications claires franchement consommation moyenne d eau par personne je viens juste de prendre la maison ça me fatigue un peu,info_consommation_moyenne
quel est le processus de taritement de l eua,info_generale_tde
c est important pour moi d avoir une solution est ce que vous pouvez m expliquer on fait comment pour réactiver où la pression est très faible merci beaucoup,documents_reabonnement
s il vs plaît c est assez urgent dans mon cas est ce que vous pouvez m expliquer consommation moyenne eau par mois depuis hier soir merci d avance,info_consommation_moyenne
je veux résilier mon abonnement à la tde,info_generale_tde
je veux qu on arrête mon eau dans mon coin ici pourquoi svp,resiliation
bonjour excusez moi de vous déranger mais j ai une question franchement donne zmoi un document dans notre quartier ici à tokoin ça me fatigue un peu svp j ai besoin d aide,demande_document
chef y a un problème ici chez nous franchement je voudrais installer un compteur d eau dans mon quartier à lomé ça me fatigue un peu s il vous plaît,demande_branchement
bonjour j aurais besoin d un renseignement s il vous plaît franchement je ve souscrir un contra deau chez moi à adidogomé deupis ce matin ça me fatigue un peu je vs remercie,demande_abonnement
c est important pour moi d avoir une solution franchement comment reprendre mon abonnement d eau dans la zone où j habite actuellement ça me fatigue un peu s il vous plaît,zone_couverture
quel est le prix de l eau dans mon quartier actuellement pour mon habitation principale pourquoi,info_tarif
ça devient complqiué pour moi en ce moment franchement je voudrais préparer mon dossier de réabonnement pouvez vous me donner la liste complète des pièces ça fait plusieurs jours maintenant ça me fatigue un peu merci beaucoup,documents_branchement
grand j ai un souci avec ça là est ce que vous pouvez m expliquer on peut estimer ça à combien chez vous récemment j ai commencé à remarquer ça aidez moi svp,simulation_facture
franchement franchement je veux éviter les allers retours dites moi tous les documents nécessaires pour un branchement au niveau de mon secteur ici ça me fatigue un peu s il vous plaît,demande_branchement
j ai vraiment besoin d une réponse rapied est ce que vous pouvez m expliquer bonjour svp je voudrais savoir la consommation moyenne d eau pour une famille merci où la pression est très faible je compte sur vous,info_consommation_moyenne
j ai pas compris hein,fallback
je veux comprendre comment vous traitez l eau avant de la distribuer pour mon habitation principale pouruqoi merci d avance,info_generale_tde
il y a un problème avec ma fcature pour ma maison pourquoi merci hein,fallback
démarches à suivre pour un réabonnement dans la zone où j habite actuellement pourquoi svp,documents_reabonnement
svp je voudrais arrêter mon contrat d eau pouvez vous m aider dans ma maison avec ma famille depuis hier pourquoi merci hein,fallback
je suis vraiment fatigué de cette situation franchement quelles sont les démarches pour avoir un abonnement d eau chez nous dans le quartier ça me fatigue un peu je compte sur vous,zone_couverture
j aimerais bien avoir des epxlications claires est ce que vous pouvez m expliquer bonsoir est ce que vous fournissez de l eau dans mon quartier là où je suis actuellement merci,zone_couverture
salut je souhaite avoir un justificatif de mon abonnement d eau ça fait plusieurs jours maintenant pourquoi je vs remercie,demande_document
astuces pour économiser l eau,conseil_consommation
je veu metre labonement a mon nom où l eau est un peu sale pourquoi merci,signaler_eau_sale
ça devient compliqué pour moi en ce moment est ce que vous pouvez m expliquer je voudrais une estimation pour une famille moyenne chez moi,simulation_facture
incident de coupure d eau,signaler_coupure
bonsoir je voulais juste comprendre quelque chose rapidement est ce que vous pouvez m expliquer recommandations pour réduire l utilisation d eau je viens juste de prendre la maison,conseil_consommation
je veux brancher l eau chez moi au niveau de mon compteur depuis un moment pourquoi merci d avance,demande_branchement
liste des documents administratifs,documents_generaux
s il vous plaît c est assez urgent dans mon cas franchement je veux un document dans ma concession ça me fatigue un peu svp j ai besoin d aide,demande_document
svp aidez moi l eau ne coule plus du tout chez moi,signaler_coupure
je souhaite signaler une mauvaise qualité de l eau,signaler_eau_sale
je voudrais savoir si la tde couvre ma zone d habitation,info_generale_tde
vous ouvrez à quelel heure dans notre quartier ici à tkooin pourquoi merci d avance,zone_couverture
franchement ça commence à m inquiéter est ce que vous pouvez m expliquer astuces pour économiser l eau dans mon foyer merci hein,conseil_consommation
bonjour j aurais besoin d un renseignement s il vous platî franchement je ne comprends pas cette facture là chez moi où la rpession est très faible depusi plusieurs jours ça me fatigue un peu je compte sur vous,info_tarif
problème de qualiét d eau avec la société togolaise des eaux,signaler_eau_sale
quel dossier dois je constituer pour une remise en service,documents_branchement
comment fonctionne un branchement d eau,demande_branchement
je souhaite suivre ma demande de branchement pour savoir si elle est en cours de traitement,demande_branchement
c est ouvert aujourd hui ou pas dans mon coin ici pourquoi aidez moi svp,horaire_agence
je souhaite signaler une faible pression d eau chez nous dans le quartier pouruqoi svp j ai besoin d aide,signaler_basse_pression
bonjour excusez moi de vs déranger mais j ai une question franchement non je voulais dire autre chose on est environ 4 à utiliser l eau ça me fatigue un peu svp j ai besoin d aide,fallback
vous ouvrez kel heure où l eau est un peu sale pourqoui svp,signaler_eau_sale
est ce que vous pouvez m expliquer je veux savoir si ma zone est alimentée en eau ça dure depuis un bon moment je compte sur vous,zone_couverture
ça fait plusieurs jours que j ai un problème franchement information sur la couverture géographique du réseau d eau dans la zone où j habite actuellement ça me fatigue un peu merci hein,zone_couverture
depuis hier j ai un souci chez moi franchement je veu resilier mon abonnement par rapport à mon abonnement actuel ça me fatigue un peu svp j ai besoin d aide,resiliation
expliekr moi la facturation de leau,info_tarif
salut je n ai pas compris ce que vous avez dit sur toute l installation dans la maison pourquoi aidezm oi svp,fallback
c est important pour moi d avoir une solution est ce que vous pouvez m expliquer je veux une simulation de facture à la société togolaise des eaux chez moi à adidogomé merci beaucoup,info_tarif
changer le titulaire du compteur,modification_abonnement
salut il y a de l eau qui fuit devant chez moi pouvez vous vérifier depuis ce matin pourquoi merci beaucoup,signaler_fuite
franchement ça commence à m inquiéter est ce que vous pouvez m expliquer adresse de votre agence dans la zone où j habite actuellement veuillez m aider s il vous plaît,zone_couverture
j ai vraiment besoin d une réponse rapide franchement bjr je comprends pas votre réponse pouvez vous expliquer encore je reviens au pays récmement ça me fatigue un peu je vous remercie,fallback
quels papiers dois je fournir pour avoir un compteur,documents_branchement
recommandations pour réduire l utilisation d eau on est environ 4 à uitliser l eau pourquoi svp j ai besoin d aide,conseil_consommation
je veu mbaonner a leau dans mon foyer pourquoi merci d avance,demande_abonnement
l eau ne coule plus je viens d emménager ici pourquoi je compte sur vs,signaler_coupure
c est important pour moi d avoir une solution franchement rpésentez moi votre structure sur mon branchement actuel ça me fatigue un peu svp,demande_branchement
j aimerais bien avoir des explications claires eske que vous pouvez m expliquer l eau est bizarre sur mon branchement actuel merci hein,demande_branchement
j ai vraiment besoin d une réponse rapide franchement l eau ne donne pas confiance par rapport à mon abonnement actuel ça me fatigue un peu aidez moi svp,signaler_eau_sale
je veux autre chose pourqoui je vous remercie,fallback
ça devient copmliqué pour moi en ce moemnt franchement resiliation compteur eau dans la maison que je viens de louer ça me fatigue un peu merci,resiliation
salut je veux vérifier si je peux installer un compteur chez moi pour ma maison pourquoi,demande_branchement
gradn j ai un souci avec ça là franchement ça ne correspond pas récemment j ai commencé à remarquer ça ça me aftigue un peu merci beaucoup,reclamation_facture
oznes desservies par la société togolaise des eaux on est environ 4 à utiliser l eau pourquoi meric d avance,zone_couverture
svp aidez moi il y a une grosse fuite d eau près de chez moi récemment j ai commencé à remarquer ça pourquoi svp j ai besoin d aide,signaler_fuite
bonjour j aurais besoni d un renseignement s il vous plaît est ce que vous opuvez m expliquer arrêter mon contrat d eau à lomé sur mon branchement actuel,demande_branchement
il y a de l eau qui s échappe,signaler_fuite
documents nécessaires pour mon foyer,documents_branchement
quelle est la procédure de réabonnement après coupure,info_branchement
s il vous plaît c est assez urgent dans mon cas farnchement quels papiers pour reprnedre l eau depuis que je suis rentré à la maison ça me fatigue un peu je compte sur vous,documents_reabonnement
franchement je suis un peu perdu pouvez vous m expliquer comment fonctionne le branchement d eau,demande_branchement
grand j ai un souci avec ça là est ce que vous pouvez m expliquer je doi fournir koi pour leau chez nous dans le quartier aidezm oi svp,zone_couverture
ça devient compliqué pour moi en ce moment est ce que vous pouvez m expliquer je sohuaite connaître la quanitté d eau utilisée par une famille de 5 personnes depuis que je suis rentré à la maison je vous remercie,info_consommation_moyenne
honnêtement je suis un peu confus est ce que vous pouvez m expliquer chez moi où la pression est très faible depuis plusieurs jours je compte sur vous,documents_reabonnement
franchement comment on fait pour souscrire à un contrat d eau chez moi avec ma famille ça me faitgue un peu merci beaucoup,demande_abonnement
je veux faire une demande de branchement,demande_branchement
mon quartier est il desservi en eau chez moi à adidogomé depuis ce matin pourquoi,zone_couverture
depuis hier j ai un souci chez moi est ce que vous pouvez m expliquer je veux résilier mon abonnement depuis ce matin merci d avance,resiliation
chef y a un problème ici chez nous franchement franchement je ne comprends pas ma afcture d eau elle est trop chère pour moi pour ma maison ça me fatigue un peu aidez moi svp,reclamation_facture
je peux avoir un compteur chez moi,eligibilite_branchement
franchement ça commence à m inquiéter franchement ça ne répond pas à ma question on est environ 4 à utiliser l eau ça me fatigue un peu merci beaucoup,fallback
est ce que vous pouvez m expliquer je dois fournir quoi pr remettre l eau dans un foyer avec plusieurs enfants merci,documents_reabonnement
eau disponible zone,zone_couverture
bonsior je vous contacte parce que j ai une préoccupation franchement je ne veux pas m abonner je veux comprendre comment vous gérze l eau depuis ce matin ça me fatigue un peu svp,info_generale_tde
doner moi un contact dans la zone où je viens d emménager pourquoi merci,zone_couverture
svp ce n est pas clair je veux une meilleure explication,fallback
je demande la résiliation de mon contrat,documents_resiliation
je ne comprends pas trop ce qui se passe chez moi franchement dans mon quartier à lomé ça me fatigue un peu merci hein,zone_couverture
zones desservies par la tde,info_generale_tde
franchement ça comemnce à m inquiéter franchement svp je veux installer un compteur d eau chez moi pouvez vous m aider à afire la demande dans ma nouvelle maison ça me fatigue un peu,demande_branchement
je veux faire un abonnement,demande_abonnement
je veux réduire ma consomamtion d eau,conseil_consommation
si on est en famille là on peut payer combien pour l eau depuis que je suis rentré à la maison pourquoi merci baeucoup,simulation_facture
s il vs plaît pouvez vous m aider à comprendre est ce que vous pouvez m expliquer zones desservies par la société togolaise des eaux sur mon branchement actuel aidez moi svp,demande_branchement
franchement ça commence à m inquiéter est ce que vs pouvez m expliquer il faut quels documents pr remettre l eau chez moi à adidogomé veuillez m aider s il vous plaît,documents_branchement
honnêtement je suis un peu confus est ce que vous pouvez m expliquer je voudrais recevoir un justificatif de paiement dans la zone où je viens d emménager pardon pour le dérangement,demande_document
franchement fuite d eau à adidogomé chez moi avec ma famille ça me fatigue un peu merci d avance,signaler_fuite
salut je voulais me renseigner sur quelque chose est ce que vs pouvez m expliquer eau qui fuit dans la rue chez moi avec ma famille,signaler_fuite
franchement je ne comprends pas comment se passe le branchement d eau puovez vous m expliqeur,demande_branchement
il y a de l eau partout,signaler_fuite
il faut quels documents pr remettre l eau,documents_branchement
débit faible dans mon foyer où l eau est un peu sale pourquoi,signaler_eau_sale
je suis vraiment fatigué de cette situation est ce que vous pouvez m expliquer je veux appeler un agent dans un foyre avec plusieurs enfants,contact_service_client
ça devient compliqué pour moi en ce moment est ce que vous pouvez m explqiuer franchement je veux mettre à jour les informations lieés à mon abonnement d eau où l eau est un peu sale veuillez m aider s il vous plaît,signaler_eau_sale
bonsoir je voulais juste comprendre quelque chose rapidement franchement je veux des détails sur les frais d eau au niveau de mon compteur depuis un moment ça me fatigue un peu,info_tarif
franchement on prend combien d eau par mois chez moi où la pressoin est très faible depuis plusieurs jours ça me fatigue un peu je vs remercie,info_consommation_moyenne
problème de facturation dans mon foyer,reclamation_facture
franchement je ne comprends pas comment ça fonctionne franchement hein quoi chez moi où la pression est très faible depuis plusieurs jours ça me fatigue un peu merci,fallback
je compren pa ma facture,info_tarif
chef y a un problème ici chez nous franchement horaires de service de la société togolaise des eaux ça me fatigue un peu s il vous plaît,horaire_agence
conditions de réabonnement,documents_reabonnement
s il vous plaît c est assez urgent dans mon cas franchement vous faites quoi exactement à la tde où la pression est très faible ça me fatigue un peu pardon pour le dérangement,info_generale_tde
depuis hier j ai un souci chez moi est ce que vous opuvez m expliquer quelle est la procédure de réabonnement après coupure dans mon coin ici aidez moi svp,info_branchement
on consomme combien d eau là où je suis acutellement pouruqoi merci d avance,info_consommation_moyenne
salut je voulais me renseigner sur quelque cohse est ce que vous pouvez m expliquer documents nécessaires pr mon foyer récemment j ai commencé à remarquer ça,documents_branchement
je suis vraiment fatigué de cette situation franchement je peux avoir un compteur chez moi ça dure depuis un bon moment ça me fatigue un peu pardno pour le dérangement,eligibilite_branchement
bonsoir je voulais juste comprendre quelque chose rapidement franchement svp aidez moi l eua ne coule plus du tout chez moi depuis hier soir ça me fatigue un peu merci d avance,signaler_coupure
honnêtement je suis un peu confus eske que vous pouvez m expliquer mon dossier est traité ou pas encore pour mon habitation rpincipale veuillez m aider s il vous plaît,documents_branchement
type de document disponible,demande_document
je veux svaoir combien je vais payer dans mon foyer chaque mois,simulation_facture
bonsoir je souhaite réactiver mon abonnement pouvez vous m expliquer la procédure pourquoi,info_branchement
franchement ça commence à m inquiéter franchement heures d ouverture tde dans ma maison avec ma familel depuis hier ça me fatigue un peu,info_generale_tde
modifier les informations de mon abonnement,modification_abonnement
franchement ça commence à m inquiéter est ce que vous pouvez m explqiuer bonjour svp je voudrais connaître les horaires d ouverture de la tde merci pr mon habitation principale,info_generale_tde
je vous écris pour avoir des informations précises franchement je ne vois pas depuis que je suis rentré à la maison ça me fatigue un peu pardon pour le dérangement,fallback
c est imporatnt pr moi d avoir une solution est ce que vs pouvez m expliquer vérification de l éligibilité au branchement d eau potable dans la zone où j habite actuellement,demande_branchement
svp aidez moi à mieux gérer mon utilisation d eau chez moi avec ma famille pourquoi je vous remercie,conseil_consommation
,documents_branchement
c est important pour moi d avoir une solution est ce que vous pouvez m expliquer franchement je veux savoir si je peux avoir l eau ici avant de faire une demande je viens d emménager ici je compte sur vous,eligibilite_branchement
c est important pour moi d avoir une sloution franchement document disponible a la tde on est plusieurs à la maison ça me fatigue un peu merci beaucoup,info_generale_tde
est ce que vs pouvez m expliquer je veux suivre mon dossier de raccordement à lomé depuis uqelques jours déjà,demande_branchement
chef y a un problème ici chez nous franchement je veux savoir comment vous calculez les motnants à payer pour l eau chaque mois au niveau de l installation d eau ça me fatigue un peu pardon pour le dérangement,info_tarif
svp aidez moi je veux changer les informations de mon compteur pour mon habitation principale pourquoi s il vous plaît,modification_abonnement
depuis hier j ai un souci chez moi est ce que vous pouvez m expliquer franchement je cherche des astuces pour réduire ma consommation d eau chez moi à adidogomé depuis ce matin merci,conseil_consommation
farnchement je suis un peu perdu je veux savoir combien prvéoir pour l eau chaque mois dans mon foyer là où je suis actuellement pourquoi,simulation_facture
franchement ça ne coule pas dans ma concession ça me fatigue un peu svp,signaler_coupure
grand j ai un souci avec ça là franchement franchement ça devient compliqué sans eau je veux savoir quels papiers il faut pr remettre le au où l eau est un peu sale ça me fatigue un peu je compte sur vs,signaler_eau_sale
je suis vraiment fatigué de cette situation eske que vous pouvez m expliquer fuite d eau signalée à la tde où l eau est un peu sale merci beaucoup,info_generale_tde
franchement hein quoi depuis ce matin ça me fatigue un peu pardon pour le dérangement,fallback
bonsoir je vous contacte parce que j ai une préoccupation franchement je veux savoir si ça avance chez moi où la pression est très faible depuis plusieurs jours ça me fatigue un peu merci hein,fallback
l eau vient comment jusqu au robinet,info_generale_tde
c est important pour moi d avoir une solution franchement salut je veux transférer l abonnement à mon nom car j occupe maintenant la maison où l eau est un peu sale ça me fatigue un peu svp,signaler_eau_sale
consomation moyenne o chez nous dans le quartier pourquoi aidez moi svp,zone_couverture
franchement dans notre quartier ici à tokoin ça me fatigue un peu je compte sur vous,zone_couverture
honnêtement je suis un peu confus franchement je veux un branchement d eau chez moi à adidogomé là où je suis actuellement ça me fatigue un peu,demande_branchement
eau sale dans mon foyer pourquoi merci d avance,signaler_eau_sale
chef y a un problème ici chez nous franchement consommation normale c est quoi dans mon coin ici ça me fatigue un peu merci hein,fallback
je souhaite contseter ma facture d eau,info_tarif
ça devient compliqué pour moi en ce moment franchement zones desservies par la tde où l eau ne coule presque pas ça me fatigue un peu,info_generale_tde
svp pouvez vous me donner la liste complète des documents disponibles à la société togolaise des eaux où l eau ne coule presque pas pourquoi je vous remercie,documents_branchement
je peux vs appeler comment,contact_service_client
je veux savoir comment réactiver mon comptuer dans la zone où je viens d emménager pourquoi svp,documents_reabonnement
dossier à constituer je viens juste de prendre la maison pourquoi veuillez m aider s il vous plaît,documents_branchement
je veux appeler un agent au niveau de l installation d eau pourquoi je compte sur vous,contact_service_client
bonjour j aurais besoin d un renseignement s il vous plaît franchement je veux venir à votre bureau on est environ 4 à utiliser l eau ça me fatigue un peu pardon pour le dérangement,contact_service_client
franchement ça commence à m inquiéter est ce que vous pouvez m expliquer heures d ouvertuer de la tde pour ma miason s il vous plaît,info_generale_tde
bonjour excusez moi de vous déranger mais j ai une question est ce que vous pouvez m expliquer comment faire pour remettre mon eau en service au niveau de mon compteur mecri,info_reabonnement
salut je voulais me renseigner sur quelque chose est ce que vous pouvez m expliquer on peut estimer ça à combien chez vous je suis nouveau dans cette zone pardon pour le dérangement,simulation_facture
on souffre un peu ici j aimerais comprendre est ce que vous pouvez m expliquer c est quels documents qu il faut pour remettre l eau dans mon quartier à lomé svp,documents_branchement
grand j ai un souci avec ça là est ce que vs pouvez m expliquer consommation d eau dans mon quartier depuis ce matin merci hein,zone_couverture
je suis vraiment fatigué de cette situation franchement changement de titulaire du compteur à la société togolaise des eaux chez moi avec ma famlile ça me fatigue un peu,modification_abonnement
franchement ça commence à m inquiéter franchement je peux faire quoi pour l eau au niveau de l installation d eau ça me fatigue un peu je vous ermercie,conseil_consommation
bonsoi r je vous contacte parce que j ai une préoccupation est ce que vs pouvez m expliquer quels documents sont disponibles pour les abonnés dans la zone où j habite actuellement svp j ai besoin d aide,documents_branchement
je souhaite passer à l agence pouvez vous me donnre vos horaires,horaire_agence
change de sujet,fallback
grand j ai un souci avec ça là franchement je voudrais comprendre le processus complet pour réactiver mon compteur d eau je suis nouveau dans cette zone ça me fatigue un peu je vous remercie,documents_reabonnement
il faut quels documents pour résilier chez moi avec ma famille pourquoi merci,documents_branchement
moyenne eau tde,info_generale_tde
expliquez moi un peu votre travail là j ai pas bien capét récemment j ai commencé à remarquer ça pourquoi,info_generale_tde
je veu resilier mon abonnement on est plusieurs à la maison pourquoi aidez moi svp,resiliation
pour une consommation normale dans ma maison combien ça fait,simulation_facture
franchement svp aidez moi à savoir si ma zone est couverte par rapport à mon abonnement actuel ça me fatigue un peu veuillez m aider s il vous plaît,zone_couverture
s il vous plaît pouevz vous m aider à comprendre franchement je peux avoir l eau chez moi là où l eau ne coule presque pas ça me fatgiue un peu,eligibilite_branchement
comment reprender l eau dans mon quartier dans ma concession pourquoi merci,zone_couverture
je veux appeler un agent dans la maison que je viens de louer pourquoi svp,contact_service_client
l eau sort faiblement chez moi,signaler_basse_pression
comment avoir ma facture d eau à lomé depuis que je suis rentré à la maison pourquoi svp j ai besoin d aide,info_tarif
ça devient compliqué pr moi en ce moment franchement svp aidez moi je veux connaître l ensemble des documents que vous mettez à disposition ça fait plusieusr jours maintenant ça me fatigue un peu,documents_branchement
horaires agence tde,info_generale_tde
on est sans o ici où on a souvent des coupures pourquoi s il vs plaît,signaler_coupure
je suis vraiment fatigué de cette situaiton franchement bonsoir je souhaite réactiver mon abonnement pouvez vous m expliquer la procédure sur toute l isntallation dans la maison ça me fatigue un peu merci d avance,info_branchement
chef y a un problème ici chez nous est ce que vous pouvez m expliquer expliquez moi ce que fait la tde dans mon foyer pardon pour le dérangement,info_generale_tde
s il vous plaît pouvez vous m aider à comprenrde est ce que vs pouvez m expliquer installer compteur chez moi possible dans la zone où j habite actuellement merci hein,demande_branchement
bonjour excusez moi de vous déranger mais j ai une question francehment je veux mettre l eua chez moi nous sommes une grande famille ici ça me fatigue un peu,demande_branchement
réclamation concernnat une erreur de facturation,reclamation_facture
je veux télécharger un document,demande_document
comment ofnctionne votre service au quotidien,info_generale_tde
il y a un problème sur ma facture là,info_tarif
quels sont les documents que je peux demander,documents_branchement
astuecs eau propoéses par la tde pourquoi svp j ai besoin d aide,info_generale_tde
franchement donnez moi une idée du montant à payer au niveau de mon compteur depuis un moment ça me fatigue un peu,simulation_facture
l eau coule partout à cause d une fuite,signaler_fuite
donnez moi les documents que vous avez,documents_branchement
bonsoir je vs contacte parce que j ai une préoccupation est ce que vous pouvez m expliquer bonjour je voudrais savoir comment érduire ma consommation d eau chez moi dans un foyer avec plusieurs enfants je compte sur vous,conseil_consommation
on peut mettre compteur ici,eligibilite_branchement
vous facturez l eau comment exactement au nvieau des robinets chez moi pourquoi,info_tarif
s il vous plaît pouvez vous m aider à comprendre franchement comment joindre la tde depuis quelques jours déjà ça me fatigue un peu je compte sur vous,info_generale_tde
chef y a un problème ici chez nous franchement combien coûte l eau à la société togolaise des eaux je viens d emménager ici ça me fatigue un peu,info_tarif
bonjour j aurais besoin d un renseignement s il vous plaît franchement où puis je vous trouver physiquement chez nous ici là ça me fatigue un peu pardon pour le dérangement,contact_service_client
kan ouvrir tde,info_generale_tde
je voudrais comparer ma consommation avec la moyenne,info_consommation_moyenne
c est possible d avoir l eau,eligibilite_branchement
s il vs plaît c est assez urgent dans mon cas franchement où en est ma demande de branchement à adidogomé on est plusieurs à la maison ça me fatigue un peu merci hein,demande_branchement
ça fait plusieurs jours que j ai un problème est ce que vous pouvez m expliquer quels justificatifs pour un branchement dans mon quartier dans un foyer avec plusieurs enfants svp,demande_branchement
on souffre un peu ici j aimerais comprendre est ce que vous pouvez m expliquer quels documents pour un réabonnement à la tde au niveau de l installation d eau,info_generale_tde
je peux vous appeler comment dans la maison que je viens de louer pourquoi,contact_service_client
conditions de réabonnement chez nous dans le quartier pourquoi,documents_reabonnement
faire une demande de racordeemnt ça fait plusiuers jours maintenant pourquoi merci hein,fallback
j ai vraiment beosin d une réponse rapide franchement je souhaite mettre à jour les informations de mon contrat depuis que je suis rentér à la maison ça me fatigue un peu je compte sur vous,modification_abonnement
honnêtement je suis un peu confus est ce que vous pouvez m expliquer je dois préparer quoi pour que l eau revienne où l eau est un peu sale svp,signaler_eau_sale
honnêtemnet je suis un peu confus est ce que vous pouvez m expliquer je veux raccorder ma maison au réseau d eau pour mon habitation principale merci,demande_branchement
signalement d une eau impropre à la consommation où on a souvent des coupures pourquoi veuillez m aider s il vous plaît,signaler_coupure
l eau a une oculeur étrange chez nous dans le quartier pourquoi veuillez m aider s il vous plaît,zone_couverture
estimez ma facture pour une maison à adidogomé je reviens au pays récemment pourquoi merci beaucoup,info_tarif
document pour resiliation deau depuis hier soir pourquoi,demande_document
je vous écris pour avoir des informations précises franchement commnet fair pour avoir leau chez moi pour mon habitation principale ça me aftigue un peu veuillez m aider s il vous plaît,info_branchement
salut je voulais me renseigner sur quelque chose franchement je veu apel un agent chez nous ici là ça me fatigue un peu merci,contact_service_client
j aimerais bien avoir des explications claires set ce que vous pouvez m expliquer je voudrais apprendre à utiliser l eau de manière plus efficace dans ma concession merci hein,fallback
depuis hier j ai un souci chez moi franchement est ce qu il y a de l eau dans ma zone on est environ 4 à utiliser l eau ça me fatigue un peu merci hein,zone_couverture
je voudrais signaler une fuite d eau qui dure depuis plusieurs ehures,signaler_fuite
franchement ça commence à m inquiéter franchement demande de vérification de ma facture d eau dans la miason que je viens de oluer ça me fatigue un peu merci d avance,info_tarif
ça fait pluseiurs jours que j ai un problème franchement des conseils pour économiser l eau chez moi avec ma famille ça me fatigue un peu je vous remercie,conseil_consommation
je suis un peu perdu par rapport à tout ça rfanchement ça ne coule pas correctement dans mon quartier à lomé ça me fatigue un peu,zone_couverture
j aimerais bien avoir des explications claires franchement bonjour je voudrais connaître la liste complète des documents à fournir pour faire une demande de branchement d eau nous sommes une grande famille ici ça me fatigue un peu,demande_branchement
chef y a un problème ici chez nous est ce que vous pouvez m expliquer leau coule lenteman dans mon quartier à lomé merci,zone_couverture
vous facturez l eau comment exactement,info_tarif
je veux faire une demande de branchement à la tde ça fait plusieurs jours maintenant pourquoi merci d avance,info_generale_tde
comment on peut réduire l eau,conseil_consommation
je veux avoir un contrat d eau pour ma maison pourquoi svp,demande_abonnement
bjr svp je voudrais connaître les horaires d ouverture de la tde merci,info_generale_tde
svp pouvez vous me donner la liste copmlète des documents disponibles à la société togolaise des eaux je reviens au pays récemment pourquoi merci hein,documents_branchement
pièces pour remettre l eau,documents_branchement
ce n set pas pour un réabonnement je veux juste savoir comment l eau est traitée,documents_reabonnement
ce n est pas une question sur les tarfis je veux juste vous contacter on est plusieurs à la maison pourquoi pardon pr le dérangement,contact_service_client
ma demande est à quel niveau,suivi_demande_branchement
je vs écris pour avoir des informations précises eske que vous pouvez m expliquer consommation moyenne d une famille pour une famille de 5 personnes pardon pour le dérangement,info_consommation_moyenne
comment faire pour m abonner à l eau,demande_abonnement
pourquoi svp,eligibilite_branchement
ça fait plusieurs jours que j ai un problème franchement quel est le prix de l eau dans mon quartier actuellement récemment j ai commencé à remarquer ça ça me fatigue un peu aidez moi svp,info_tarif
on souffre un peu ici j aimerais comprendre est ce que vs pouvez m expliquer pas ça dans ma zone de résidence veuillez m aider s il vs plaît,zone_couverture
ça sort sale au robinet,signaler_eau_sale
ma facture est trop éelvée à adidogomé dans mon coin ici pourquoi merci d avance,info_tarif
franchement ça commence à m inquiéter eske que vous pouvez m expliquer ça m aide pas du tout nous sommes une grande famille ici pardon pour le dérangement,fallback
c est pas clair je viens juste de prendre la maison pourquoi merci ebaucoup,fallback
statistiques de consommation d eau domestique pourquoi merci d avnace,info_consommation_moyenne
salut je voulais me renseigner sur quelque chose franchement piece a fournir pour racordement là où je suis actuellement ça me fatigue un peu merci hein,fallback
je souhaite mettre fin à mon abonnement car je déménage,resiliation
ça fait plusieurs jours que j ai un problème franchement vos prix d eau là c est comment dans la zone où j habite actuellement ça me fatigue un peu,info_tarif
ça fait plusieurs jours que j ai un problème francehment je veu apel un agent dans ma zone de résidence ça me fatigue un peu pardon pr le dérangement,zone_couverture
comment fonctionne le branchement chez la société togolaise des eaux au niveau de mon compteur depuis un moment pourquoi s il vous plaît,demande_branchement
chef y a un problème ici chez nous franchement bonjour svp je voudrais des conseils pour réduire ma consommation d eau merci là où je suis actuellement ça me fatigue un peu merci,conseil_consommation
salut je voulais me renseigner sur quelque chose franchement zones desservies par la société togolaise des eaux récemment j ai commencé à remarquer ça ça me fatigue un peu,zone_couverture
mettre un abonenment à mon nom dans ma concession pourquoi merci beaucoup,demande_abonnement
je voudrais savoir si mon terrain peut être raccordé au réseau d eau,eligibilite_branchement
je suis un peu perdu par rapport à tout ça franchement comment l eau arrive dans nos maisons chez moi où la pression est très faible depuis plusieurs jours ça me fatigue un peu merci beaucoup,info_generale_tde
la tde sa sert a quoi dans mon coin ici pourquoi,info_generale_tde
franchement l eau est sale on est environ 4 à utiliser l eau ça me fatigue un peu,signaler_eau_sale
le débit d eau est faible chez moi dans ma maison avec ma famille depuis hier pourquoi je vous remercie,signaler_basse_pression
quels papiers pour reprendre l eau pourquoi merci beaucoup,documents_reabonnement
grand j ai un souci avec ça là eske que vous pouvez m expliquer je ne veux pas remettre mon eau je veux comperndre comment elle est traitée où on a souvent des coupures merci hein,signaler_coupure
franchement ça commence à m inqiuéter franchement svp je veux installer un compteur d eau chez moi pouvez vous m aider à faire la demande je reviens au pays récemment ça me fatigue un peu merci,demande_branchement
recommandations pr réudire l utilisation d eau,conseil_consommation
je suis un peu perdu par rapport à tout ça franchement kan ouvrir tde ça me fatigue un peu veuillez m aider s il vs plaît,info_generale_tde
je veux avoir l eau dans mon quartier dans ma miason avec ma famille depuis hier pourquoi aidez moi svp,zone_couverture
j aimerais bien avoir des explications claires francheemnt canalisation cassée à lomé dans ma zone de résidence ça me fatigue un peu merci hein,signaler_fuite
j aimerais bien avoir des explications claires es tce que vous pouvez m exlpiquer ma demande est bloquée ou ça avance ça dure depuis un bon moment merci,suivi_demande_branchement
je suis vraiment faitgué de cette situation est ce que vous pouvez m expliquer je veux mettre à jour mon abonnement au niveau de mon compteur veuillez m aider s il vous plaît,modification_abonnement
installer un compteur chez moi,demande_branchement
horaires agence à lomé pourquoi,horaire_agence
franchement salut l eau qui sort du robinet n est pas propre pouvez vous m aider sur toute l installation dans la maison ça me fatigue un peu pardon pour le dérangement,signaler_eau_sale
j ai vraiment besoin d une réponse rapide franchement je suis un peu confsu pouvez vous m expliquer clairement votre mission nous sommes une grande famille ici ça me fatigue un peu aidez moi svp,info_generale_tde
franchement quelle est la liste des documents administratifs disponibles au niveau de mon compteur ça me fatigue un peu je vous remercie,documents_generaux
bonsoir je vous contacte parce que j ai une préoccupation franchement la tde facture cmoment l eau où l eau est un peu sale ça me fatigue un peu,info_tarif
bonsior je vous contacte parce que j ai une préoccupation est ce que vs pouvez m expliquer c est quels documents qu il faut pr résilier dans la zone où j habite actuellement merci beaucoup,documents_branchement
est ce que vous pouvez m expliquer je souhaite aovir une idée claire du coût de l eau pour une consommation normale dans un foyer dans ma concession aidez moi svp,info_tarif
salut je voulais me renseigner sur quelque chose franchement documents nécessaires pour réactiver l eau chez moi même ici ça me fatigue un peu svp j ai besoin d aide,documents_branchement
je veux obtenir un document à la tde,info_generale_tde
honnêtement je suis un peu confus franchement quelles sont les étaeps pour raccorder une maison à l eau où on a souvent des coupures ça me fatigue un peu veuillez m aider s il vous plaît,signaler_coupure
tu fais quoi sur mon branchement atcuel pourquoi s il vous plaît,demande_branchement
dans la maison que je viens de louer pourquoi s il vous plaît,demande_document
expliker moi la facturation de leau,info_tarif
franchement je ne comprends pas comment ça fonctionne eske que vous pouvez m expliquer plus rien au robinet depuis hier soir svp,signaler_coupure
changement de titulaire du compteur à la société togolaise des eaux au niveau des robinets chez moi pourquoi je vous remercie,modification_abonnement
je suis vraimetn fatigué de cette situation franchement on donne quoi pour arrêter l eau ça me fatigue un peu merci d avance,documents_resiliation
svp j ai besoin de parler à quelqu un du service client pouvez vous me donner un numéro sur mon branchement actuel pourquoi,demande_branchement
honnêtement je suis un peu confus franchement à quelle heure je peux passer au niveau de l installation d eau ça me fatigue un peu je vous remercie,horaire_agence
donnez moi des astuces pour l eau ça fait plusieurs jours maintenant pourquoi,conseil_consommation
je vous écrsi pour avoir des informations précises ets ce que vous pouvez m expliuqer quels documents fournir pour un réabonnement chez nous ici là,documents_branchement
francheemnt ça commence à m inquiéter est ce que vous pouvez m expliquer branchement possible ici dans mon foyer s il vous plîat,demande_branchement
modifier mon abonnement à la tde,info_generale_tde
il y a un problème avec ma facture où l eau est un peu sale pourquoi svp,info_tarif
je suis vraiment fatigué de cette situation est ce que vous pouvez m expliquer je veu modifier mon abonnement où la pression est très faible pardon pour le dérangement,modification_abonnement
s il vous plaît c est assez urgent dans mon cas est ce que vous pouvez m expliquer quel est le prix de l eau dans mon quartier actuellement je suis nouveau dans ctete zone merci beaucoup,zone_couverture
liste des pièces demandées par la société togolaise des eaux pour un branchement,demande_branchement
vous êtes présents dans mon quartier,zone_couverture
explike encor,fallback
grand j ai un souci avec ça là franchement je veu un justificatif chez nous dans le quartier ça me fatigue un peu merci beaucoup,demande_document
résilier mon contrat d eau dans ma zone de résidence pourquoi merci d avance,resiliation
horaires de service de la société togolaise des eaux où l eau est un peu sale pourquoi veuillez m aider s il vous plaît,signaler_eau_sale
grand j ai un souci avec ça là franchement je veux savoir comment obtenir un abonnement d eau je viens juste de prendre la maison ça me fatigue un peu je compte sur vous,demande_abonnement
je veux faire une modification chez moi même ici pourquoi pradon pour le dérangement,modification_abonnement
j aimerais bien avoir des explications claires rfanchement pour ma maison ça me fatigue un peu merci d avance,eligibilite_branchement
chef y a un problème ici chez nous est ce que vous pouvez m expliquer information sur la consommation d eau mesnuelle moyenne merci hein,fallback
bonsoir je voudaris savoir quelles sont les pièces à ofurnir pour un raccordement à l eau dans ma maison,demande_branchement
liste des pièces à fournir pour ma maison à lomé,documents_branchement
est ce que vous pouvez m expliquer c est comment ça depuis quelques jours déjà pardon pr le dérangement,fallback
procédure de modificaiton d abonnement,info_branchement
j aimerais bien avoir des explications claires fracnhement quels papiesr il faut déposer pour avoir l eau chez moi à adidogomé depuis ce matin ça me fatigue un peu aidez moi svp,documents_branchement
franchement ça commence à m inquiéter franchement problème de qualité d eau avec la société togolaise des eaux sur mon branchement actuel ça me fatigue un peu pardon pour le dérangement,demande_branchement
quels papiers pour arrêter leau dans ma maison,documents_resiliation
franchement je suis un peu perdu je veux savoir combien prévoir pr l eau chaque mois dans mon foyer,simulation_facture
honnêtement je suis un peu confus franchement je voudrias savoir pourquoi l eau ne coule plus chez moi où l eau est un peu sale ça me fatigue un peu merci beaucoup,signaler_eau_sale
,demande_branchement
je vous écris pour avoir des informations précises est ce que vous pouvez m expliquer combien je vai payer pour leau dans ma nouvelle maison svp j ai bseoin d aide,simulation_facture
honnêtement je suis un peu confus est ce que vous pouvez m expliquer comment se passe le branchement à la tde dans la maison que je viens de louer veuillez m aider s il vous plaît,info_generale_tde
franchement bonjour il y a une fuite d eau importante devant chez moi pouvez vous intervenir dans ma maison avec ma famille depuis hier ça me fatigue un peu,signaler_fuite
je veu mabonner a leau,demande_abonnement
c est inutile comme réponse dans ma concession pourquoi merci d avance,fallback
je souhaite signaler une absence totale d eau dans ma zone dans mon coin ici pourquoi s il vous plaît,zone_couverture
dnonez moi un document officiel par rapport à mon abonnement actuel pourquoi merci hein,demande_document
installer un compteur chez moi,demande_branchement
,signaler_eau_sale
bonjour j aurais besoin d un renseignement s il vous plaît franchement bonsoir combien d eau une famille utilise en moyenne par mois je suis novueau dans cette zone ça me fatigue un peu,zone_couverture
eau disponibel dans ma zone pourquoi merci beaucoup,zone_couverture
bonjour j auaris besoin d un renseignement s il vous plaît est ce que vous pouvez m expliquer bonsoir je voudrais savoir quelles sont les pièces à fournir pour un raccordement à l eau dans ma maison ça fait pluseiurs jours miantenant aidez moi svp,demande_branchement
s il vous plaît pouvez vous m aider à comprendre franchement document disponible a la tde on est plusieurs à la maison ça me fatigue un peu s il vous plaît,info_generale_tde
franchement ça commence à m inquiéter franchement comment éviter gaspillage eau pour ma maiosn ça me fatigue un peu pardon pour le dérangement,conseil_consommation
je ne veux pas des informations générales je veux un numéro pour vous appeler là où je suis actuellement pourquoi aidez moi svp,contact_service_client
ça fait plusieurs jours que j ai un problème franchement o sale qui sort du robinet ça me fatgiue un peu,signaler_eau_sale
j aimerais bien avoir des explicatinos claires eske que vous pouvez m expliquer quelles sont les étapes pour une remise en service de l eau au niveau de mon secteur ici,info_branchement
comment avoir ma facture d eau pourquoi veuillez m aider s il vous plaît,info_tarif
slaut je voulais me renseigner sur quelque chose franchement comment se déroule la procédure de branchement dans mon quartier à lomé ça me fatigue un peu merci,demande_branchement
consommation eau selon la société togolaise des eaux,info_consommation_moyenne
comment on fait pour réactiver l eau,documents_reabonnement
quels justificatifs fournir pour une réactivation de compteur,demande_document
bonsoir je voulais juste comprendre quelque chose rapideemnt est ce que vous pouvez m expliquer je veux qu on arrête mon eau chez moi même ici iadez moi svp,resiliation
bonsoir je vous contacte parce que j ai une préoccupation franchement suivre ma demande de branchement depuis quelques jours déjà ça me fatigue un peu merci,demande_branchement
je veux parler d autre cohse je reviens au pays récemment pourquoi merci,fallback
vous gérez quoi exactement dans le pays chez moi où la pression est très faible depuis plusieurs jours pourquoi merci d avance,info_generale_tde
honnêtement je suis un peu confus est ce que vs pouvez m expliquer récemment j ai commencé à remarqure ça s il vs plaît,demande_branchement
l eau est sale chez moi,signaler_eau_sale
on souffre un peu ici j aimerais comprendre est ce que vous pouvez m expliquer bonjour svp je vuodrais savoir la consommation moyenne d eau pr une famille merci dans ma maison avec ma famille depuis hier merci beaucoup,info_consommation_moyenne
liste des document pour reabonnement,demande_document
pourquoi je paie autant pour l eau,info_tarif
quels documents pour un branchement chez moi à adidogomé,demande_branchement
je vous céris pour avoir des informations précises est ce que vous pouvez m expliquer je veux mettre le compteur à mon nom là ça dure depuis un bon momnet svp,modification_abonnement
je voudrais changer le nom sur le compteur suite à un chanegment de situation ça fait plusieurs ojurs maintenant pourquoi je vous remercie,modification_abonnement
je suis un peu perdu par rapport à tout ça franchement je veux savoir ça a bougé ou pas sur toute l installation dans la maison ça me fatigue un peu,suivi_demande_branchement
franchement ça commence à m inquiéter est ce que vous pouvez m expliquer on consomme combien d eau là où je suis actuellement mreci hein,fallback
je veu vous joindre coment chez nous ici là pourquoi merci d vaance,contact_service_client
numéro du service client tde chez nous ici là pourquoi svp j ai besoin d aide,info_generale_tde
pour arrêter l eau là on demande quels papiers,documents_resiliation
il n y a plus d eau dans mon quartier,zone_couverture
eske que vous pouvez m expliquer svp je veux installer un compteur d eau chez moi pouvez vous m aider à faire la demande chez nous ici là,demande_branchement
je veux transférer le compteur à mon nom,modification_abonnement
on souffre un peu ici j aimerais comprendre franchement je souhaite faire une demande pour avoir l eau ça me fatigue un peu veuillez m aider s il vous plaît,demande_branchement
franchement ça commence à m inquiéter est ce que vous pouvez m epxliquer je veux m inscrire pour utiliser l eau chez moi chez moi où la pression est très faible depuis plusieurs jours merci d avance,demande_abonnement
svp aidez moi je veux comprendre comment réactiver mon compteur d eau au niveau de mon compteur depuis un moment pourquoi svp j ai besoin d aide,documents_reabonnement
ça fait plusieurs jours que j ai un problème est ce que vous pouvez m expliquer si on est en famille là on peut apyer combien pour l eau où l eau est un peu sale merci hein,signaler_eau_sale
l eau ne sort pas du tout,signaler_coupure
svp aidez moi à mieux gérer mon utilisation d eua,conseil_consommation
je suis vraiment fatigué de cette situation franchement il n y a plus d eau dans mon quartier je viens juste de prendre la maison ça me fatigue un peu pardon pour le dérangement,zone_couverture
bonsoir je voulais juste comprendre quelque chose rapidement franchement consommation d eau dans mon quartier depuis hier soir ça me fatigue un peu je compte sur vs,zone_couverture
je suis vraiment fatigué de cette situation est ce que vous pouvez m expliquer il y a une erreur sur ma facture au niveau de mon secteur ici merci beaucoup,reclamation_facture
comment fonctionne votre service au quotidien pourquoi svp,info_generale_tde
quels papiers pour raccorder mon terrain,documents_branchement
je peux vous joindre comment rapidement on est environ 4 à utiliser l eau pourquoi je compte sur vous,contact_service_client
on demande quoi comme documents ça fait plusieurs jours maintenant pourquoi merci hein,documents_branchement
ça fait plusieurs jours que j ai un problème franchement ça m aide pas du tout ça me fatigue un peu svp,fallback
franchement ça commence à m inquiéter franchement je veu avoir leau a domicile au niveau de mon compteur depuis un moment ça me fatigue un peu svp,demande_branchement
quels justificatifs fournir pour mettre fin à un abonnement,demande_document
quelles sont les pièces justificatives demandées pour un branchement,demande_branchement
débit d eau très faible par rapport à mon abonnement actuel pourquoi merci hein,fallback
francheemnt on fait comment pour remettre l eau là où la pression est très faible ça me fatigue un peu merci beaucoup,info_reabonnement
c est important pour moi d avoir une solution franchement absence d eau dans ma zone où l eau ne coule presqeu pas ça me fatigue un peu,zone_couverture
ma factur est trop leeve nous sommes une grande famille ici pourquoi,reclamation_facture
ça devient compliqué pour moi en ce moment franchement pour une consommation moynene combien coûte la facture d eau au niveau des robinets chez moi ça me fatigue un peu je vous remercie,info_tarif
est ce que vous pouvez m expliquer je veux récupérer un papier lié à mon abonnement chez moi dans ma concession,demande_document
franchement ça commence à m inquiéter est ce que vous pouvez m expliquer bonjour svp l eau est sale chez moi pouvez vous vérifier merci dans la maison que je viens de louer veulilez m aider s il vous plaît,signaler_eau_sale
s il vous plaît pouvez vous m aider à comprendre franchement documents accessibles pour mon foyer dans ma nouvelle maison ça me fatigue un peu veuillez m aider s il vous plaît,documents_branchement
bonjour excusez moi de vous déranger mais j ai une question franchement je souhaite vérifeir si ma zone est desservie par le réseau d eau dans la maison que je viens de louer ça me faitgue un peu veulilez m aider s il vous plaît,zone_couverture
je suis un peu pedru par rapport à tout ça est ce que vous pouvez m expliquer salut l eau qui sort du robinet n est pas propre pouvez vous m aider où la pression est très faible svp,signaler_eau_sale
grand j ai un souci avec ça là franchemetn je voudrais savoir pourquoi l eau ne coule plus chez moi chez moi même ici ça me fatigue un peu merci beaucoup,signaler_coupure
des conseils pour céonomiser l eau,conseil_consommation
heures de travail agence,horaire_agence
franchement ça commence à m inquiéter franchement liste complète des documents pr un réabonnement au niveau de l installation d eau ça me fatigue un peu veuillez m aider s il vous plaît,documents_branchement
comment se pases le branchement,demande_branchement
demande de résiliation à la société togolaise des eaux,documents_resiliation
bonjour je voudrais savoir où en est ma demande de branchement que j ai déposée il y a quelques jours au niveau des robinets chez moi pourquoi veuillez m aider s il vous plaît,demande_branchement
quels documents pour un réabonnement à la tde depuis que je suis rentré à la maison pourquoi merci beaucoup,info_generale_tde
documents nécessaires pour un branchement à la société togolaise des eaux,demande_branchement
ça devient compliqué pour moi en ce moment franchement bonjour je voudrais savoir combien coûte l eau dans mon quartier parce que je trouve que les montants sont un peu élevés merci au niveau de mon compteur ça me fatigue un peu aidez moi svp,info_tarif
franchement ça commence à m inquiéter franchement mettre un abonnement à mon nom dans la zone où j habite actuellement ça me fatigue un peu merci beaucoup,zone_couverture
ça fait plusieurs ojurs que j ai un problème est ce que vous pouvez m expliquer c est intuile comme réponse dans ma maison avec ma famille edpuis hier pradon pour le dérangement,fallback
problème de fuite avec la tde nous sommes une grande famille ici pourquoi je vous remercie,info_generale_tde
comment joindre la tde,info_generale_tde
est ce que vous pouvez m expliquer bonsoir combien d eau une famille utilsie en moyenne par mois au niveau des robinets chez moi,info_consommation_moyenne
je peux faire quoi pour l eau nous sommes une grande famille ici pourquoi s il vous plaît,conseil_consommation
quel est le processus de traitement de l eau,info_generale_tde
je suis vraiment fatigué de cette situation franchement quels typse de documents proposez vous au niveau de l installation d eau ça me fatigue un peu,documents_branchement
document pr resiliation deau,demande_document
franchement je ne comprends pas comment ça fonctionne est ce que vous pouvez m expliquer je veux obtenir un document pour mon abonnement à adidogomé ça dure depuis un bon moment,demande_document
c est important pour moi d avoir une solutoin franchement absence d eau signalée à la socitéé togolaise des eaux je viens d emménager ici ça me fatigue un peu je compte sur vs,signaler_coupure
je veux arrêter l eau au niveau de mon secteur ici pourquoi merci,resiliation
franchement ma facture est élevée je veux savoir comment consommer moins d eau,reclamation_facture
ma facture est trop cèhre là,info_tarif
salut l eau qui sort du robinet n est pas propre pouvez vous m aider où la pression est très faible pourquoi merci d avance,signaler_eau_sale
ça fait plusieurs juors que j ai un problème franchement où puis je vous trouver physiquement dans la maison que je viens de louer ça me fatigue un peu veuillez m aider s il vs plaît,contact_service_client
est ce que vs pouvez m expliquer l eau n est pas propre chez moi au niveau de mon compteur pardon pour le dérangement,signaler_eau_sale
remettre l eau après coupure dans ma maison avec ma famille depuis hier pourquoi s il vous plaît,signaler_coupure
je veu un document récemment j ai comemncé à remarquer ça pourquoi veuillez m aider s il vous plaît,demande_document
l eau coule partout à cause d une fuite,signaler_fuite
statut de ma demande de racordement où la pression est très faible pourquoi svp,suivi_demande_branchement
je voudrais fermer mon compteur d eau définitivement depuis ce matin pourquoi merci hein,fallback
metrte compteur à mon nom depuis ce matin pourquoi pardon pour le dérangement,modification_abonnement
je souhaite signaler une coupure d eau pourquoi svp j ai besoin d aide,signaler_coupure
je suis vraiment fatigué de cette situation est ce que vous pouvez m expliquer je voudrais installer un compteur d eau merci beaucoup,demande_branchement
je veux brancher l eau chez moi,demande_branchement
combien je risque de payer pour ma consommation d eau depuis quelques jours déjà pourquoi s il vous plaît,simulation_facture
comment réduire ma consommation d eau,conseil_consommation
farnchement ça commence à m inquiéter franchement eau sale chez moi depuis quelques jours déjà ça me fatigue un peu svp j ai besoin d aide,signaler_eau_sale
svp aidez moi l eau ne coule plus du tout chez moi,signaler_coupure
honnêtement je suis un peu confus est ce que vous pouvez m expliquer qu est ce qu on demande pour un branchement chez moi à adidogomé,demande_branchement
franchement ça commence à m inquiéter franchement salut l eau sort à peine du robinet pouvez vous m aider dans ma zone de résidence ça me fatigue un peu merci,zone_couverture
comment réduire consommation avec la société togolaise des eaux,conseil_consommation
s il vous plaît c est assez urgent dans mon cas franchement salut je veux transférer l abonnement à mon nom car j occupe maintenant la maison dans ma maison avec ma famille depuis hier ça me fatigue un peu je vous remercie,modification_abonnement
bonsoir je vous contacte parce que j ai une préoccupation est ce que vous pouvez m expliquer quels papiers pour réactiver mon compteur chez nous ici là je compte sur vous,documents_reabonnement
honnêtement je suis un peu ocnfus est ce que vous pouvez m expliquer eau sale à adidogomé sur mon branchement actuel pardon pr le dérangement,demande_branchement
couverture de la tde dans ma zone,info_generale_tde
je veux actievr un abonnement d eau dans mon logement dans mon coin ici pourquoi,demande_abonnement
bonosir je ne comprends pas le montant de ma facture pouvez vous m expliquer depuis que je suis erntré à la maison pourquoi merci hein,info_tarif
documents nécessaires pour résilaition à la société togolaise des eaux nous sommes une grande famille ici pourquoi svp j ai besoin d aide,documents_branchement
je suis un peu perdu par rapport à tout ça franchement l eau ne sort plus chez moi dans mon coin ici ça me fatigue un peu merci,signaler_coupure
vous fatie quoi exactement a la tde,info_generale_tde
s il vous plaît pouvez vous m aider à comprendre est ce que vous pouvez m expliquer une famille utilies combien d eau chez moi à adidogomé,info_consommation_moyenne
bonsoir je voulais juste comprendre quelque chose rapidement franchement je ne comprends pas cette facture là depuis que je suis rentré à la maison ça me fatigue un peu merci,info_tarif
vous fermez à quelle heure dans la zone où je viens d emménager pourquoi,zone_couverture
ça devient compliuqé pour moi en ce moment franchement hcanger le titulaire du compteur à lomé on est environ 4 à utiliser l eau ça me fatigue un peu s il vous plaît,modification_abonnement
je voudrais consulter la liste des documents disponibles avant de faire une demande,documents_branchement
franchement je ne comprends pas comment ça fonctionne franchement est ce que vous avez commencé ma demande ça fait plusieurs jours maintenant ça me fatigue un peu,suivi_demande_branchement
quel est votre numéro,contact_service_client
je suis un peu confus pouvez vous m expliquer clairement votre mission,info_generale_tde
est ce que vous pouvez m expliquer signalement de pression d eau insuffisante ça dure depuis un bon moment merci d avance,signaler_basse_pression
je vous écris pour avoir des informations précises est ce que vous pouvez m expliquer piece a fournir pour racordement dans ma maison avec ma famille depuis hier je vous remrecie,documents_branchement
je voudrais changer le nom sur le compteur suite à un changement de situation,modification_abonnement
je veux savoir combien je vais payer pour l eau depuis ce matin pourquoi merci hein,fallback
salut je voulais me renseigner sur quelque chose est ce que vous pouvez m expliquer svp aidez moi je veux changer les informations de mon compteur dans la zone où j habite actuellement merci hein,zone_couverture
eau disponible dans ma zone chez nous ici là pourquoi merci,zone_couverture
ça devient compliqué pour moi en ce moment franchement je viens juste de prendre la maison ça me fatigue un peu,simulation_facture
c est important pour moi d avoir une solution est ce que vous pouvez m expliquer quels justificatifs fournir pour une réactivation de compteur sur mon branchement actuel merci beaucoup,demande_branchement
franchement je dois préparer kwa pour que l eau revienne au niveau de mon compteur depuis un moment ça me fatigue un peu svp j ai besoin d aide,documents_reabonnement
je veux une estimation des frais d eau,simulation_facture
erreur de facturation eau,reclamation_facture
je veux être responsable de l eau chez moi,demande_abonnement
bonsoir je vous contacte parce que j ai une préoccupation est ce que vous pouvez m expliquer eau trouble signalée dans ma zone svp j ai besoin d aide,signaler_eau_sale
bnosoir je vous contacte parce que j ai une préoccupation franchement bonjour svp je voudrais connaître les horaires d ouverture de la tde emrci où on a souvent des coupures ça me fatigue un peu,info_generale_tde
fermer mon compteur,resiliation
depius hier j ai un souci chez moi franchement mon terrain est il éligible à un branchement dans mon quartier à lomé depuis quelques jours ça me fatigue un peu,demande_branchement
franchement je veux avoir une idée de tous les documents que vous fournissez aux clients au niveau de mon compteur depuis un moment pourquoi,documents_branchement
résilier mon contrat d eau depuis hier soir pourquoi je compte sur vous,resiliation
changez le nom sur le compteur pour moi,modification_abonnement
ça fait plusieurs jours que j ai un problème franchement de uqels documents ai je besoin pour faire un branchement depuis hier soir ça me fatigue un peu merci,demande_branchement
je suis vraiment fatigué de cette situation est ce que vous pouvez m expliquer leau sort faiblement dans ma concession s il vous plaît,signaler_basse_pression
installer un compteur chez moi pourquoi je cmopte sur vous,demande_branchement
ça sort sale au robinet dans mon coin ici pourquoi merci hein,signaler_eau_sale
je veu modifier mon abonnement,modification_abonnement
on souffre un peu ici j aimerais comprendre franchement comment se passe le branchement dans ma concession ça me fatigue un peu,demande_branchement
j aimerais bien avoir des explications claires eske que vous pouevz m expliquer leau est traiter comen chez nous ici là aidez moi svp,info_generale_tde
salut je veux vérifier si ma zone est desservie par votre réseau pourquoi merci,zone_couverture
salut je voulais me renseigner sur quelque chose est ce que vous pouvez m expliquer svp aidez moi je veux entamer une demnade de branchement pour ma maison dans mon quartier edpuis quelques jours déjà,demande_branchement
la tde a traité ma demande ou pas,info_generale_tde
liste des document pour branchement,demande_branchement
débit faible dans mon foyer pr une famille de 5 personnes pourquoi merci beaucoup,signaler_basse_pression
svp aidez moi à estimer combien je pourrais payer pour l eau dans ma maison chaque mois depusi quelques jours déjà pourquoi svp,simulation_facture
quels documents fournir pr résilier mon abonnement d eau,documents_branchement
depuis hier j ai un souci chez moi franchement consommation moyenne d une famille je suis nouveau dans cette zone ça me fatigue un peu merci baeucoup,zone_couverture
,conseil_consommation
l eau coule partout là chez nous dans le quartier pourquoi veuillez m aider s il vous plaît,zone_couverture
est ce que vs pouvez m expliquer je veux comprendre comment on obtient l eau à domicile dans mon quartier à lomé depuis quelques jours,zone_couverture
,horaire_agence
je suis vraiment fatigué de cette situation franchement je veu comprendre comment avoir leau dans la zone où j habite actuellement ça me fatigue un peu svp,zone_couverture
je compren pa chez moi où la pression est très faible depuis plusieurs jours pourquoi s il vous plaît,fallback
liste des pièces à fournir pour arrêter mon contrat,documents_branchement
je ne comprends pas trop ce qui se passe chez moi est ce que vous pouvez m expliquer problème de pression d eau insuffisante où la pression est très faible merci d avance,signaler_basse_pression
franchement je dois mettre à jour mon abonnement d eau pouvez vous m aider récemment j ai commencé à remarquer ça pourquoi,modification_abonnement
s il vous plaît c est assez urgent dans mon cas franchement c est combien en général dans ma zone de résidence ça me fatigue un peu aidze moi svp,zone_couverture
je suis vraiment fatigué de cette situation est ce que vous pouvez m expliquer je dois préparer quoi ocmme dossier depuis hier soir merci hein,documents_branchement
présence de la tde dans mon quartier,info_generale_tde
bjr je voudrais savoir combien coûte leau dans mon quartier parce que je trouve que les montants sont un peu élevés merci là où je suis actuellement pourquoi aidez moi svp,info_tarif
je peux vous joindre comment rapidement pour mon habitation principale pourquoi,contact_service_client
vous avez quels papiers disponibles,documents_generaux
je veux arrêter l eau au niveau de l instlalation d eau pourquoi aidez moi svp,resiliation
j aimerais bien avoir des explications claires franchement au niveau de l installation d eau ça me fatigue un peu veuillez m aider s il vous plaît,fallback
coment vous traiter leau,info_generale_tde
depuis hier j ai un souci chez moi franchement je veux connaître le statut de ma demande à la société togolaise des eaux ça dure depusi un bon moment ça me fatigue un peu merci,suivi_demande_branchement
bonjour je voudrais savoir comment faire pour remettre l eau en service après une coupure,signaler_coupure
s il vous plaît c est assez urgnet dans mon cas est ce que vous pouvez m expliquer consommation normale c est combien par rapport à mon abonnement actuel svp,info_consommation_moyenne
on souffre un peu ici j aimerais comprendre franchement réduire ma facture d eau je reviens au pays récememnt ça me fatigue un peu s il vous plaît,info_tarif
on donne quoi pr faire le dossier d eau,documents_branchement
svp pouvez vous m aider à changer le nom du titulaire du competur sur mon branchement actuel pourquoi aidez moi svp,demande_branchement
ça devient compliqué pour moi en ce moment franchement quels papiers pour arrêter l eau dans ma maison dans mon coin ici ça me fatigue un peu merci beaucoup,documents_resiliation
on souffre un peu ici j aimerais comprendre franchement on fait comment pour réatciver je suis nouveau dans cette zone ça me fatigue un peu,zone_couverture
simulation de consommation eau,simulation_facture
s il vous plaît c est assez urgent dans mon cas franchement leau est faible là dans ma zone de résidenec ça me fatigue un peu je compte sur vous,zone_couverture
on fait comment pour remettre l eau là là où je suis actuellement pourquoi,info_reabonnement
leau ne coule plu,signaler_coupure
c est important pour moi d avoir une solution franchement modifier mon abonement je suis nouveau dans cette zone ça me fatigue un peu pardon pour le dérangement,modification_abonnement
eske que vous pouvez m expliquer bonsoir je souhaite avoir des informations détaillées sur la procédure de raccordement à l eau potable je suis nouveau dans cetet zone aidez moi svp,demande_branchement
honnêtement je suis un peu confus franchement mettre compteur a mon nom au niveau de l instalaltion d eau ça me fatigue un peu,modification_abonnement
j aimerais bien avoir des explications claires franchement expliquez moi comment l eau arrive chez les gens ça dure depuis un bon moment ça me fatigue un peu,info_branchement
grand j ai un souci avec ça là est ce que vous pouvez m expliquer horaire travail tde au niveau des robinets chez moi,info_generale_tde
pression insuffisante o chez moi même ici pourquoi,signaler_basse_pression
salut j ai besoin d eau chez moi maintenant je veux savoir comment faire une demande de raccordement par rapport à mon abonnement actuel pourquoi merci hein,demande_branchement
depuis hier j ai un souci chez moi est ce que vous pouvez m expliquer suivre ma demande de branchement chez nous dans le quartier merci d avance,demande_branchement
ma facture est trop élevée pourquoi je vous remercie,reclamation_facture
c est comment ça dans ma concession pourquoi,fallback
svp aidez moi je veux changer les informations de mon compteur par rapport à mon abonnement actuel pourquoi svp j ai besoin d aide,modification_abonnement
ça devient compliqué pour moi en ce moment est ce que vs pouvez m expliquer modifier mon abonnement dans mon quartier chez moi même ici veuillez m aider s il vous plaît,modification_abonnement
au niveau de mon secteur ici pourquoi pardon pour le dérangement,fallback
liste des documents de la société togolaise des eaux,documents_branchement
est ce que vous pouvez m expliquer quels sont les justificatifs nécessaires pour avoir l eau dans la maison que je viens de louer aidez moi svp,demande_document
chef y a un problème ici chez nous est ce que vous pouvez m expliquer je souhaite avoir une idée claire du coût de l eau pr une consommation normale dans un foyer depuis hier soir svp,info_tarif
j ai vraiment besoin d une réponse rapide est ce que vous pouvez m expliquer combien je vai payer pour leau au inveau de l intsallation d eau svp,simulation_facture
comment on fait pr souscrire à un ocntrat d eau,demande_abonnement
pour une consommation moyenne combien coûte la fcature d eau,info_tarif
chef y a un problème ici chez nous franchement svp aidez moi je comprends rien je suis nouveau dans ectte zone ça me aftigue un peu merci d avance,zone_couverture
chez moi même ici pourquoi,fallback
s il vs plîat c est asesz urgent dans mon cas franchement procédure pour réactiver mon abonnement à lomé au niveau de l insatllation d eau ça me fatigue un peu,info_branchement
le débit n est pas normal,signaler_basse_pression
bonsoir je voulais juste comprendre quelque chose rapidement franchement franchement je comprends rien dans mon coin ici ça me fatigue un peu je vous remercie,fallback
c est important pour moi d avoir une solution eske que vs pouvez m expliquer quesl papiers pr rséilier abonnement chez moi à adidogomé merci hein,fallback
j ai vraiment besoin d une réponse rapide est ce que vs pouvez m expliquer je veux savoir comment réactivre mon compteur dans un foyer avec plusieurs enfanst pardon pour le dérangement,info_reabonnement
c est combien en général,info_consommation_moyenne
ça fait plusieurs jours que j ai un problème est ce que vous pouvez m expliquer je veux récupérer un document on est environ 4 à utiliser l eau merci hein,demande_document
demande de délivrance d un document,demande_document
bonjour excusez moi de vs déranger mais j ai une question est ce que vous pouvez m expliquer je veux avoir l eau dans mon quartier dans ma concession pardon pour le dérangement,zone_couverture
je suis vraiment fatigué de cette situation est ce que vous pouvez m expliquer vous êtes le fournisseur d eau national c est ça depuis que je suis rentré à la maison svp j ai besoin d iade,info_generale_tde
est ce que vous êtes dans ma zone,zone_couverture
s il vs plaît pouvez vous m aider à comprendre franchement l eau ne sort pas bien récemment j ai commencé à remarquer ça ça me fatigue un peu veuillez m aider s il vous plaît,signaler_basse_pression
ça fait plusieurs jours que j ai un problème est ce que vous pouvez m expliquer comment faier pour reprendre l eau au niveau de mon secteur ici veuillez m aider s il vs plaît,info_reabonnement
bonjour excusez moi de vs déranger mais j ai une question est ce que vs pouvez m expliquer je souhiate signaler un problème de pression d eau insuffisante dans ma zone récemment j ai commencé à remarquer ça svp j ai besoin d aide,zone_couverture
je veux un document,demande_document
bonjour j aurais besoin d un renseignement s il vous plaît franchement détails sur le branchement sur toute l installation dans la maison ça me fatigue un peu je compte sur vous,demande_branchement
bonjour j aurais besoin d un renseignement s il vous plaît farnchement c est combien l eau en moyenne dans mon quartier à lomé depuis quelques jours ça me fatigue un peu,zone_couverture
ma zone a l eau ou pas,zone_couverture
on souffre un peu ici j aimerais comprendre est ce que vous pouvez m expliquer franchement je ne comprends pas ma facture d eau elle est trop chère pour moi par rapport à mon abonnement actuel svp j ai besoin d aide,info_tarif
depuis hier j ai un souci chez moi franchement je suis un peu confus pouvez vous m expliquer clairement votre mission pour mon habitation principale ça me fatigue un peu veuillez m aider s il vs plaît,info_generale_tde
honnêtement je suis un peu confus eske que vous pouvez m expliquer franchement je suis perdu pouvez vous m aider autreemnt merci d avance,fallback
quelles sont les pièces justificatives demandées pour un branchement au niveau de l installation d eau pourquoi je vous remercie,demande_branchement
est ce qu il y a de l eau dans ma zone,zone_couverture
je peux faire kwa pour l eau,conseil_consommation
ça devient compliqué pour moi en ce moment franchement je veux créer un abonnement chez vous on est plusieurs à la maison ça me fatigue un peu merci,demande_abonnement
franchement je ne comprends pas comment ça fonctionne franchement demande de délivrance d un document depuis que je suis rentré à la maison ça me fatigue un peu,demande_document
l eau n est pas propre pour une famille de 5 personnes pourquoi svp j ai besoin d aide,signaler_eau_sale
numéro du service client tde,info_generale_tde
franchement il y a beaucoup d eau qui se perd à cause d une fuite près de chez moi où l eau ne coule presque pas pourquoi merci beaucoup,signaler_fuite
je suis vraiment fatgiué de cette situation franchement isgnalement de fuite à la société togolaise des eaux dans ma zone de résidence ça me fatigue un peu je compte sur vs,signaler_fuite
c est ouvert aujourd hui ou pas,horaire_agence
je souhaite contester le montant de ma facture qui me semble anormalement élevé,info_tarif
bonjour je voudrais connaître la liste complète des documents à fournir pour faire une demande de branchement d eau,demande_branchement
bonjour svp je voudrais obtenir un document officiel lié à mon abonnement merci chez moi où la pression est très faible depuis plusieurs jours pourquoi svp,demande_document
je ne comprends pas trop ce qui se passe chez moi franchement ma localité est elle incluse dans la zone de distribution ça dure depuis un bon moment ça me fatigue un peu emrci beaucoup,zone_couverture
j aimerais bien avoir des explications claires franchement c est quoi la procédure pour ouvrir un abonnement à la tde ça dure depuis un bon moment ça me fatigue un peu je compte sur vous,info_generale_tde
je veux couper l eau chez moi dans mon quartier à lomé pourquoi merci hein,zone_couverture
je voudrais une estimation réaliste de ce que je vais payer en eau selon ma consommation,simulation_facture
s il vous plaît c est assez urgent dans mon cas franchement je veux résilier mon abonnement à adidogomé chez moi à adidogomé depuis ce matin ça me fatigue un peu merci beaucoup,resiliation
ça fuit quelque part,signaler_fuite
s il vs plaît pouvez vous m aider à comprendre est ce que vous pouvez m expliquer je voudrais comprendre le processus complet pour réactiver mon compteur d eau chez moi à adidogomé merci,documents_reabonnement
expliquez moi la procédure de raccordement à la société togolaise des eaux pour mon habitation principale pourquoi,demande_branchement
l eau est coupée chez nous dans ma concession pourquoi,signaler_coupure
je veux faire le nécessaire pour avoir l eau,demande_branchement
bonsoir je voulais juste comprendre quelque chose rapidement franchement je veux un papier au niveau des robinets chez moi ça me fatigue un peu merci hein,fallback
vs avez exagéré sur ma facture,info_tarif
l eau n est pas claire,signaler_eau_sale
il y a une fuite d eau,signaler_fuite
documents nécessaires pour avoir l eau ça fait plusieurs jours maintenant pourquoi je vous remercie,documents_branchement
document disponible a la tde,info_generale_tde
franchement je suis perdu pouvez vous m aider autrement,fallback
liste des documents que je peux obtenir chez moi à adidogomé,documents_branchement
expliquez moi la procédure de raccordement à la société togolaise des eaux,demande_branchement
bonsoir je voulais juste comprendre quelque chose rapidement franchement couverture de la tde dans ma zone dans mon coin ici ça me fatigue un peu merci hein,info_generale_tde
honnêtement je suis un peu confus est ce que vous pouvez m expliquer est ce que vous avez commecné ma demande ça fait plusieurs jours maintenant aidez moi svp,suivi_demande_branchement
je voudrais comprendre le processus comlpet pr réactiver mon compteur d eau où on a souvent des coupures pourquoi je vs remercie,documents_reabonnement
je veux un contact direct avec la tde pour mon habitation prinicpale pourquoi merci,info_generale_tde
je ne comprends pas trop ce qui se passe chez moi est ce que vous pouvez m expliquer expliquez moi comment m abonner à l eau potbale chez moi où la pression est très faible depuis plusieurs jours svp j ai besoin d aide,demande_abonnement
je veux qu on coupe mon eau dans ma zone de résidence poruquoi je compte sur vs,zone_couverture
montant de facture incorrect,info_tarif
franchement ça commence à m inquiétre franchement svp pouvez vous m aider à récupérer ma facture ou un justificatif lié à mon abonnement où leau est un peu sale ça me fatigue un peu merci hein,info_tarif
honnêtement je suis un peu confus est ce que vous pouvez m expliquer franchement ça fait longtemps que j attends je veux savoir si ma dmeande a évolué ou pas où on a souvent des coupures,signaler_coupure
je voudrais me déplacer dans votre agence pour un renseignement pouvez vous me dire l adresse je viens d emménager ici pourquoi,contact_service_client
la tde a traité ma demande ou pas où la pression est très afible pourquoi svp,info_generale_tde
franchement bonjour je voudrais savoir comment fiare pour remettre l eau en service après une coupure dans la zone où j habite actuellement ça me fatgiue un peu svp,signaler_coupure
l eau ne vient pas bien où l eau est un peu sale pourquoi,signaler_eau_sale
je suis un peu perdu par rapport à tout ça est ce que vous pouvez m expliquer je veux savoir à peu près combien ça va coûter où la pression est très faible s il vs plaît,info_tarif
s il vs plaît pouvez vous m aider à comprendre eske que vs pouvez m expliquer bonsoir je voudrais asvoir quelles sont les pièces à fournir pour un raccordement à l eau dans ma maison où la pression est très faible je vous remercie,demande_branchement
s il vs plaît pouvez vous m aider à comprendre franchement ça ne coule pas dans un foyer avec plusieurs enfants ça me fatigue un peu merci d avance,signaler_coupure
est ce que vous pouvez m epxliquer quelles sont les pièces justificatives pour un réabonnement je reviens au pays récemment pardon pour le dérangement,documents_branchement
quels papiers fournir à la tde pour réactiver mon abonnement,info_generale_tde
franchmeent liste complète des documents accessibles aux clients on est plusieurs à la maison ça me fatigue un peu svp j ai besoin d aide,documents_branchement
,suivi_demande_branchement
kel papier pour abonnement eau,documents_branchement
quelles sont les étapes pour une remise en service de l eau je suis nouveau dans cette zone pourquoi,info_branchement
bonjour j aurais besoni d un renseignement s il vous platî est ce que vs pouvez m expliquer la tde c est quelle structure au juste dans notre quartier ici à tokoin,info_generale_tde
vs ouvrez à quelle heure on est environ 4 à utiliser l eau pourquoi,horaire_agence
franchement je suis perdu pouvez vous m aider autrement dans mon quartier à lomé depuis quelques jours pourquoi merci hein,zone_couverture
y a pas d eau chez moi là je reviens au pays récemment pourquoi,signaler_coupure
bonsoir je voulais juste comprendre quelque chose rapidement est ce que vous pouvez m expliquer salut je souhaite avoir un justificatif de mon abonnement d eau chez moi où la prsesion est très faible depius plusieurs jours veuillez m aider s il vous plaît,demande_document
couverture dans mon quartier chez nous ici là pourquoi s il vs plaît,zone_couverture
je veux résilier mon abonnement à la tde depuis ce matin pourquoi svp,info_generale_tde
je souhaite faire une demande de document administratif,documents_generaux
fuite d eau constatée dans ma zone,signaler_fuite
je ne comprends pas trop ce qui se passe chez moi franchement depuis que je suis rentré à la maison ça me fatigue un peu merci,modification_abonnement
s il vous plaît pouvez vous m aider à comprendre eske que vous pouvez m expliquer franchement je veux arrêter mon abonnement dites moi les doucments nécessaires pour la résiliation on est plusieurs à la maison merci,documents_resiliation
s il vous plaît pouvez vous m aider à comprendre est ce que vous pouvez m expliquer qu est ce que vous fournissez comme documents dans la maison que je viens de louer svp,documents_branchement
franchement je ne comprends pas comment ça fonctionne est ce que vous pouvez m expliquer je veux savoir à combien peut s élever ma facture au niveau de mon compteur depuis un moment svp j ai besoin d adie,info_tarif
franchemetn je ne comprends pas comment ça fonctionne est ce que vous pouvez m expliquer bonjour svp je voudrais connaître les horaires d ouverture de la tde merci,info_generale_tde
franchement je ne comprends pas comment ça fonctionne estc e que vous pouvez m expliquer l eau coule partout à cause d une fuite dans la maison que je viens de louer merci,signaler_fuite
je veux savoir ça a bougé ou pas dans mon quartier à lomé pourquoi pardon pour le dérangement,zone_couverture
je veux un justificatif délivré par la tde,info_generale_tde
svp j ai besoin de parler à quelqu un du service client pouvez vous me donner un numéro,contact_service_client
je veux mettre l eau chez moi chez moi où la pression est très faible depuis plusieurs jours pourqoui je vous remercie,demande_branchement
changer les informations de mon compteur dans mon foyer,modification_abonnement
comment faire pr utilisre moins d eau nous sommes une grande famille ici pourquoi merci hein,fallback
bonjour je voudrais connaître les horaires d ouverture de votre agence au niveau des robinets chez moi pourquoi je vous remercie,horaire_agence
ça fait plusieurs jours que j ai un problème franchement problème de canalisation avec ufite d eau dans mon coin ici ça me fatigue un peu,signaler_fuite
ça fait plusieurs jours que j ai un problème franchement étapes pour réactiver mon abonnemnet à la société togolaise des eaux je viens d emménager ici ça me fatigue un peu merci beaucoup,info_branchement
quelle est la procédure pour remettre l eau dans un foyer avec plusieurs enfants pourquoi,info_branchement
je souhaite faire une demadne de document administratif,documents_generaux
je souhaite vérfiier si je peux installer un copmteur dans mon habitation,demande_branchement
changer les informations de mon compteur dans mon foyer,modification_abonnement
heures d ouverture tde chez nous dans le quartier opurquoi s il vous plaît,info_generale_tde
ma zone est elle couverte,zone_couverture
s il vous plaît pouvez vous m aider à comprendre set ce que vous pouvez m expliquer comment faire pour remettre mon eau en service on est plusieurs à la maison aidez moi svp,info_reabonnement
comment faire pour avoir l eau dans mon foyer pour ma maison pourquoi pardon pour le dérangement,info_branchement
c est important pour moi d avoir une solution eske que vous pouvez m expliquer eau non potable sur toute l installation dans la maison,signaler_eau_sale
bonsoir je voulasi juste comprendre quelque chose rapidement eske que vous pouvez m expliquer svp aidez moi à savoir si mon habitation est éligible on est environ 4 à utiliser l eua svp,eligibilite_branchement
j ai vriament besoin d une réponse rapide franchement quand ouvrir dans mon quartier chez nous dans le quartier ça me fatigue un peu merci hein,zone_couverture
comment fonctionne un branchement d eau,demande_branchement
type de document disponible,demande_document
combien je peut payer environ,simulation_facture
ça fait plusieurs ojurs que j ai un problème franchement change de sujet ça me fatigue un peu je compte sur vous,fallback
bonsoir combien d eau une famille utilise en moyenne par mois,info_consommation_moyenne
ouvrir un contrat d eau potable pour mon habitation principale pourquoi merci d avance,horaire_agence
branchement possible ici,demande_branchement
bonjour excusez moi de vous déranger mais j ai une question est ce que vs pouvez m expliqure je ne veu plus de leau au niveau de l installation d eau,resiliation
je suis vraiment fatigué de cette situation franchement ma localité est elle incluse dans la zone de distribution dans mon quartier à lomé ça me fatigue un peu s il vous plaît,zone_couverture
on souffre un peu ici j aimerais comprendre est ce que vous pouvez m expliquer je voudrais avoir votre numéro de téléphone pour vous contacter dans mon quartier à lomé depuis quelques jours merci d avance,contact_service_client
,documents_resiliation
grand j ai un souci avec ça là franchement quels papiers pour reprendre l eau dans mon foyer sur toute l installation dans la maison ça me fatigue un peu merci d avance,documents_reabonnement
ça devient compliqué pour moi en ce moment franchement je veux activer un abonnement d eau dans mon logement chez moi avec ma famille ça me fatigue un peu merci,demande_abonnement
franchement ça commence à m inquiéter franchement documents nécessaires pour mon foyer on est environ 4 à utiliser l eau ça me fatigue un peu aidez moi svp,documents_branchement
je ne comprends pas trop ce qui se passe chez moi franchement consommation o selon la société togolaise des eaux où l eau est un peu sale ça me fatigue un peu,signaler_eau_sale
franchement je veux savoir quand je peux venir à vos bureaux chez nous dans le quartier pourquoi,zone_couverture
documents disponibles à la tde,info_generale_tde
chef y a un problème ici chez nous franchement salut je veux juste savoir combien je dois prévoir pour l eau chaque mois dans un foyer normal au niveau de mon compteur ça me fatigue un peu je compte sur vous,simulation_facture
bonjour j aurais besoin d un renseignement s il vous plaît franchement optimiser l eau pr une famille de 5 personnes sur mon branchement actuel ça me fatigue un peu,demande_branchement
pour arrêter l eau là on demande quels papiers,documents_resiliation
s il vous plaît c est assez urgent dans mon cas est ce que vous pouvez m expliquer souscrire un contrat d eau depuis que je suis rentré à la maison s il vous lpaît,demande_abonnement
j ai vraiment besoin d une réponse rapide est ce que vous pouvez m expliquer je ne comprends pas ma facture de la tde dans mon foyer aidez moi svp,info_tarif
ça fait plusieurs jours que j ai un problème franchement je souhaite mettre fin à mon contrat d eau pour ma maison ça me fatigue un peu svp j ai besoin d aide,resiliation
salut je voulais me renseigner sur quelque chose franchement svp aidez moi je veux comprenrde toute la procédure pour avoir l eau à domicile au niveau de mon compteur depuis un moment ça me fatigue un peu svp j ai besoin d aide,info_branchement
depuis hier j ai un souci chez moi est ce que vs pouvez m expliquer comment faire pr reprendre l eau je viens jutse de prnedre la maison merci beaucoup,info_reabonnement
on souffre un peu ici j aimerais comprendre franchement quels papiers il faut déposer pour avoir le au ça dure depuis un bon moment ça me fatigue un peu merci,documents_branchement
salut je voulais me renseigner sur quelque chose est ce que vous pouvez m expliquer pourquoi je paie autant pr l eau chez moi à adidogomé svp,info_tarif
comment réduire consommation avec la société togolaise des eaux,conseil_consommation
je ne comprends pas trop ce qui se passe chez moi franhcement je fai comment pour reactiver dans un foyer avec plusieurs enfants ça me fatigue un peu merci d avance,info_reabonnement
je veux mettre l eau sur mon nom là,demande_abonnement
mon logement est il éligible au réseau d eau dans la zone où je viens de mménager pourquoi merci hein,zone_couverture
ça ne correspond pas pour une famille de 5 personnes pourquoi merci d avance,reclamation_facture
documents disponibles à la tde pour mon habitation principale pourquoi pardon pour le dérangement,info_generale_tde
à quelle étape se trouve ma demande,suivi_demande_branchement
je ne comprends pas ma facture de la tde pour ma maiosn pourquoi,info_tarif
vous pouvez reformuler au niveau de mon compteur depuis un moment pourquoi svp j ai besoin d aide,fallback
il y a une erreur sur ma facture,reclamation_facture
documents nécessaires pour réactiver mon compteur dans mon uqartier on est plusieurs à la maison pourquoi,documents_branchement
changer titulaire compteur,modification_abonnement
ça devient compliqué pour moi en ce moment franchement franchement je suis un peu perdu j aimerais comprendre combien coûte réellement l eau chez vous où la pression est très faible ça me fatigue un peu,info_tarif
je ne comprends pas trop ce qui se passe chez moi franchement eau movaise qualite dans la zone où j habite actuellement ça me fatigue un peu s il vous plaît,zone_couverture
statut de ma demande,suivi_demande_branchement
ma demande est à quel niveau dans la zone où j habite actuellement pourquoi,zone_couverture
comment joindre la tde,info_generale_tde
bonsoir je vous contacte parce que j ai une préoccupation est ce que vous pouvez m expliquer je veu metre labonement a mon nom dans la zone où j habite actuellement,zone_couverture
documents accessibles pour mon foyer,documents_branchement
liste complète des documents accessibles aux clients,documents_branchement
problème de pression d eau insuffisante sur mon branchement actuel pourquoi merci hein,demande_branchement
franchement je suis un peu perdu je veux savoir combien prvéoir pr l eau chaque mois dans mon foyer chez moi à adidogomé depuis ce matin pourquoi,simulation_facture
j ai vraiment besoin d une réponse rapide franchement horaire travail tde ça me fatigue un peu svp j ai besoin d aide,info_generale_tde
ma facture n est pas normale dans ma nouvelle maison pourquoi je vs remercie,info_tarif
est ce que vs pouvez m expliquer je peux avoir mon papier dans mon coin ici je compte sur vous,demande_document
tuyau cassé près de chez moi dans ma maison avec ma famille depuis hier pourquoi aidez moi svp,signaler_fuite
salut je veux reprendre mon abonnement d eau dites moi les étapes à suivre,info_branchement
s il vous plaît c est assez urgent dans mon cas est ce que vous pouvez m expliquer je souhaite vérifier si ma zone est desservie par le réseau d eau récemment j ai commencé à remarquer ça merci hein,zone_couverture
bonsoir je vous contacte parce que j ai une préoccupation franchement où la pression est très faible ça me fatigue un peu,signaler_eau_sale
je suis vraiment fatigué de cette situation est ce que vous pouvez m expliquer des conseils pr économiser l eua dans mon coin ici je vous remercie,conseil_consommation
le branchement d eau là ça se passe comment où la pression est très faible pourquoi merci beaucoup,demande_branchement
ya pa deau pour mon habitation principale pourquoi emrci beaucoup,signaler_coupure
s il vous plaît c est assez urgent dans mon cas est ce que vous pouvez m expliquer c pa clair dans mon coin ici,fallback
bonsoir je voulais juste comprendre quelque chose rapidement franchement procedure pour remetre leau nous sommes une grande famille ici ça me fatigue un peu merci beaucoup,info_reabonnement
eau de mauvaise qualité je viens d emménager ici pourquoi,signaler_eau_sale
on souffre un peu ici j aimerais comprendre est ce que vs pouvez m expliquer je veux m abonner à la tde au niveau des robinets chez moi merci,info_generale_tde
honnêtement je suis un peu confus est ce que vous pouvez m expliquer au niveau des robinets chez moi merci beuacoup,demande_document
j ai vraiment besoin d nue réopnse rapide franchement pression insuffisante eau sur toute l installation dans la maison ça me fatigue un peu je vous remercie,signaler_basse_pression
franchement ça commence à m inquiéter franchement astuces pour économiser l eau où on a souvent des coupures ça me fatigue un peu aidez moi svp,signaler_coupure
je veux savoir si ça évolue ça fait plusieurs jours maintenant pourquoi s il vs plaît,suivi_demande_branchement
franchement je suis un peu perdu je veux savoir combien prévoir pour l eau chaque mois dans mon foyer je viens juste de prendre la maison pourquoi aidez moi svp,simulation_facture
bonsoir je vous contcate parce que j ai une préoccupatoin est ce que vous pouvez m expliquer pour mon habitation principale svp j ai besoin d aide,signaler_coupure
je viens d emménager ici pourquoi je vous remercie,info_reabonnement
franchement ma facture est trop chère je veux comprendre pourquoi,info_tarif
j ai vraiment besoin d une réponse rapide est ce que vous pouvez m expliquer je veu suivre mon dossire au niveau des robinets chez moi merci d avance,suivi_demande_branchement
svp expliquez moi un peu la tde parce que je comprends pas trop vos services,info_generale_tde
on osuffre un peu ici j aimerais comprendre est ce que vs pouvez m expliuqer dans mon quartier à lomé svp j ai besoin d aide,zone_couverture
c est inutile comme réponse,fallback
franchement je ne comprends pas comment ça fonctionne est ce que vous pouvez m expliquer de quels documents ai je besoin pour faire un branchement là où je suis actuellement je vous remercie,demande_branchement
je suis vraiment fatigué de cette situation est ce que vous pouvez m expliquer si j utilise l eau normalement combien je vais payer dans mon quartier à lomé depuis quelques jours s il vous plaît,zone_couverture
je veux faire une demande de branchement à la tde chez moi où la pressino est très faible depuis plusieurs jours pourquoi pardon pour le dérangement,info_generale_tde
honnêtement je suis un peu confus franchement franchement je veux avoir une idée de tous les documents que vous fournissez aux clients chez moi à adiodgomé ça me fatigue un peu,documents_branchement
dans ma maison avec ma famille depuis hier pourquoi svp,horaire_agence
je veux savoir si mon branchement est en cours,demande_branchement
bonsoir je vous contacte parce que j ai une préoccupation frnachement tuyau percé chez moi à adidogomé ça me fatigue un peu mecri beaucoup,signaler_fuite
bonjour svp il n y a pas d eau chez moi depuis ce matin pouvez vous vérifier merci depuis ce matin pourquoi s il vous plaît,signaler_coupure
honnêtement je suis un peu confsu franchement je doi fournir koi pour remetre leau chez nous dans le quartier ça me fatigue un peu veuillez m aider s il vous platî,zone_couverture
quels documents pour un branchement chez moi à adidogomé,demande_branchement
arreter mon contrat deau,resiliation
je suis un peu perdu par rapport à tout ça franchement quels types de documents proposez vous chez nous ici là ça me fatigue un peu veuillez m aider s il vous plaît,documents_branchement
je souhaite vérifier si je peux installer un compteur dans mon habitation,demande_branchement
j aimerais bien avori des explications clairse est ce que vous pouvez m expliquer ça n a rien à voir depuis quelques jours déjà merci hein,fallback
bonojur j aurais besoin d un renseignement s il vous plaît franchement l eau est sale là chez moi avec ma famille ça me fatigue un peu s il vous plaît,signaler_eau_sale
honnêtement je suis un peu confus est ce que vous pouvez m expliquer y a l eau chez nous avec la tde chez nous dans le quartier veuillez m aider s il vous plaît,info_generale_tde
bonsoir je voulais juste comprendre quelque chose rapideemnt est ce que vs pouvez m expliquer je voudrais avoir les détails sur les pièces justificatives demandées pour un branchement d eau depuis que je suis rentré à la maison svp j ai besoin d aide,demande_branchement
bonsoir ça peut paraitre simple mais je ne comprends pas bien votre rôle est ce que vous pouvez m expliquer clairement ce que fait la tde societe togolaise des eaux au quotidien chez moi où la pression est très faible depuis plusieurs jours pourquoi svp j ai besoin d aide,info_generale_tde
franchement je suis perdu pouvez vous m aider aturement,fallback
j ai vraiment besoin d une réponse rapide franchement l eau ne coule plus où la pression est très faible ça me fatigue un peu pardon pour le dérangement,signaler_coupure
je veux commencer la procédure pour avoir l eau je suis nouveau dans cette zone opurquoi merci,info_branchement
c est combien l aeu ici à lomé,info_tarif
je veux avoir un contrat d eau pour ma maison,demande_abonnement
est ce que vous pouvez m expliquer combien d eau une maison utilise par mois je suis nouveau dans cette zone je compte sur vous,zone_couverture
bonojur j aurais besoin d un renseignement s il vs plaît est ce que vous pouvez m expliquer où en est le traietment de mon brnachement au niveau de mon secteur ici aidez moi svp,suivi_demande_branchement
problème de qualité d eau avec la société togolaise des eaux,signaler_eau_sale
je suis un peu perdu par rapport à tout ça eske que vous pouvez m expliquer eau de mauvaise qualité chez moi avec ma famille svp,signaler_eau_sale
je veux comprendre les démarches pour avoir l eau,info_branchement
svp aidez moi je veux savoir si mon dossier de branchement est en cours de traitement pourquoi merci beaucoup,demande_branchement
svp pouvez vous m expliquer comment vous gérez la distribution d eau dans les différentes zones chez moi à adidogomé depuis ce matin pourquoi svp,zone_couverture
faible pression de au à la tde on est environ 4 à utiliser l eau pourquoi aidez moi svp,info_generale_tde
je veux raccorder ma maison au réseau d eau,demande_branchement
je veux un justificatif pour mon compteur dans mon quartier nous sommes une grande famille ici pourquoi svp,demande_document
salut je veux savoir quels documents je peux obtenir auprès de vs,documents_branchement
je suis vraiment fatigué de cette situation franchement je veu savior combien sa va me couté dans notre quartier ici à tokoin ça me fatigue un peu merci beaucoup,zone_couverture
salut je voluais me renseigner sur quelque chose est ce que vous pouvez m expliquer comment se passe le branchement à la tde au niveau de mon compteur deupis un momnet svp,info_generale_tde
s il vous plaît pouvez vous m aider à comprendre eske que vous pouvez m expliquer je veux comprendre comment on obtient l eau à domicile ça fait plusieurs jours maintenant,info_branchement
bonjour j aurais besoin d un renseignement s il vous palît franchement quels papiers pour abonnement où la pression est très faible ça me fatigue un peu,documents_branchement
faible pression d eau depuis ce matin pourquoi,signaler_basse_pression
plages horaires du service client,horaire_agence
ça fait plusieurs jours que j ai un problème franchement le mnotant de ma fatcure semble incorrect je suis nouveau dans ctete zone ça me fatigue un peu pardon pr le dérangement,zone_couverture
ocmbien je peux payer pour l eau pour ma maison pourquoi pardon pour le dérangement,simulation_facture
bonsoir je vous contacte parce que j ai une préoccupation franchement je veux faire une modification où l eau ne coule presque pas ça me fatigue un peu merci,modification_abonnement
liste des pièces pour résiliation,documents_branchement
bonjour je voudrais avoir une estimation de ma facture d eau pour un foyer moyen afin de mieux prévoir mes dépenses mensuelles,info_tarif
bonsoir est ce que vous fournissez de l eau dans mon quartier,zone_couverture
eau qui fuit dans la rue dans ma nouvelle maison pourquio je vous remercie,signaler_fuite
bjr je voudrais connaître la liste des documents nécessaires pour faire un réabonnement d eau après une coupure,documents_branchement
je veux un papier,demande_document
franchement je ne comprends pas comment ça fonctoinne franchement salut je veux savior comment utiliser moins d eau chez moi dans ma maison avec ma famille depuis hier ça me fatigue un peu s il vous plaît,conseil_consommation
franchement je veux anticiper mes dépenses pouvez vous m aider à simuler une facture d eau,info_tarif
franchement je dois mettre à jour mon abonnement d eau pouvez vous m aider ça dure depuis un bon moment pourquoi pardon pour le dérangement,modification_abonnement
depuis hier j ai un souci chez moi franchement expliquez moi comment fonctionne le raccordement à l eau au niveau des robinets chez moi ça me fatigue un peu svp,demande_branchement
quoi,fallback
incident lié à la qualité de l eau,signaler_eau_sale
je veux farie un abonnement,demande_abonnement
je veux un contact direct avec la tde,info_generale_tde
bonjour excusez moi de vs déranger mais j ai une question est ce que vous pouvez m expliquer si on est en famille là on peut payer combien pour l eau où l eau est un peu sale je vous remercie,signaler_eau_sale
je suis un peu perdu par rapport à tout ça franchement consommation moyenne selon la tde depuis ce matin ça me fatigue un peu merci d avance,info_generale_tde
est ce possible d avoir un branchement où l eau ne coule presque pas pourquoi svp,demande_branchement
présence de la tde dans mon quartier dans la zone où j habite actuellement pourquoi je vous remercie,zone_couverture
je suis vraiment fatigué de cette situation est ce que vous pouvez m expliquer comment faire pour reprendre l eau chez nous ici là svp j ai besoin d aide,info_reabonnement
salut je ne veux plus de mon abonnement d eau merci de le résilier,resiliation
bonjour svp je voudrais des conseils pour réduire ma consommation d eau merci chez nous dans le quartier pourquoi evuillez m aider s il vous plaît,zone_couverture
ça fait plusieurs jours que j ai un problème est ce que vous pouvez m expliquer je veux avoir le au dans mon quartier je viens juste de prendre la maison svp j ai besoin d aide,zone_couverture
expliker moi les etapes de branchement,demande_branchement
on souffre un peu ici j aimerais comprendre est ce que vs pouvez m expliquer puis je avoir l eau à mon domicile chez nous ici là je compte sur vous,eligibilite_branchement
expliquez moi votre rôle en tant que société togolaise des eaux,info_generale_tde
comment se passe le branchement d eau chez moi à adidogomé récemment j ai commencé à remarquer ça pourquoi s il vous plaît,demande_branchement
bonjour excusez moi de vous déranger mais j ai une question franchement simulation facture deau svp au niveau de l installation d eau ça me fatigue un peu merci d avance,info_tarif
bonjour excusez moi de vous déranger mais j ai une question est ce que vous pouvez m expliquer je souhaite transfréer l abonnement à mon nom car j ai repris la maison sur toute l installation dans la maison merci beacuoup,modification_abonnement
s il vous plaît ce st assez urgent dans mon cas franchement quelles sont les démarches pour avoir un abonnement d eau dans ma nouvelle maison ça me fatigue un peu,demande_abonnement
debit eau faible,signaler_basse_pression
modifier les informations de mon abonnement,modification_abonnement
je souhaite mettre fin à mon abonnement car je déémnage dans un foyer avec plusieurs enfants pourquoi merci d avance,resiliation
bjr svp je souhaite résileir mon abonnement d eau merci,resiliation
je veux avoir une idée du montant de ma facture,info_tarif
comment se passe le barnchement à la tde dans mon quartier à lomé pourquoi s il vous plaît,info_generale_tde
j ai vraiment besoin d une réponse rapide est ce que vous pouvez m expliquer bonjour je voudrais obtenir un document officiel concernant mon abonnement d eau au niveau de l installation d aeu,demande_document
expliquez moi les tarifs appliqués par la société togolaise des eaux,info_tarif
ça ne répond pas à ma question,fallback
j aimerais bien avori des explications claires franchement comment se passe le branchement à la tde ça me fatigue un peu s il vous plaît,info_generale_tde
la tde c est bien la société togolaise des eaux non,info_generale_tde
on souffre un peu ici j aimerais comprendre estc e que vous pouvez m expliquer modifier mon abonnement dans mon quartier chez moi avec ma famille merci beaucoup,modification_abonnement
bonjour il y a une fuite d eau importante devant chez moi pouvez vous intervenir dans ma maison avec ma famille depuis hier pourquoi je vous remercie,signaler_fuite
on ne peut pas boire cette o chez moi à adidogomé depuis ce matin pourquoi merci beaucoup,signaler_eau_sale
je vous écris pour avoir des informations précises est ce que vous pouvez m expliquer mettre à jour mon abonnement pour ma maison dans un foyer avec plusieurs enfants merci beaucoup,modification_abonnement
j ai vraiment besoin d une réopnse rapide franchement je veu couper mon abonnement dans la zone où j habite actuellement ça me fatigue un peu merci d avance,zone_couverture
franchement ça commence à m inquiéter franchement je souhatie faire un branchement d eau pr ma maison je suis nouveau dans cette zone ça me fatigue un peu svp,demande_branchement
honnêtement je suis un peu confus est ce que vous pouvez m expliquer donnez moi une estimatoin de facture chez la société togolaise des eaux pour mon habitation principale merci beaucoup,info_tarif
rédurie consommation eau à adidogomé dans mon coin ici pourquoi pardon pour le dérangement,conseil_consommation
grand j ai un souci avec ça là est ce que vs pouvez m expliquer je veux savoir si mon branchement est en cours je vs rmeercie,demande_branchement
possibilité de raccordement à la société togolaise des eaux,demande_branchement
salut je veux résilier mon abonnement pouvez vous me donner la liste complète des documents à fournir on est plusieurs à la maison pourquoi svp j ai besoin d aide,documents_branchement
bonsoir je voulais juste comprendre quelque chose rapidement est ce que vous pouvez m expliquer l eau sort faiblement dans mon quartier à lomé depuis quelques jours svp j ai besoin d aide,zone_couverture
bonjour j aurais besoin d un renseignement s il vous plaît franchement je veux récupérer un justificatif dans ma concession ça me fatigue un peu svp j ai besoin d aide,demande_document
comment remettre l eau avec la tde,info_generale_tde
j ai vraiment besoin d une réponse rapide est ce que vous pouvez m expliquer l eau là vous vendez ça à combien dans mon foyer svp,info_tarif
on m a parlé de la tde mais j aimerais comprnedre concrètement vos missions dans notre quartier ici à tokoin pourquoi pardon pour le dérangement,info_generale_tde
problème de pression avec la société togolaise des eaux où on a souvent des coupures pourquoi merci,signaler_coupure
svp je veux installer un compteur d eau chez moi pouvez vous m aider à faire la demnade sur mon branchement actuel pourquoi,demande_branchement
bonsoir je voulais juste comprendre quelque chose rapidement franchement je dois préparer kwa ocmme dossier dans ma concession ça me fatigue un peu s il vous plîat,documents_branchement
demander un papier officiel,demande_document
on souffre un peu ici j aimerais comprendre franchement uq est ce qu on demande pour un branchement depuis hier soir ça me fatigue un peu,demande_branchement
bnojour j aurais besoin d un renseignemetn s il vous palît est ce que vous pouvez m expliquer je veux passer à l action pour avoir l eau au niveau de l installation d eau svp,demande_branchement
je veu metre labonement a mon nom,demande_abonnement
horaires société togolaise des eaux,horaire_agence
problème de distribution avec faible pression,signaler_basse_pression
documents pr résilitaion de mon abonnement dans mon foyer pour ma maison pourquoi,documents_branchement
salut je voluais me renseigner sur quelque chose est ce que vous pouvez m expliquer je dois préparer quoi pour arrêter le contrat au inveau de mon compteur depuis un omment svp j ai besoin d aide,documents_resiliation
documents nécessaires pour résiliation à la sociéét togolaise des eaux,documents_branchement
honnêtement je suis un peu confus eske que vous pouvze m expliquer franchement je veux anticiper mes dépenses pouvez vous m aider à simuler une factuer d eau depuis hier soir,simulation_facture
modifier les informations de mon abonnement là où je suis actuellement pourquoi merci hein,modification_abonnement
bonjour j aurais besoin d un renseignement s il vous plaît est ce que vous pouvez m exlpiquer svp aidez moi je veux obtenir un document concernant mon abonnement dans ma maison avec ma famille depuis hier,demande_document
ça devient compliqué pour moi en ce moment franchement je souhaite connaître la consommation moyenne d eau par foyer pour ma maison ça me ftaigue un peu pardon pour le dérangement,info_consommation_moyenne
o sale robinet ça dure depuis un bon moment pourquoi svp j ai besoin d aide,signaler_eau_sale
possibilité de branchement dans mon foyer au niveau de mon compteur depuis un moment pourquoi,demande_branchement
s il vous plaît c est assez urgent dans mon cas est ce que vous pouvez m expliquer quels papiers pour reprendre l eau on est environ 4 à utiliser l eau svp,documents_reabonnement
l eau est sale dans la maison que je viens de louer pourquoi svp,signaler_eau_sale
grand j ai un souci avec ça là franchement bonjour je voudrais savoir si je peux avoir un branchement d eau chez moi sur toute l installation dans la maison ça me fatigue un peu s il vous plaît,demande_branchement
faible pression d eau à adidogomé,signaler_basse_pression
quelles sont les pièces justificatives pour un réabonnement au niveau de l installation d eau pourquoi je vous remercie,documents_branchement
réclamation concernant une erreur de facturation,reclamation_facture
zone couverte à adidogomé,zone_couverture
bonjour j aurais besoin d un renseignement s il vous plaît est ce que vous pouvez m expliquer je ne veux pas des informations générales je veux un numéro pour vous appeler chez nous ici là s il vous plaît,contact_service_client
salut je voulais me renseigner sur quelque chose franchement svp pouvez vous m aider à changer le nom du titulaire du compteur dans mon foyer ça me fatigue un peu pardon pour le dérangement,modification_abonnement
vérification de l élgiibilité au branchement d eau potable au niveau de mon compteur depuis un moment pourquoi,demande_branchement
s il vous plaît pouvez vous m aider à comprendre franchement astuce economiser eau ça me fatigue un peu meric d avance,conseil_consommation
j ai vraiment besoin d une réponse rapide est ce que vs pouvez m expliquer le branchement d eau là ça se passe comment dans mon quartier à lomé depuis quelques jours,demande_branchement
tuyau percé,signaler_fuite
grand j ai un souci avec ça là franchement arrêter mon contrat d eau à lomé dans la maison que je vines de louer ça me fatigue un peu merci hein,fallback
chef y a un problème ici chez nous est ce que vous pouvez m expliquer vous ne comprenez pas ma question dans mon quartier à lomé depuis quelques jours je vous remercie,zone_couverture
j aimerais bien avoir des explications claires franchmeent nous sommes une grande famille ici ça me fatigue un peu je compte sur vs,signaler_fuite
quels papiers pour raccorder mon terrain,documents_branchement
je voudrais changer le nom sur le compteur suite à un changement de situation,modification_abonnement
vous facturez l eau comment exactement dans ma concession pourquoi svp j ai besoin d aide,info_tarif
je ne comprends pas trop ce qui se passe chez moi est ce que vous pouvez m expliquer donnez moi la liste des documents administratifs dans un foyer avec plusieurs enfants svp j ai besoin d aide,documents_generaux
fuite d eau signalée à la tde,info_generale_tde
grand j ai un souci avec ça là franchement de quels documents ai je besoin pr faire un branchement chez moi à adidogomé ça me fatigue un peu veuillez m aider s il vous plaît,demande_branchement
je suis vraiment fatigué de cette situation est ce que vous pouvez m expliquer au niveau de mon secetur ici,signaler_basse_pression
on peut demander qeuls papiers chez vous chez moi où la pression est très faible depuis pluiseurs jours pourquoi,documents_generaux
honnêtement je suis un peu confus est ce que vous pouvez m expliquer on fait comment pour réactiver où l aeu ne coule presque pas,documents_reabonnement
réduire consommation o à adidogomé,conseil_consommation
quels papiers il faut déposer pour que l eau revienne chez moi où la pression est très faible depusi plusieurs jours pourquoi merci hein,fallback
pièces à fournir pour raccordement,demande_branchement
est ce que vous pouvez m expliquer comment se réabonner là où je suis actuellement merci hein,fallback
salut je voulais me renseigner sur quelque chose est ce que vous pouvez m expliquer comment faire pour entrer en contact avec vous dans mon quartier à lomé je compte sur vous,zone_couverture
franchement quantité d aeu utilisée par mois chez moi même ici ça me fatigue un peu merci d avance,info_consommation_moyenne
je ne comprends pas trop ce qui se passe chez moi franchement quels papiers fournir à la tde pour réactiver mon abonnement dans ma concession ça me faitgue un peu merci beaucoup,info_generale_tde
je suis un peu perdu par rapport à tout ça est ce que vous pouvez m expliquer horaire travail tde chez moi à adidogomé merci beaucoup,info_generale_tde
on souffre un peu ici j aimerais comprendre est ce que vs puovez m expliquer je veux asvoir quels documenst vs sortez je copmte sur vous,documents_generaux
on souffre un peu ici j aimerais ocmprendre franchement il n y a rien qui sort on est envrion 4 à utiliser l eau ça me fatigue un peu aidez moi svp,signaler_coupure
bonsoir je voulais juste comprendre quelque chose rapidement est ce que vs pouvez m expliquer est ce que ma zone est couverte où on a souvent des coupures merci beaucoup,signaler_coupure
je dois fournir quoi pour arrêter l eau,documents_resiliation
franchement je veux mettre à jour les informatoins liées à mon abonnement d eau par rapport à mon abonnement actuel pourquoi,modification_abonnement
je souhaite signaler une fuite d eau au niveau des robinets chez moi pourquoi je compte sur vous,signaler_fuite
s il vous plaît c est assez urgent dans mon cas franchement comment se déroule la procédure de branchement sur toute l installation dans la maison ça me fatigue un peu merci d avance,demande_branchement
je voudrais changer le nom sur le compteur suite à un changement de situation,modification_abonnement
bonjour j aurais besoin d un renseignement s il vous plaît franchemnet dossier de réactivation ça dure depuis un bon moment ça me fatigue un peu je vous remercie,documents_branchement
chef y a un problème ici chez nous est ce que vous pouvez m expliquer c est comment pour remettre l eau récemment j ai commencé à remarquer ça merci beaucoup,info_reabonnement
l eau sort faiblement chez moi je viens juste de prendre la maison pourquoi s il vous plaît,signaler_basse_pression
bonsoir je veux arrêter mon contrat d eau pouvez vous m aider dans ma nouvelle maison pourquoi je compte sur vs,resiliation
présence de la tde dans mon quartier chez nous dans le quartier pourquoi,info_generale_tde
franchement je ne comprends pas comment ça fonctionne est ce que vous puovez m expliquer l eau a une couleur étrange ça fait plusieurs jours maintenant merci hein,fallback
bonjour svp je souhaite résilier mon abonnement d eau pouvez vous me dire quels documents fournir merci au niveau de mon compteur depuis un moment pourquoi je compte sur vous,documents_branchement
bonsoir je voulais juste comprendre quelque chose rapidement franchement franchement je suis un peu perdu j aimerais comprendre combien coûte réellement l eau chez vous où on a souvent des coupures ça me fatigue un peu svp,info_tarif
s il vous plaît pouvez vous m aider à comprendre franchement bonsoir on n a plus d eau dans notre quartier depuis pluiseurs heures pr ma maison ça me fatigue un peu merci hein,zone_couverture
procéder à la fermeture de mon compteur d eau,resiliation
est ce que vous forunissez de l eau dans ma zone,zone_couverture
information sur la couverture géographique du réseau d eau,zone_couverture
il y a une erreur sur ma facture,reclamation_facture
l eau ne donne pas confiance pourquoi je compte sur vous,signaler_eau_sale
je peux avoir mon papier,demande_document
s il vous plaît opuvez vous m aider à comprendre est ce que vous pouvez m expliquer éligibilité branchement à adidogomé chez moi à adidogomé merci beaucoup,demande_branchement
modifier les informations de mon abonnement à la société togolaise des eaux dans notre quartier ici à tokoin pourquoi svp j ai besoin d aide,modification_abonnement
bonjour excusez moi de vous déranger mais j ai une question franchement où l eau est un peu sale ça me fatigue un peu merci hein,signaler_eau_sale
franchmeent je ne comprends pas comment ça fonctionne est ce que vous pouvez m expliquer demande de résiliation à la société togolaise des eaux merci hein,documents_resiliation
expliquez moi comment l eau est distribuée dans les quartiers,zone_couverture
ça fait plusieurs jours que j ai un problème franchement combien coûte l eau là où je suis actuellement ça me fatigue un peu veuillez m aider s il vous plaît,info_tarif
je ne comprends pas ma facture au niveau de mon compteur pourquoi,info_tarif
est ce que vous pouvez m expliquer je veu comprendre comment avoir leau nous sommes une grande famlile ici merci,info_branchement
je veux qu on arrête mon o dans la maison que je viens de louer pourquoi svp,resiliation
quels justificatifs fournir pr une réactivation de compteur dans mon foyer pourquoi merci beaucoup,demande_document
s il vous plaît c est assez urgent dans mon cas est ce que vous pouvez m expliquer ou se trouve votre agence pour une famille de 5 personnes,contact_service_client
ça deveint compliqué pour moi en ce moment franchement quels sont les tarifs de la tde depuis hier soir ça me fatigue un peu merci hein,info_tarif
salut l eau est coupée chez moi pouvez vous m aider où la pression est très faible pourquoi,signaler_coupure
l eau est faible,signaler_basse_pression
étapes pr réactiver mon abonnement à la société togolaise des eaux dans ma zone de résidence pourquoi,info_branchement
je peux installer un compteur ici dans ma nouvelle maison pourquoi je compte sur vous,demande_branchement
j ai vraimnet besoin d une réponse rapide est ce que vs pouvez m expliquer le débit n est pas normal au niveau de mon compteur merci,signaler_basse_pression
remettre l eau après coupure,signaler_coupure
je veux être responsable de l eau chez moi dans mon quartier à lomé depuis quelques jours pourquoi,zone_couverture
eau non potable,signaler_eau_sale
est ce que vous pouvez m expliquer l eau est faible là au niveau de mon compteur depuis un moment je vous remercie,signaler_basse_pression
est ce que vous pouvez m expliqure leau ne coule plu dans ma maison avec ma famille depuis hier merci,signaler_coupure
franchement je ne comprends pas comment ça fonctionne franchement mettre le compteur à mon nom à adidogomé dans mon quartier à lomé depuis quelques jours ça me fatigue un peu pardon pour le dérangement,zone_couverture
je souhaite mettre fin à mon contrat d eau au niveau de l installation d aeu pourquoi s il vous plaît,resiliation
pas d eau dans mon foyer dans ma maisno avec ma famille depuis hier pourquoi,signaler_coupure
franchement leau est bizarre récemment j ai commencé à remarquer ça ça me fatigue un peu je vous remercie,signaler_eau_sale
de quels documents ai je besoin pour faire un branchement,demande_branchement
gerer eau maison,conseil_consommation
chef y a un problème ici chez nous franchement documents nécessaires pour un branchement à la société togolaise des eaux au niveau de mon sceteur ici ça me fatigue un peu merci d avance,demande_branchement
changer nom compteur eau,modification_abonnement
honnêtement je suis un peu confus franchement problème de canalisation avec fuite d eau au niveau des robinets chez moi ça me fatigue un peu je vous remercie,signaler_fuite
quels papiers pour reprendre l eau dans mon foyer,documents_reabonnement
je veux un branchement d eau chez moi à adidogomé depuis quelques jours déjà pourquoi svp j ai besoin d aide,demande_branchement
quelles sont les étapes pour une remise en service de l eau dans ma nouvelle masion pourquoi veuillez m aider s il vous plaît,info_branchement
modifier mon abonnement,modification_abonnement
comment remettre leau apres coupur pr une famille de 5 personnes pourquoi svp j ai besoin d aide,info_reabonnement
franchement l eau ne vient pas récemment j ai commencé à remarquer ça ça me fatigue un peu svp j ai besoin d aide,signaler_coupure
ça devient compliqué pr moi en ce moment franchement expliquez moi les frais sur ma consommation d eau chez moi où la pression est très faible depuis plusieurs jours ça me fatigue un peu merci hein,fallback
je veux prendre un papier chez vous,demande_document
je veu comprendre vos service,info_generale_tde
je peux faire kwa pour l eau,conseil_consommation
c est important pr moi d avoir une solution est ce que vous pouvez m expliquer rpoblème sur ma facture avec la société togolaise des eaux sur toute l installation dans la miason meric,info_tarif
je voudrais me déplacer dans votre agence pour un renseignemnet pouvez vous me dire l adrsese pourquoi merci,contact_service_client
on fait comment pour réactiver au niveau de mon secteur ici pourquoi aidez moi svp,documents_reabonnement
y a pas d eau chez moi là récemment j ai commencé à remarquer ça pourquoi emrci beaucoup,signaler_coupure
je veux evnir à votre bureau ça fait plusieurs jorus maintenant pourquoi veuillez m aiedr s il vous plaît,contact_service_client
s il vous plaît c est assez urgent dans mon cas est ce que vous pouvez m expliquer svp aidez moi je veux entamer une demande de branchement pour ma maison dans mon quarteir merci hein,demande_branchement
je ne comprends pas trop ce qui se passe chez moi est ce que vous pouvez m expliquer document pour branchement deau aidez moi svp,demande_branchement
je suis rvaiment aftigué de cette situation franchement conseils pour une gestion efficace de l eau depuis hier soir ça me fatigue un peu je compte sur vous,conseil_consommation
,demande_document
aidez moi je veux prévoir combien je vais payer chez moi même ici pourquoi svp j ai besoin d aide,simulation_facture
document pour reisliation deau,demande_document
est ce que vous pouvez m expliquer quels documents sont disponibles pour les clients à lomé au niveau de mon secteur ici merci,documents_branchement
je dois préparer quoi pour arrêter le contrat,documents_resiliation
je fais comment pour remettre l eau par rapport à mon abonnement actuel pourquoi merci,info_reabonnement
s il vous plaît pouvez vous m aider à comprendre est ce que vous pouvez m expliquer je veux entamer les démarches pr un raccordement depuis quelques ojurs déjà s il vous plaît,demande_branchement
honnêtement je suis un peu confus franchement c est inutile comme réponse on est plusieurs à la maison ça me fatigue un peu s il vous plaît,fallback
simulation afcture deau svp,simulation_facture
franchement ça commence à m inquiéter est ce que vous pouevz m expliquer combien je vai payer pour leau depuis que je suis rentré à la maison merci beaucoup,simulation_facture
je veu savoir le prix de leau pourquoi,info_tarif
on souffre un peu ici j aimearis comprendre franchement je veux résilier mon abonnement chez moi à adidogomé depuis ce matin ça me fatigue un peu pardon pour le dérangement,resiliation
facture anormale au niveua de mon compteur depuis un momnet pourquoi merci beaucoup,info_tarif
j aimerais bien avoir des explications claires franchement consommation d eau dans mon quartier depuis ce matin ça me fatigue un peu merci beaucoup,zone_couverture
types de documents disponibles chez nous dans le quartier pourquoi,documents_branchement
franchement absence totale d eau au niveau de l installation d eau ça me fatigue un peu,signaler_coupure
franchement ça commence à m inquiéter est ce que vous pouvez m expliquer combien o famille par rapport à mon abonnement actuel merci d avance,info_consommation_moyenne
franchement hein dans la zone où je viens d emménager ça me fatigue un peu merci beaucoup,zone_couverture
gestion consommation eau tde,info_generale_tde
combien d eau consomme une famille dans ma zone de résidence pourquoi s il vous plaît,zone_couverture
s il vs plaît pouvez vous m aider à comprendre est ce que vous pouvez m expliquer quels papiesr fournir à la tde pour arrêter mon contrat dans ma zone de résidence svp j ai besoin d aide,info_generale_tde
eske possible d avoir un branchement,demande_branchement
eske que vs pouvez m expliquer c est pas ça que je cherche au niveua de mon secteur ici svp,fallback
demande de document à la société togolaise des eaux dans ma maison avec ma famille depuis hier pourquoi merci beaucoup,demande_document
je dois fournir quoi pour vaoir l eau je viens d emménager ici pourquoi merci d avance,documents_branchement
je vous écris pour avoir des informations précises est ce que vous pouvez m expliquer svp aidez moi je veux changer les informations de mon compteur depuis que je suis rentré à la maison,modification_abonnement
chef y a un problème ici chez nous est ce que vs pouvez m expliquer où en est ma demande faite pour mon terrain chez moi à adidogomé svp,suivi_demande_branchement
ma demande est passée ou pas on est environ 4 à utiliser l eau pourquoi,suivi_demande_branchement
ça fuit fort dans la rue ércemment j ai commencé à remarquer ça pourquoi merci hein,fallback
je dois faire quoi pour que l eau revienne dans la zone où je viens d emménager pourquoi,zone_couverture
fracnhement c koi les tarif de leau au niveau de mon setceur ici ça me fatigue un peu svp j ai besoin daide,info_tarif
comment raccorder une maison à lomé au réseau d eau chez moi à adidogomé depuis ce matin pourquoi merci,info_branchement
bonsori je voulais juste comprendre quelque chose rapidement franchement l eau est vriament mauvaise au niveau des robinets chez moi ça me fatigue un peu merci hein,fallback
je ne comprends pas trop ce qui se passe chez moi est ce que vs pouvez m expliquer y a t il de l eau dans ma zone où l eau est un peu sale merci hein,signaler_eau_sale
c est posisble d avoir l eau chez moi avec ma famille pourquoi s il vous plaît,eligibilite_branchement
bonjour j aurais besoin d un renseignement s il vous plaît franchement quels sont les documents que je peux demander dans mon quartier à lomé depuis quelques jours ça me faitgue un peu svp j ai besoin d aide,documents_branchement
c est important pour moi d avoir une solution eske que vous pouvez m expliquer l eau met du temps à sortir dans mon coin ici merci d avance,signaler_basse_pression
je veu modifier mon abonnement on est environ 4 à utiliser l eau pourquoi,modification_abonnement
svp pouvez vous m expliquer les éatpes pour réactiver mon abonnement d eau,documents_reabonnement
svp aidez moi je veux connaître l ensemble des odcuments que vous mettez à disposition dans ma zone de résidence pourquoi,zone_couverture
je suis vraiment fatigué de cette situation est ce que vous pouvez m expliquer je veux que l eua arrive dans ma maison depuis ce amtin je compte sur vous,demande_branchement
je ne comprends pas trop ce qui se passe chez moi est ce que vous pouvez m expliquer je ne veux pas des informations générales je veux un numéro pour vs appeler svp,contact_service_client
est ce que vous pouvez m expliquer fuite d eau à adidogomé dans la maison que je viens de louer svp j ai besoin d aide,signaler_fuite
j aimerais bien avoir des explications claires rfanchement je peux installer un compteur ici dans mon quartier à lomé ça me fatigue un peu veuillez m aider s il vous palît,demande_branchement
ça ne coule pas crorectement où l eau ne colue presque pas pourquoi veuillez m aider s il vous plaît,signaler_basse_pression
je ne comprends pas trop ce qui se passe chez moi franchement eau sale à adidogomé où la pression est très faible ça me fatigue un peu merci d avance,signaler_eau_sale
on demande quoi pour résilier je viens juste de prendre la maison pourquoi merci beaucoup,resiliation
s il vous plaît c est assez urgent dans mon cas franchement cmoment rouvrir mon abonnement d eau au niveau de mon compteur depuis un mmoent ça me fatigue un peu merci d avance,horaire_agence
franchement ça ocmmence à m inquiéter franchement faible pression deau chez moi même ici ça me fatigue un peu,signaler_basse_pression
je ne comprends pas cette facture là dans un foyer avec plusieurs enfants pourquoi s il vous plaît,info_tarif
francheemnt je ne comprends pas comment ça fonctionne est ce que vous pouvez m expliquer donnez moi des astuces pour l eau où l eau est un peu sale svp j ai besoin d aide,signaler_eau_sale
dans ma maiosn avec ma famille depuis hier pourquoi,documents_branchement
conseils de la tde pour économiser l eau nous sommes une grande famille ici pourquoi,info_generale_tde
franchement je veux récupérer ça dans la zone où j habite actuellement ça me fatigue un peu merci d avance,zone_couverture
bonsoir est ce que ma maison est éligible à un branchement d eau,demande_branchement
franchement je veux suivre mon branchement ça me fatigue un peu,demande_branchement
bonsoir je souhaite avoir la liste des documents administratifs disponibles à la tde récemment j ai commencé à remarquer ça pourquoi,documents_generaux
je peux installer un compteur ici pourquoi pardon pour le dérangement,demande_branchement
quel est votre numéro dans notre quartier ici à tokoin pourquoi,zone_couverture
ya pa deau depuis que je suis rentré à la maison pourquoi je compte sur vous,signaler_coupure
c est combien en général pour ma maison pourquoi s il vous plaît,info_consommation_moyenne
ma demande est a kel niveau chez moi même ici pourquoi merci hein,fallback
je ne saisis pas votre réponse,fallback
est ce que vous pouvez m exlpiquer comment fonctionne le branchement chez la société togolaise des eaux chez moi à adidogomé depuis ce matin svp,demande_branchement
bonjour j aurais besoin d un renseignement s il vous plaît eske que vous pouvez m expliquer bonsoir ça peut paraitre simple mais je ne comprneds pas bien votre rôle est ce que vous pouvez m expliquer clairement ce que fait la tde societe togolaise des eaux au quotidien dans mon quartier à lomé svp j ai besoin d aide,info_generale_tde
bonjour je souhaite résilier mon abonnement d eau car je ne suis plus sur place où on a souvent des coupures pourquoi svp j ai besoin d aide,resiliation
je dois fournir quoi pour arrêter l eua,documents_resiliation
s il vous plaît c est assez urgent dans mon cas est ce que vous pouvez m expliquer pour une consommation normale dans ma masion combien ça fait merci hein,fallback
je vs écris pour avoir des informations précises franchement de quels dcouments a ije besoin pour faire un branchement chez moi où la pressino est très faible depuis plusieurs jours ça me fatigue un peu pardon pour le dérangement,demande_branchement
osuscrire un contrat d eau chez nous dans le quartier pourquoi pardon pour le dérangement,zone_couverture
chef y a un problème ici chez nous eske que vous pouvez m expliquer c est quoi la procédure pour ouvrir un abonnement à la tde dans la maison que je viens de louer,info_generale_tde
je suis un peu perdu par rapport à tout ça franchement franchement je suis un peu perdu j aimerais comprendre combien coûte réellement l eau chez vous là où je suis actuellement ça me fatigue un peu s il vous plaît,info_tarif
je veux savoir combien je vais payer pour l eau où l eau est un peu sale pourquoi je compte sur vous,signaler_eau_sale
honnêtement je suis un peu confus franchement expliquez moi comment l eau arrive chez les gens pour ma maison ça me fatigue un peu svp j ai besoin d aide,info_branchement
je voudrais estimer combien je vais payer pour l eau chaque mois,simulation_facture
je voudrais changer le nom sur le compteur suite à un changement de situation au niveau de l installation d eau pourquoi merci beaucoup,modification_abonnement
document pour resiliation deau pour une famille de 5 eprsonnes pourquoi,demande_document
franchement consommation moyenne à lomé depuis quelques jours déjà ça me fatigue un peu merci hein,info_consommation_moyenne
bonsoir je voulais juste comprendre quelque chose rapidement franchement l eau est bizarre pour ma maison ça me fatigue un peu merci hein,fallback
franchement la pression d eau est trop faible ça devient difficile dans mon foyer pourquoi merci beaucoup,signaler_basse_pression
je veux savoir si ça avance où l eau ne coule presque pas pourquoi,suivi_demande_branchement
combien je vais payer pour une famille de 5 personnes pour ma maison pourquoi merci,simulation_facture
où la tde fournit de l eau,info_generale_tde
bonjour excusez moi de vous déranger mais j ai une question franchement liste des pièces pour remettre l eau en srevice chez moi même ici ça me fatigue un peu je compte sur vous,documents_branchement
liste des pièces à fournir pour arrêter mon contrat chez moi à adidogomé pourquoi merci d avance,documents_branchement
puis je avoir l eau à mon domicile chez moi à adidogomé pourquoi je compte sur vous,eligibilite_branchement
avoir l eau à domicile dans mon quartier à lomé depuis qeulques juors pourquoi merci,zone_couverture
je veux faire un abonnement,demande_abonnement
est ce que vous pouvez m expliquer gestion eau dans mon quartier là où je suis actuellement merci,zone_couverture
je suis vraiment fatigué de cette situation est ce que vs pouvez m expliquer salut je veux savoir quand je peux passer à votre agence dans mon coin ici pardon pour le dérangement,horaire_agence
depuis hier j ai un souci chez moi franchement quel dsosier dois je constituer pour résilier mon contrat depuis hier soir ça me fatigue un peu je copmte sur vous,resiliation
je dois fournir quoi pour remettre l eau chez moi où la pression est très faible depuis plusieurs jours pourquoi je compte sur vs,documents_reabonnement
donnez moi mon document là,demande_document
comment améliorer ma consommation,conseil_consommation
je souahite vérifier si ma zone est desservie par le réseau d eau,zone_couverture
bonsoir je vous contacte parce que j ai une préoccupation est ce que vs pouvez m expliquer instaler un compteur chez moi dans la maison que je viens de louer,demande_branchement
bonjour excusez moi de vous déranger mais j ai une question est ce que vous pouvez m expliquer comment faire pr entrer en contact avec vs dans notre quartier ici à tookin veuillez m aider s il vous plaît,zone_couverture
,info_tarif
je veux récupérer un papier lié à mon abonnement chez moi,demande_document
mon dossier là ça a avancé ou bien dans la zone où je viens d emménager pourquoi adiez moi svp,documents_branchement
depuis hier j ai un souci chez moi franchement quelles sont les pièces justificatives pour un réabonnement on est environ 4 à utiliser l eau ça me fatigue un peu,documents_branchement
consommation normale c est combien,info_consommation_moyenne
je ne comprends pas trop ce qui se passe chez moi est ce que vous povuez m expliquer vous êtes dans mon coin dans mon quartier à lomé depuis quelques jours merci,zone_couverture
il y a de l eau qui s échappe chez moi même ici pourquoi,signaler_fuite
on souffre un peu ici j aimerais comprendre franchement faible pression d eau au niveau de mon compteur ça me fatigue un peu merci beaucoup,signaler_basse_pression
je suis un peu perdu par rapport à tout ça est ce que vs pouvez m expliquer faible pression d eau à aiddogomé sur toute l installation dans la maison veuillez m aider s il vous plaît,signaler_basse_pression
fuite dans ma rue,signaler_fuite
depuis hier j ai un souci chez moi franchement modifier les infos du compteur où l eau ne coule presque pas ça me fatigue un peu je compte sur vous,modification_abonnement
chef y a un problème ici chez nous eske que vous pouvez m expliqure expliquez moi les tarifs appliqués par la société togolasie des eaux dans ma maison avec ma famille depuis hier svp,info_tarif
dans mon foyer pourquoi merci d avance,modification_abonnement
c est important pour moi d avoir une solution eske que vous pouvez m expliquer salut je veux savoir quand je peux passer à votre agence où on a souvent des coupures merci,signaler_coupure
comment avoir ce document pour mon habitation principale pourquoi svp,demande_document
je peux avoir l eau dans ma maison ça dure depuis un bon moment pourquoi merci d avance,eligibilite_branchement
je voudrais une estimation pour une famille moyenne chez moi,simulation_facture
eau sale qui sort du robinet,signaler_eau_sale
combien je vai payre pour leau où la pression est très faible pourquoi aidez moi svp,simulation_facture
est ce qu il y a de l eau dans ma zone chez nous dans le quartier pourquoi merci beaucoup,zone_couverture
l eau est faible,signaler_basse_pression
kan ouvrir tde,info_generale_tde
svp aidez moi je veux connaître l ensemble des documents que vous mettez à disposition,documents_branchement
je veux mettre à jour mon abonnement pourquoi,modification_abonnement
donnez moi la liset des documents administratifs,documents_generaux
comment vous contacter pourquoi pardon pour le dérangement,contact_service_client
salut je voulais me renseigner sur quelque chose est ce que vous pouvez m expliquer vérification de l éligibilité au branchement d eau potable je reviens au pays récemment veuillez m aider s il vous plaît,demande_branchement
je veux savoir comment avoir l eau à domicile chez moi à adidogomé pourquoi merci beaucoup,info_branchement
franchement je veux savoir si on peut avoir de l eau dans mon quartier,zone_couverture
leau fuit partout dans mon quratier à lomé pourquoi pardon pour le dérangement,signaler_fuite
ça fait plusieurs jours que j ai un problème franchement documents nécessaires pr mettre fin à mon contrat d eau où la pression est très faible ça me fatigue un peu veuillez m aider s il vous plaît,documents_branchement
bonsoir je voulais juste comprendre quelque chose rapidement franchement aidez moi svp je veux juste comprendre ce que fait la tde je viens d emménager ici ça me fatigue un peu merci beaucoup,info_generale_tde
j aimerais bien avoir des explications claires eske que vous pouvez m expliquer je veux un document où leau ne coule presque pas,demande_document
suivre ma demande de branchement par rapport à mon abonnement actuel pourquoi merci hein,demande_branchement
depuis hier j ai un souci chez moi est ce que vous pouvez m expliquer on demande quoi pour réactiver l eau pour une famille de 5 personnes aidez moi svp,documents_reabonnement
franchement ça commnece à m inquiéter franchement horaires de service de la société togolaise des eaux dans mon quartier à lomé depuis quelques jours ça me fatigue un peu pardon pour le dérangement,zone_couverture
je veux un branchement d eau chez moi à adidogomé,demande_branchement
on fait comment pour réactiver,documents_reabonnement
j ai vraiment besoin d uen réponse rapide est ce que vous pouvez m expliquer ça ne répond pas à ma question au niveau de mon compteur merci,fallback
je ovudrais savoir où en est ma demande de branchement,demande_branchement
expliquez moi les tarifs appliqués par la société togolaise des eaux,info_tarif
c est trop élevé pour moi,reclamation_facture
il y a une erreur quelque part,reclamation_facture
sault je voulais me renseigner sur quelque chose eske que vs pouvez m expliquer mettre à jour mon abonnement pour ma maison au niveau de mon compteur merci,modification_abonnement
svp j ai besoin de parler à quelqu un du service client pouvez vous me donner un numéro depuis que je suis rentér à la maison pourquoi svp,contact_service_client
franhcement je souhaite savoir quels types de documents je peux obtenir auprès de vos services ça dure depuis un bon moment ça me fatigue un peu merci beaucoup,documents_branchement
il y a une erreur quelque part,reclamation_facture
francehment ma fatcure n est pas normale où on a souvent des coupures ça me fatigue un peu je vous remercie,signaler_coupure
svp aidez moi à savoir si mon habitation est éligible,eligibilite_branchement
franchement ça commence à minquiéter est ce que vous pouvez m expliquer comment on fait pour réactiver le au où on a souvent des coupures aidez moi svp,documents_reabonnement
gestion eau dans mon quartier,zone_couverture
je voudrais me déplacer dans votre agence pour un renseignement pouvez vous me dire l adresse dans mon quartier à lomé depuis quelques jours pourquoi pardon pr le dérangement,zone_couverture
je souhaite faire une demande pour avoir l eau,demande_branchement
ça fait plusieurs jours que j ai un problème eske que vous pouvez m expliquer franchement je suis un peu perdu pouvez vous m expliquer comment fonctionne le brancehment d eau où on a souvent des coupures je compte sur vous,signaler_coupure
s il vous plaît pouvez vous m aider à comprendre est ce que vous pouvez m expliquer je viens d emménager ici je vous remercie,documents_branchement
grand j ai un souci avec ça là est ce que vous pouvez m expliquer signalement de pression d eau insuffisante je suis nouveau dans cette zone pardon pour le dérangement,zone_couverture
canalisation cassée je reviens au pays récemment pourquoi pardon pour le dérangemetn,signaler_fuite
bonjour svp je voudrais comprendre comment se passe le branchement d eau pr une maison afin de mieux me préparer merci pour mon habitation principale pourquoi je vous remercie,demande_branchement
bonjour excusez moi de vous déranger mais j ai une question eske que vs pouvez m expliquer je dois faire quoi pr que l eau revienne depuis que je suis rentré à la maison pardon pour le dérangement,info_reabonnement
je peux avoir un compteur chez moi dans notre quartier ici à tokoin pourquoi veuillez m aider s il vs plaît,zone_couverture
francehment je peux passer quand par rapport à mon abonnement actuel ça me fatigue un peu,horaire_agence
je vous écris pour avoir des informations préicses franchement débit faible dans mon foyer dans un foyre avec plusieurs enfants ça me fatigue un peu aidez moi svp,signaler_basse_pression
ça devient compliqué pour moi en ce moment est ce que vs pouvez m expliquer svp aidez moi je veux obtenir un document concernant mon abonnement je viens d emménager ici je vous remercie,demande_document
franchement je veux éviter les allers retours dites moi tous les documents nécessairse pour un branchement pour une famille de 5 personnes pourquoi svp,demande_branchement
comment ça se passe pour rperendre l eau pour mon habitation principale pourquoi je compte sur vs,info_reabonnement
horaires agence proche de moi dans la maison que je viens de louer pourquoi,horaire_agence
je suis un peu perdu par rapport à tout ça est ce que vs pouvez m expliquer ma zone est elle couverte par la société togolaise des eaux ça fait plusieurs jours maintenant svp j ai besoin d aide,zone_couverture
c est comment ça,fallback
tuyau cassé près de chez moi là où je suis actuellement pourquoi,signaler_fuite
comment reprendre mon abonnement d eau,info_reabonnement
chef y a un problème ici chez nous franchement arrêter mon contrat d eau à lomé pr mon habitation principale ça me fatigue un peu aidez moi svp,resiliation
depuis hier j ai un souci chez moi est ce que vs pouvez m expliquer obtenir une facture au niveau de l installation d eau s il vous plaît,info_tarif
je veux faire un abonnement je suis nouveau dans cette zone pourquoi,zone_couverture
eau sale robinet dans un foyer avec plusieurs enfants pourqoui je compte sur vous,signaler_eau_sale
au niveau de mon secteur ici pourquoi merci,conseil_consommation
demande de résiliatino d abonnement,resiliation
grand j ai un souci avec ça là franchement vous travaillez jusqu à quelle heuer dans ma nouvelle maison ça me fatigue un peu,horaire_agence
j aimerais bien avoir des explications claires franchement avori un justificatif depuis hier soir ça me fatigue un peu pardon pour le dérangement,demande_document
je veux connecter ma maison à l eau,demande_branchement
j aimerais bien avoir des explications claires franchement comment se passe le branchement d eau chez moi à adidogomé ça dure depuis un bon moment ça me fatigue un peu,demande_branchement
modifier mon abonement dans mon quartier à lomé depuis quelques jours pourquoi je compte sur vous,modification_abonnement
est ce que vs pouvez m expliquer je ne vois pas dans mon foyer je compte sur vous,fallback
franchement je ne comprends pas comment ça fonctionne est ce que vous pouvez m expliquer l eau est sale chez moi où l eau est un peu sale veuillez m aider s il vous plaît,signaler_eau_sale
je veux m abonner à la tde dans ma zone de résidence pourquoi merci beaucoup,info_generale_tde
je veux connecter ma maison à l eau,demande_branchement
est ce que vous pouvez m expliquer vs avez quels documents dans la zone où je viens d emménager s il vous plaît,documents_branchement
je vous écris pour avoir des informations précises est ce que vous pouvez m expliquer je ne veux plus d eau pour ma maison,resiliation
ça devient compliqué pour moi en ce moment est ce que vous pouvez m expliquer quels documents sont exigés pour une demande de branchement on est plusieurs à la maison s il vous plaît,demande_branchement
quelle est la liste des documents administratifs disponibles,documents_generaux
franchement ça commence à m inquiéter franchemetn salut je veux connaître la consommation normale d eau chez un foyer pour une famille de 5 personnes ça me fatigue un peu s il vous plaît,info_consommation_moyenne
quelles sont les démarches pour avoir un abonnement d eau,demande_abonnement
vérification de la couverture en eau dans ma zone,zone_couverture
quels justificatifs fournir pour une réactivation de compteur dans ma zone de résidence pourquoi emrci d avance,demande_document
expliuqez moi comment m abonner à l eau potable depuis que je suis rentré à la maison pourquoi svp,demande_abonnement
bonsoir je voulais juste comprendre quelque chose rapidement est ce que vous pouvez m expliquer salut je veux résilier mon abonnement pouvezv ous me donner la liste complète des documents à fournir dans la maison que je viens de louer,documents_branchement
je suis vraiment fatigué de cette situation franchement est ce que je peux avoir l eau chez moi où la rpession est très faible ça me fatigue un peu,eligibilite_branchement
bonjour excusez moi de vous déranger mais j ai une question est ce que vous pouvez m expliquer dans ma zone de résidence je vous remrecie,zone_couverture
statistiques de consommation d eau domestique je suis nouveau dans cette zone pourquoi svp j ai besoin d aide,zone_couverture
peut on installer un compteur ici,demande_branchement
expliquez moi la procédure de branchement,demande_branchement
est ce que vous pouvez m expliquer quelles sont les étpaes pour une remise en service de l eau je vines juste de prendre la maison aidez moi svp,info_reabonnement
je suis vraiment fatigué de cette situation franchement de quels documents ai je beosin pour reprendre l eau ça fait plusieurs jorus maintenant ça me fatigue un peu aidez moi svp,documents_branchement
je ne comprends pas trop ce qui se passe chez moi est ce que vous pouvez m expliquer bonsoir je souhaite réactiver mon abonnement pouvez vous m expliquer la procédure aidez moi svp,info_branchement
documents nécessaires pour avior l eau dans la zone où je viens d emménager pourquoi pardon pour le dérangement,documents_branchement
honnêtement je suis un peu confus franchement quels papiers pour arrêter mon abonnement dans la maison que je veins de loure ça me fatigue un peu veuillez m aider s il vous plaît,documents_resiliation
incident lié à la qualité de l eau dans ma concession pourquoi svp,signaler_eau_sale
document pour resiliation deau je suis nouveau dans cette zone pourquoi svp j ai besoin d aide,demande_document
ça fait plusieurs jours que j ai un problème franchement reduire consomation eau ça me fatigue un peu s il vs plaît,conseil_consommation
dpeuis hier j ai un souci chez moi franchement eau trouble signalée dans ma zone on est environ 4 à utiliser l eau ça me fatigue un peu svp,signaler_eau_sale
c est pas clair dans ma zone de résidence pourquoi merci beaucoup,zone_couverture
c est important pour moi d avoir une solution eske que vous opuvez m expliquer odcuments nécessaires pour avoir l eau je suis nouvaeu dans cette zone veuillez m aider s il vous plaît,zone_couverture
combien d eau une maison utliise par mois sur toute l installation dans la amison pourquoi,info_consommation_moyenne
est ce que vous pouvez m expliquer conseils pour une gestion efficace de l eau dans notre quartier ici à tokion merci,zone_couverture
franchement liste des document pour resiliation dans notre quartier ici à tokoin ça me fatigue un peu svp j ai besoin d aide,demande_document
ma facutr est trop elvee,reclamation_facture
si on est 4 à la maison combien on peut payer pourquoi merci d avance,simulation_facture
je suis un peu perdu par rapport à tout ça franchement svp aidez moi à estimer combien je pourrais payer pour l eau dans ma maiosn chaque mois dans notre quartier ici à tokoin ça me fatigue un peu pardon pour le dérangement,simulation_facture
svp aidez moi à estimer combien je pourrais payer pour l eau dans ma masion chaque mois chez moi à adidogomé depuis ce matin pourquoi svp j ai besoin d aide,simulation_facture
je veu resilier mon abonnement au niveau de l installation d eau pourquoi,resiliation
grand j ai un souci avec ça là est ce que vous pouvez m expliquer quels papiers il faut déposer pour avoir l eau je suis nouveau dans cette zone je vous remercie,zone_couverture
salut je voulais me renseigner sur quelque chose franchement ma zone est elle éligible ça me fatigue un peu s il vous palît,zone_couverture
bonsoir je voulais juste comprendre quelque chose rapidement est ce que vous pouvez m expliquer ce n est pas pour un réabonnement je veux juste savoir comment l eau est traitée chez nous ici là merci d avance,documents_reabonnement
franchement je ne comprends pas comment ça fonctionne franchement cmoment fonctionne un branchement deau dans ma nouvelle maison ça me fatigue un peu je vous remercie,demande_branchement
à quelle étape se trouve ma demande je vines juset de prendre la maison pourquoi veuillez m aiedr s il vous plaît,suivi_demande_branchement
svp pouvez vous me dire uqels papiers sont demandés pour remettre l eau en service dans mon logement sur toute l installation dans la maison pourquoi svp j ai besoin d aide,documents_reabonnement
franchement l eau est partie pour une famille de 5 personnes ça me fatigue un peu je vous remercie,signaler_coupure
statut de ma demande,suivi_demande_branchement
dans la zone où je viens d emménager pourquoi,zone_couverture
frnachement je ne comprends pas comment ça fonctionne franchement piece pour remetre leau dans mon quartier à lomé ça me fatigue un peu aidez moi svp,zone_couverture
ouvrir un abonnement d eau,horaire_agence
bonjour exucsez moi de vous déranger mais j ai une question est ce que vous pouvez m expliquer coupur deau chez moi pour une famille de 5 personnes svp j ai besoin d aide,signaler_coupure
franchement possibilité de raccordement à la société togolaise des eaux dans un foyer avec plusieurs enfants ça me fatigue un peu pardon pour le dérnagement,demande_branchement
bonjour j aurais besoin d un renseignement s il vs plaît est ce que vous pouvez m expliquer données sur l utilisation moyenne de l eau dans ma concession,info_consommation_moyenne
franchement je ne comprends pas comment ça fonctionne est ce que vous pouvez m expliquer bonjour je voudrais connaître les horaires d ouverture de votre agence dans ma nouvelle maison merci hein,horaire_agence
est ce que vous pouvez m expliquer ce n est pas une questino sur les tarifs je veux juste vs contacter où on a souvent des couprues merci d avance,info_tarif
on souffre un peu ici j aimerais comprendre est ce que vous pouvze m expliquer je peux avoir l eau ici dans notre quartier ici à tokoin merci,zone_couverture
bjr svp je voudrais savoir la consommation moyenne d eau pour une famille merci là où je suis actuellement pourquoi merci beaucoup,info_consommation_moyenne
bonjour excusez moi de vs déranger mais j ai une question est ce que vous pouvez m expliquer je fais comment pour remettre l eau où l eau est un peu sale svp j ai besoin d aide,signaler_eau_sale
quantité d eau utilisée par mois chez moi où la pression est très faible depuis plusieurs jours pourquoi svp,info_consommation_moyenne
l eau ne coule plus je viens d emménager ici pourquoi,signaler_coupure
je voudrais savoir le prix de l eau potable pr ma maison pourquoi pardon pour le dérangement,info_tarif
problème de distribution avec faibel pression dans mon coin ici pourquoi veuillez m aider s il vous plaît,signaler_basse_pression
j aimerais bien avoir des explications claires eske que vous pouvez m expliquer je voudrais comprendre le processus complet pr réactiver mon compteur deau là où je suis actuellement veuillez m aider s il vous plaît,documents_reabonnement
signalement d une eau impropre à la consommation au niveau de mon sectuer ici pourquoi pardon pour le dérangement,signaler_eau_sale
s il vous plaît pouvez vous m aider à comprendre franchemnet bonsoir je ne comprends pas le motnant de ma facture pouvez vous m expliquer ça me fatigue un peu,info_tarif
coupure d eau à lomé je suis nouveau dans cette zone pourquoi,signaler_coupure
branchement possible ici,demande_branchement
je vous écris pour avoir des informations précises est ce que vous pouvez m expliquer je peux avoir quels types de papiers où l eau est un peu sale merci beaucoup,signaler_eau_sale
franchement gestion consommation eau tde chez moi à adidogomé ça me fatigue un peu s il vous plaît,info_generale_tde
consommation eau selon la société togolaise des eaux dans mon quartier à lomé depuis quelques jours pourquoi,zone_couverture
comment faire pour ne pas trop utilsier l eau nous sommes une grande famille ici pourquoi,conseil_consommation
c est important pour moi d avoir une solution franchement leau fuit partout je viens juste de prendre la maison ça me fatigue un peu,signaler_fuite
je ne veux plus d eau chez moi à adidogomé depuis ce matin pourquoi merci,resiliation
je veux des informations sur votre socéité chez moi avec ma famille pourquoi pardon pour le dérangement,info_generale_tde
franchement ça commence à m inquiéter franchement franchement je ne comprends pas comment se passe le branchement d eau pouvez vous m expliquer dans mon quartier à lomé depuis quelques jours ça me fatigue un peu pardon pour le dérangement,demande_branchement
je ne comprends pas trop ce qui se passe chez moi franchement eau trouble chez moi à adidogomé ça me fatigue un peu merci d avance,signaler_eau_sale
fuite d eau signalée à la tde,info_generale_tde
combien je vai payer pour leau chez nous dans le quartier pourquoi,zone_couverture
bonjour excusez moi de vous déranger mais j ai une question franchement je dois faire quoi pour remettre l eau où la pression est très faible ça me fatigue un peu s il vous plaît,info_reabonnement
ce st où votre agence là pour ma maison pourquoi merci beaucoup,contact_service_client
,fallback
je ne comprends pas trop ce qui se passe chez moi franchement svp aidez moi à savoir si mon habitation est éligible sur toute l installation dans la maison ça me fatigue un peu je ocmpte sur vous,eligibilite_branchement
svp aidez moi il y a une grosse fuite d eau près de chez moi,signaler_fuite
bonjour j aurais besoin d un renseignement s il vous plaît franchement c est quoi le traitement de l eau à la tde chez moi avec ma famille ça me fatigue un peu svp j ai besoin d aide,info_generale_tde
je comprends rien,fallback
signalement d une canalisation endommagée,signaler_fuite
on souffre un peu ici j aimerasi comprednre franchement je peux avoir l eau ici on est plusieurs à la maison ça me fatigue un peu svp j ai besoin d aide,eligibilite_branchement
fermer mon compteur au niveau de mon compteur pourquoi je compte sur vous,resiliation
franchement documents pr résiliation dans un foyer avec plusieurs enfants ça me fatigue un peu pardon pour le dérangement,documents_branchement
grand j ai un souci avec ça là est ce que vous pouvez m expliquer procédure de réabonnement à la société togolaise des eaux on est environ 4 à utiliser l eau veuillez m aider s il vous plaît,info_branchement
s il vous plaît c est assez urgent dans mon cas franchement quartiers alimentés en eau chez moi à adidogomé ça me fatigue un peu je compte sur vs,zone_couverture
expilquez moi les tarifs appliqués par la société togolaise des eaux,info_tarif
statut de ma demande,suivi_demande_branchement
ou en est ma demande de branchement nous sommes une grande famille ici poruquoi svp,demande_branchement
j aimerais bien avoir des explications claires est ce que vs pouvez m expliquer il n y a rien qui sort chez moi à adidogomé depuis ce matin merci d avance,signaler_coupure
la moyenne d eau c est ocmbien au niveau de mon compteur depuis un moment pourquoi merci,info_consommation_moyenne
franchement je veux m abonner à la tde au niveau de mon compteur depuis un moment ça me fatigue un peu je copmte sur vs,info_generale_tde
je suis un peu perdu par rapport à tout ça est ce que vous pouvez m expliquer bonsoir est ce que vous fournissez de l eau dans mon quartier pardon pour le dérangement,zone_couverture
quels sont les documents nécessaires pour un branchement d eau chez moi où la pression est très faible depuis plusieurs jours poruquoi merci hein,demande_branchement
bonsoir je vous contacte parce que j ai une préoccupation eske que vous pouvez m expliquer quels papiers pour arrêter l eau dans ma maison nous sommes une grande famille ici,documents_resiliation
je suis un peu perdu par rapport à tout ça franchement combien je vais payer pour une famille de 5 personnes au niveau des robinets chez moi ça me fatigue un peu pardon pour le dérangement,simulation_facture
obtenir une factur deau chez moi même ici pourquoi je compte sur vous,demande_document
je veu resilier mon abonnement,resiliation
liste des pièces demandées par la société togolaise des eaux pour un branchement,demande_branchement
depuis hier j ai un souci chez moi est ce que vous pouvez m expliquer je souhaite procéder à la résiliation de mon abonnement d eau au niveau de mon secteur ici svp j ai besoin d aide,documents_resiliation
bonjour svp je souhaite résilier mon abonnement d eau merci,resiliation
franchement vous pouvez reformuler on est plusieurs à la maison ça me fatigue un peu merci,fallback
comment ça se passe pour installer un compteur d eau dans ma zone de résidence pourquoi aidez moi svp,demande_branchement
quels sont les tarifs de la tde dans ma zone de résidence pourquoi,info_tarif
grand j ai un souci avec ça là est ce que vous pouvez m expliquer je reviens au pays récemment veuillez m aider s il vous plaît,eligibilite_branchement
c est important pour moi d avoir une solution est ce que vous pouvez m expliquer comment remettre l eau avec la tde chez moi à adidogomé merci d avance,info_generale_tde
pouvez vous me donner une estimation de ma facture d eau pourquoi merci hein,info_tarif
eau trouble signalée dans ma zone chez nous dans le quartier pourquoi s il vous plaît,zone_couverture
bjr l eau coule très lentemetn chez moi pouvez vous vérifier la pression dans la zone où j habite actuellement pourquoi svp j ai besoin d aide,zone_couverture
est ce que vous pouvez m expliquer je voudrais comprendre le processus complet pour réactiver mon compteur d eau là où je suis actuellement merci,documents_reabonnement
combien d eau consomme une famille,info_consommation_moyenne
quelles sont les étapes pr raccorder une maison à l eau au niveau de mon compteur pourquoi pardon pr le dérangement,info_branchement
chef y a un problème ici chez nous franchement svp aidez moi il y a une grosse fuite d eau près de chez moi au niveau de mon secteur ici ça me fatigue un peu je vous remercie,signaler_fuite
je vous écris pour avoir des informations précises franchement je veux un papier on est environ 4 à utiliser l eau ça me fatigue un peu,demande_document
types de documents disponilbes je suis nouveau dans cette zone pourquoi merci d avance,documents_branchement
estimez ma facture pour une maison à adidogomé chez moi à adidogomé depuis ce matin pourquoi je vous remercie,info_tarif
quels documents pour résilier mon baonnement à adidogomé dans mon quartier à lomé depuis quelques jours pourquoi merci beaucoup,documents_branchement
sur mon branchement actuel pourquoi svp,demande_branchement
s il vous plaît c est assez urgent dans mon cas est ce que vous pouvez m expliquer vous ouvrez quand,horaire_agence
franchement je veux anticiper mes dépenses pouvez vous m aider à simuler une facture d eau dans mon quartier à lomé depuis quelques jours pourquoi svp,info_tarif
grand j ai un souci avec ça là est ce que vous pouvez m expliquer où est située votre agence chez nous ici là aidez moi svp,contact_service_client
je ne comprends pas trop ce qui se passe chez moi franchement ça coule mal dans mon quartier à lomé ça me fatigue un peu,zone_couverture
je vous écris pr avoir des informations précises franchement franchement je ne veux plus ocntinuer avec cet abonnement d eau par rapport à mon abonnement actuel ça me fatigue un peu aidez moi svp,resiliation
comment joindre la tde pour mon habitation principale pourquoi s il vs plaît,info_generale_tde
est ce que vous pouvez m expliquer liste des documents que je peux demander dans mon quartier depuis ce matin mreci hein,documents_branchement
bonsoir je voulais juste comprendre quelque chose rapidement franchement on peut mettre compteur ici dans mon foyer ça me fatigue un peu,eligibilite_branchement
je dois amener quoi comme documents pr avoir l eau,documents_branchement
quels documents fournir pour un raébonnement dans la maison que je viens de louer pourquoi merci d avance,documents_branchement
garnd j ai un souci avec ça là eske que vous pouvez m expliuqer consommer moins d eau dans mon foyer dans mon quartier à lomé svp,zone_couverture
j ai vraiment besoin d une réponse rapide franchement ma zone a de l eau nous sommes une grande famille ici ça me fatigue un peu merci hein,zone_couverture
je peux passer quand dans ma nouvelle maison pourquoi,horaire_agence
franchement liste des document pour reabonnement là où je suis actuellement ça me fatigue un peu veuillez m aider s il vous plaît,demande_document
il faut quels papiers pour être branché,documents_branchement
ça devient compliqué pour moi en ce moment franchement svp expliquez moi en détail la tarification de l eau parce que je ne comprends pas comment les prix sont calclués au niveau des robinets chez moi ça me fatigue un peu je compte sur vous,info_tarif
franchement moyenne eau tde au niveau des robinets chez moi ça me fatigue un peu,info_generale_tde
bonsoir je voulais juste comprendre quelque chose rapidement est ce que vs pouvez m expliquer dans mon quartier à lomé je vous remercie,zone_couverture
bonsoir je souhaite réactiver mon abonnement pouvez vous m expliquer la procédure au inveau de mon compteur depuis un moment pourquoi pardon pour le dérangement,info_branchement
bonsoir je voulais juste comprendre quelque chose rapidement franchement liste des documents de la société togolaise des eaux dans mon quartier à lomé ça me fatigue un peu svp,documents_branchement
simulation de consommation eau,simulation_facture
s il vous plaît c est assez urgent dans mon cas franchement des conseils pour économiser l eau je veins d emménager ici ça me fatigue un peu aidez moi svp,conseil_consommation
je ne comprends pas trop ce qui se passe chez moi franchement c est quesl documents qu il faut pour résilier chez moi avec ma famille ça me fatigue un peu,documents_branchement
je vous écris pour avoir des informations précises est ce que vous pouvez m expliquer liste des document pour resiliation depuis ce matin pardon pour le dérangement,demande_document
ça fait plusieurs jours que j ai un problème franchement aidez moi à mettre l eau chez moi ça me fatigue un peu s il vous plaît,demande_branchement
ça fait plusieurs jours que j ai un problème est ce que vs pouvez m expliquer signalement de faible pression à la société togolaise des eaux au niveau de l installation d eau veuillez m aider s il vous plaît,signaler_basse_pression
donnez moi un document pour ma maison pourquoi s il vous plaît,demande_document
je souhaite suivre ma demande de branchement pr savoir si elle est en cours de traitement,demande_branchement
bonjour svp l eau coule très lentement chez moi pouvez vous vérifier merci,signaler_basse_pression
combien d eau on utilise en général,info_consommation_moyenne
ça devient compliqué pour moi en ce moment franchement arrêtez mon abonnement là pour une famille de 5 personnes ça me fatigue un peu merci beaucoup,resiliation
je vous écris pour avoir des informations précises est ce que vous pouvez m expliquer il y a un problème avec l eau dans mon quartier à lomé je compte sur vous,zone_couverture
comment faire pr ne pas trop utiliser l eau dans ma concession pourquoi,conseil_consommation
je veux savoir si ça évolue,suivi_demande_branchement
je suis vraiment fatigué de cette situation est ce que vous pouvez m expliquer je souhaite faire un branchement d eau pour ma maison récemment j ai commencé à remarquer ça svp j ai besoin d aide,demande_branchement
signalement de faible pression à la société togolaise des eaux,signaler_basse_pression
je ne comprensd pas trop ce qui se passe chez moi est ce que vous pouvez m expliquer dans mon quartier à lomé svp j ai besoin d aide,zone_couverture
salut je voulais me renseigner sur quelque chose estc e que vous pouvez m expliquer tu peux expliquer encore ça fait plusieurs jours maintenant svp j ai besoin d aide,fallback
à quelle étape se trouve ma demande dans la zone où j habite actuellement pourquoi aidez moi svp,zone_couverture
je suis vraiment fatigué de cette situation franchement on peut mettre compteur ici depuis que je suis rentré à la maison ça me fatigue un peu,eligibilite_branchement
mon dossier est traité ou pas encore nous sommes une grande famille ici pourquoi veuillez m aider s il vous plaît,documents_branchement
bonsoir je voudrais savoir quelles sont les pièces à fournir pr un raccordement à l eau dans ma maison ça fait plusieurs jours maintenant pourquoi pardon pour le dérangement,demande_branchement
le robinet coule à peine,signaler_basse_pression
quel est votre numéro depuis ce matin pourquoi,contact_service_client
couverture de la tde dans ma zone chez nous ici là pourquoi svp j ai besoin d aide,info_generale_tde
bonsoir je vous contacte parce que j ai une préoccupation franchement je veux une simulation de facture à la société togolaise des eaux dans ma concession ça me fatigue un peu aidez moi svp,info_tarif
j aimerais bien avoir des explications claires est ce que vous pouvez m expliquer on utilise combien d eau chez nous dans le quartier je vous remercie,zone_couverture
chef y a un problème ici chez nous eske que vous pouvez m expliquer je fais comment pour remettre l eau dans la maison que je viens de louer,info_reabonnement
c ets quoi la consommation normale d eau au niveau de mon compteur depuis un moment pourquoi svp j ai besoin d aide,info_consommation_moyenne
l eau met du temps à sortir,signaler_basse_pression
je ne veux plus de mon abonnement d eau là où je suis actuellement pourquoi merci d avance,resiliation
quartiers desservis à lomé pourquoi,zone_couverture
y a pas d eau chez moi là,signaler_coupure
ça fait plusieurs jours que j ai un problème est ce que vs pouvez m expliquer bnojour svp il y a une fuite d eau dans ma rue pouvez vous inetrvenir merci chez nous dans le quartier meric beaucoup,signaler_fuite
c est quoi le traitemnet de l eau à la tde chez moi où la pression est très faible depuis plusieurs jours pourquoi aidez moi svp,info_generale_tde
grand j ai un souci avec ça là est ce que vous pouvez m expliquer quels documents sont exigés pour une résiliation d eau ça dure depuis un bon moment je vs remercie,documents_branchement
s il vous plaît c est assez urgent dans mon cas est ce que vous pouvez m expliquer information sur la couverture géographique du réseau d eau pour mon habitation principale svp j ai besoin d aide,zone_couverture
expliquez moi comment l eau arrive chez les gens dans mon quartier à lomé pourquoi merci d avance,zone_couverture
fermer mon compteur à la société togolaise des eaux dans ma nouvelle maison pourquoi svp,resiliation
franchement ça commence à m inquiéter franchement coment vous contacter au niveau de mon compteur depuis un moment ça me fatigue un peu pardon pour le dérangement,contact_service_client
franchement je ne comprends pas comment ça fonctionne est ce que vous pouvez m expliquer je veux prévoir ma facture ça dure depuis un bon moment merci hein,info_tarif
ça fait plusieurs jours que j ai un problème franchement signalement d une o impropre à la consommation au niveau de mon secetur ici ça me fatigue un peu merci beaucoup,signaler_eau_sale
je veux une estimation des frais d eau,simulation_facture
s il vous plaît c est assez urgent dans mon cas franchement optimiser utilisation deau au niveau de l installation d eau ça me fatigue un peu,conseil_consommation
bonsoir je voulais juste comprendre quelque chose rapidement franchement eau sale robinet chez moi à adidogomé ça me fatigue un peu aidez moi svp,signaler_eau_sale
hnonêtement je suis un peu cnofus franchement documnets nécessaires pour résiliation à la société togolaise des eaux ça me fatigue un peu svp,documents_resiliation
honnêtement je suis un peu confus est ce que vous pouvez m expliquer recommandations pour réduire l utilisation d eau où l eau ne coule presque pas aidez moi svp,conseil_consommation
résilier mon contrat d eau,resiliation
je suis un peu perdu par rapport à tout ça franchement je veux couper l eau chez moi depius ce matin ça me fatigue un peu,resiliation
est ce que vous pouvez m expliquer expliquez moi comment vous nettoyez l eau avant qu on l utilise au niveau de mon compteur depusi un mmoent,info_generale_tde
franchement palges horaires du service client chez moi à adidogomé ça me fatigue un peu,horaire_agence
grand j ai un souci avec ça là est ce que vs pouvez m expliquer heure ouverture bureau au niveau de mon compteur je compte sur vous,horaire_agence
je ne comprends pas trop ce qui se passe chez moi franchement montant de facture incorrect où on a souvent des coupures ça me fatigue un peu svp,info_tarif
je veu brancher leau chez moi ça dure depuis un bon moment pourquoi s il vs plaît,demande_branchement
je veux une estimation des frais d eau depuis quelques jours déjà pourquoi,simulation_facture
comment réduire consommation avec la société togolaise des eaux dans la zone où je viens d emménager pourquoi je vous remercie,zone_couverture
vs ouvrez à quelle heure pour mon habitation principale pourquoi,horaire_agence
bonjour excusez moi de vous déranger mais j ai une question est ce que vous pouvez m expliquer bonjour je voudrais connaître la liste complète des documents à fournir pour faire une demande de branchement d eau dans mon coin ici s il vous plaît,demande_branchement
je veu brancher leau chez moi au niveau de mon compteur pourquoi s il vous plaît,demande_branchement
liste des pièces pour remettre l eau en service chez moi même ici pourquoi je compte sur vous,documents_branchement
bonjour svp je voudrais savoir combien je vais payer pour l eau dans ma maison sachant qu on est environ 5 personnes merci au niveau de l installation d eau pourquoi merci hein,fallback
est ce que vous pouvez m expliquer non je voulais dire autre chose je suis nouveau dans cette zone merci d avance,zone_couverture
bonjour excusez moi de vous déranger mais j ai une question est ce que vous pouvez m expliquer je osuhaite signaler une anomalie sur ma facture dans ma zone de résidence,info_tarif
ça devient compliqué pour moi en ce moment est ce que vs pouvez m expliquer combien coûte l eau chez nous dans le quariter s il vous plaît,info_tarif
ma demande est passée ou pas dans la zone où je viens d emménager pourquoi merci,zone_couverture
bonsoir je voulais juste comprendre quelque chose rapidement franchement je veux savoir à combien peut s élever ma facture dans mon coin ici ça me fatigue un peu aidez moi svp,info_tarif
ma demande est à quel niveau,suivi_demande_branchement
je suis un peu perdu par rapport à tout ça est ce que vs pouvez m expliquer statistiques de consommation eau société togolaise des eaux je viens juste de prendre la maison merci hein,fallback
est ce possible d avoir un branchement,demande_branchement
ça devient compliqué pour moi en ce moment franchement liste des pièces demandées par la société togolaise des eaux pr un branchement je viens d emménager ici ça me fatigue un peu s il vous plaît,demande_branchement
ça devient compliqué pour moi en ce moment est ce que vous pouvez m expliquer mon habitation est elle éligible à la tde dans la zone où j habite actuellement svp j ai besoin d aide,info_generale_tde
modifier mon abonnement à la tde,info_generale_tde
bonjour j aurais besoin d un renseignement s il vs plaît est ce que vous pouvez m expliquer svp pouvez vous me donner la liste complète des documents disponibles à la société togolaise des eaux pour ma maison veuillez m aider s il vous plaît,documents_branchement
aidez moi à mettre l eau chez moi ça fait plsuieurs jours maintenant pourquoi je compte sur vous,demande_branchement
je ne comprends pas trop ce qui se passe chez moi franchement franchement j ai besoin d un document officiel lié à mon compteur pouvez vous m aider récemment j ai commencé à remarquer ça ça me fatigue un peu aidez moi svp,demande_document
je vous écris pour avoir des informations précises est ce que vous pouvez m expliquer salut je veux vréifier si ma zone est desservie par votre réseau sur toute l installation dans la maison merci beaucoup,zone_couverture
ma demande est passée ou pas dans ma concession pourquoi,suivi_demande_branchement
c est pas clair là où on a souvent des coupures pourquoi,signaler_coupure
bonsoir je voulais juste comprendre quelque chose rapidement est ce que vs pouvez m expliquer je veu voir les document que vous avez pour une familel de 5 personnes je compte sur vous,demande_document
salut je voulais me renseigner sur quelque chose franchement fermez mon compteur pour moi je viens d emménager ici ça me fatgiue un peu merci d avance,resiliation
j ai vraiment besoin d une réponse rapide franchement l eau sort du sol là bas dans mon quarteir à lomé ça me fatigue un peu pardon pour le dérangement,signaler_fuite
je veux changer le nom sur le compteur,modification_abonnement
je veux m abonner à la tde,info_generale_tde
quel est le prix de l eau dans mon quartier actuellement,info_tarif
on est sans o ici chez nous dans le quartier pourquoi mreci hein,zone_couverture
conseils de la tde pour économiser l eau au niveau de l installation d eau pourquoi aidez moi svp,info_generale_tde
s il vous plaît c est assez urgent dans mon cas est ce que vous pouvez m expliquer pour mon habitation principlae merci d avance,simulation_facture
bonsoir je voulais juste comprendre quelque chose rapidement est ce que vous pouvez m expliquer quels papiers pour arrêter l eau dans ma maison chez nous dans le quartier merci hein,zone_couverture
salut je voulais me renseigner sur quelque chose est ce que vous pouvez m expliquer ma facture est trop élevée à adidogomé merci beaucoup,reclamation_facture
bonjour je voudrais savoir comment faire pour remettre l eau en service après une coupure,signaler_coupure
rgand j ai un souci avec ça là est ce que vous pouvez m expliquer des conseils pr économiser l eau au niveau des robinets chez moi,conseil_consommation
combien eau famille pour ma maison pourquoi svp,info_consommation_moyenne
franchement quelles sont les démarches pour avoir l eau pour mon habitation principale ça me fatigue un peu veuillez m aider s il vous plaît,info_branchement
ma facture n est pas normale pour mon habitation principale pourquoi merci d avance,info_tarif
vous fermez à uqelle heure,horaire_agence
svp pouvez vous me donner la liste complète des documents disponibles à la société togolaise des eaux je viens juste de prendre la maison pourquoi mecri,documents_branchement
franchement svp pouvez vous m expliquer comment vous gérez la distribution d eau dans les différentes zones dans mon coin ici ça me fatigue un peu,zone_couverture
franchement svp aidez moi je veux obtenir un document concernant mon abonnement dans un foyer avec plusieurs enfants ça me fatigue un peu merci hein,demande_document
documents nécessaires pour un branchement à la société togolaise des eaux,demande_branchement
comment faire pour remettre mon eau en service pourquoi merci,info_reabonnement
comment réduire ma consommation d eau,conseil_consommation
je veux un document dans mon foyer pourquoi merci,demande_document
bonsoir je vous contacte pacre que j ai une préoccupation franchement franchement avant de fiare une demnade je veux voir tous les documents disponibles dans un foyer avec plusieurs enfants ça me fatigue un peu,documents_branchement
je veux que l eau arrive dans ma maison,demande_branchement
quelles sont les pièces justificatives pour une résiliation d abonnement,documents_branchement
information sur la couverture géographique du réseau d eau chez moi même ici pourquoi,zone_couverture
bjr je voudrais savoir où en est ma demande de branchement que j ai déposée il y a quelques jours,demande_branchement
il y a une fuite chez nous,signaler_fuite
chef y a un problème ici chez nous est ce que vous pouvez m expliquer liste des documents de la société togolaise des eaux au niveau de mon compteur depuis un moment veuillez m aider s il vous plaît,documents_branchement
est ce que vous pouvez m expliquer svp aidez moi l eau ne coule plus du tout chez moi dans mon quarteir à lomé je vous remercie,signaler_coupure
bonjour je voudrais obtenir un document officiel concernant mon abonnement d eau,demande_document
svp aidez moi il y a une grosse fuite d eau près de chez moi depuis que je suis rentré à la maison pourquoi je vous remercie,signaler_fuite
piece pour arreter contrat pourquoi svp,documents_resiliation
je veux parler d autre chose,fallback
ça fait plusieurs jours que j ai un problème franchement qu est ce qu on demande pr un branchement pr une famille de 5 personnes ça me fatigue un peu svp j ai besoin d iade,demande_branchement
salut je voulais me renseigner sur quelque chose franchement l aeu est faible là chez moi à adidogoém deupis ce matin ça me fatigue un peu merci hein,fallback
fuite d eau chez moi,signaler_fuite
je souhaite passer à l agence pouvez vous me donner vos horaires,horaire_agence
y a t il de l eau dans ma zone pourquoi emrci d avance,zone_couverture
franchement vous ouvrez à quelel heure au niveau des robinets chez moi ça me fatigue un peu merci d avance,horaire_agence
eske que vous pouvez m expliquer montant facture pa normal au nievau de mon compteur svp j ai besoin d aide,info_tarif
je veux savoir si mon branchement est en cours dans la zone où jhabite actuellement pourquoi svp j ai besoin d aide,demande_branchement
vs avez exagéré sur ma facture,info_tarif
liste des pièces pour remettre l eau dans ma maison à lomé où l eau est un peu sale pourquoi veuillez m aider s il vous plaît,documents_branchement
j ai vraiment besoin d une réponse rapide franchement je veux modifier les infos de mon abonnement on est plusieurs à la maison ça me fatigue un peu,modification_abonnement
franchement ça fait longtemps que j attends je veux savoir si ma demande a évolué ou pas chez moi à adidogomé depuis ce matin pourquoi merci beaucoup,suivi_demande_branchement
on paie l eau comment chez vous,info_tarif
je ovudrais savoir les tarifs appliqués chez moi à adidogomé,info_tarif
svp aidez moi je veux obtenir un document concernant mon abonnement sur mon branchement actuel pourquoi merci beaucoup,demande_branchement
depuis hier j ai un souci chez moi eske que vous pouvez m expliquer modifier mon abonnement à la tde pour ma masion,info_generale_tde
bonsoir je voulais juste comprendre quelque chose rapidement est ce que vous pouvez m expliquer on paie l eau comment chez vous je viens juste de prendre la maison je vous remercie,info_tarif
j ai vraiment besoin d une réponse rapied est ce que vs pouvez m expliquer quels papiers pour reprendre l eau dans mon foyer on est environ 4 à utiliser l eau je compte sur vous,documents_reabonnement
est ce que vous pouvez m expliquer salut je veux juste savoir à quel niveau se trouve ma demande de branchement actuellement au niveau de mon compteur merci,demande_branchement
ets ce que vous pouvez m expliquer salut je n ai pas compris ce que vous avez dit chez moi avec ma famille veuillez m aider s il vous plaît,fallback
je n ai pas compris,fallback
j aimerais bien avoir des explications claires franchement possibilité de raccordement au réesau de la osciété togolaise des eaux chez moi à adidogomé depuis ce matin ça me fatigue un peu aidez moi svp,demande_branchement
franchement il y a beaucoup d eau qui se perd à casue d une fuite près de chez moi pourquoi aidez moi svp,signaler_fuite
j ai vraiment besoin d une réponse rapide franchement combien coûte l eau pour une utilisation normale sur mon branchement actuel ça me fatigue un peu svp,info_tarif
je vs écris pour avoir des informations précises franchement c est inutile comme réponse chez moi à adidogomé ça me fatigue un peu svp j ai besoin d aide,fallback
bonsoir je voulais juste comprendre quelque chose arpidement est ce que vous pouvez m expliquer je veux savoir si ça évolue dans ma nouvelle maison pardon pour le dérangement,suivi_demande_branchement
c est quoi vos tarifs actuels chez moi avec ma famille pourquoi svp j ai besoin d aide,info_tarif
eske que vous pouvez m expliquer dans ma zone de résidence svp j ai besoin d aide,zone_couverture
on souffre un peu ici j aimerais comprendre est ce que vous pouvez m expliquer l eau coule partout là dans mon coin ici,signaler_fuite
débit faible dans mon foyer au niveau de mon compteur pourquoi merci,signaler_basse_pression
sault je veux juste une idée du montant que je vais payer pour l eau en fonction d une consommation normale,simulation_facture
non je voulais dire autre chose,fallback
je peux avoir un justificatif,demande_document
je suis un peu perdu par rapport à tout ça franchement je souhaite connaître la consommation moyenne d eau par foyer chez moi à adidogomé ça me fatigue un peu merci,info_consommation_moyenne
une famille utilise combien d eau,info_consommation_moyenne
ça fait plusieurs jours que j ai un problème est ce que vous pouvez m expliquer salut je veux vérifier si ma zone est desservie par votre réseau dans ma zone de résidence merci hein,zone_couverture
le débit nest pas normal pourquoi,signaler_basse_pression
eau disponible dans ma zone récemment j ai commencé à remarquer ça pourquoi merci beaucoup,zone_couverture
honnêtement je suis un peu confus est ce que vs pouvez m expliquer il y a une erreur quelque part je reviens au pays récemment veuillez m aider s il vous plaît,reclamation_facture
je veux avoir l eau chez moi comment faire dans ma zone de résidence pourquoi aidez moi svp,zone_couverture
ça fait plusieurs jours que j ai un problème est ce que vs pouvez m expliquer franchement je veux arrêter mon abonnement ça ne m intéresse plus par rapport à mon abonnement actuel veuillez m aider s il vous plaît,resiliation
chef y a un problème ici chez nous franchement depuis que je suis rentré à la maison ça me faitgue un peu veuillez m aider s il vous plaît,reclamation_facture
franchement je comprends rien pour une famille de 5 personnes pourquoi,fallback
je vous écris pour avoir des inofrmations précises eske que vous pouevz m expliquer ça n a rien à voir au niveau de mon compteur je compte sur vous,fallback
ça devient compliqué pour moi en ce moment est ce que vous pouvez m expliquer changement de nom sur un abonnement d eau pr ma maison veuillez m aider s il vous platî,modification_abonnement
j ai vraiment besoin d une réponse rapide franchement quels papiers pour réactiver mon compteur pr mon habitation principale ça me fatigue un peu merci beaucoup,documents_reabonnement
document pour resiliation deau dans ma nouvelle maison pourquoi merci beauocup,demande_document
quels sont les justificatifs nécessaires pour avoir l eau,demande_document
svp aidez moi je veux changer les informations de mon compteur,modification_abonnement
vs pouvez m aider à créer un abonnemnet d eau ça dure depuis un bon moment pourquoi,demande_abonnement
je dois faire quoi pour remettre l eau,info_reabonnement
le débit n est pas normal,signaler_basse_pression
vs facturez l eau comment exactement,info_tarif
leau pa prpore,signaler_eau_sale
franchement je ne comprends pas comment ça fonctionne franchement franchement je veux arrêter mon abonnement dites moi les documents nécessaires pour la résiliation dans la zone où je viens d emménager ça me fatigue un peu svp,documents_branchement
salut je veux vérifier si je peux installer un compteur chez moi pourquoi pardon pour le dérangement,demande_branchement
franchement ça commence à m inquiéter franchement liste des pièces à fournir pour arrêter mon contrat sur toute l installation dans la maison ça me ftaigue un peu aidez moi svp,documents_branchement
quelles sont les étapes pour avoir l eau dans mon quartier,info_branchement
problème d approvisionnement en eau,signaler_coupure
est ce que vous pouvez m expliquer je veux savoir où se trouve votre bureau à lomé je reviens au pays récemment svp j ai besoin d aide,contact_service_client
je vous écris pour avoir des informations précises franchement je voudrais une estimation réaliste de ce que je vais payer en eau seoln ma consommation depuis que je suis rentré à la maison ça me fatigue un peu svp,simulation_facture
je souhaite procéder à la résiliaiton de mon abonnement d eau dans mon foyer pourquoi je vous remercie,resiliation
est ce que vous pouvez m expliquer c est quelle structure qui s occupe de l eau potable dans mon foyer svp j ai besoin d aide,info_generale_tde
on peut changer le nom du compteur,modification_abonnement
ça fait plusieurs jours que j ai un problème franchement svp pouvez vous m expliquer en détail la procédure pour obtenir un branchement d eau potable chez moi où la pression est très faible depuis plusieurs jours ça me fatgiue un peu,demande_branchement
bonjour je n ai plus d eau chez moi depuis ce matin pouvez vous vérifier nous sommes une grande famille ici pourquoi merci hein,fallback
c est comment pour remettre l eau,info_reabonnement
je ne comprends pas trop ce qui se passe chez moi franchement je doi fournir koi pr resilier ça me fatigue un peu veiullez m aider s il vous plaît,documents_resiliation
astuces eau proposées par la tde dans mon quartier à lomé depuis quelques jours pourquoi merci d avance,info_generale_tde
on souffre un peu ici j aimerais comprendre est ce que vous pouvez m expliquer dossier de réactivation je viens juste de prendre la maison,documents_branchement
je suis un peu perdu par rappotr à tout ça est ce que vous pouvez m expliquer est ce que ma maison peut être raccordée à l eau on est environ 4 à utliiser l eau,eligibilite_branchement
s il vs plaît pouvez vous m aider à comprendre eske que vous pouvez m expliquer svp aidez moi je veux comprendre comment réactiver mon compteur d eau depuis quelques jours déjà,documents_reabonnement
debti eau faible dans la maison que je viens de loure pourquoi je compte sur vous,signaler_basse_pression
ça fait plusieurs jours que j ai un problème eske que vous pouvez m expliquer expliker moi les etapes de branchement dans ma maison avec ma famille depuis hier pardon pour le dérangement,demande_branchement
bnosoir je voulais juste comprendre quelque chose rapidement est ce que vous pouvez m expliquer on demande quoi pour réactiver l eau nous sommes une grande famille ici svp j ai besoin da ide,documents_reabonnement
je vous écris pr avoir des informations précises franchement y a l eau chez nous avec la tde je viens d emménager ici ça me fatigue un peu merci,info_generale_tde
est ce que vous pouvez m expliquer présence de la tde dans mon quartier dans la maison que je viens de louer aidez moi svp,info_generale_tde
combien coûte l eau pr une utilisation normale,info_tarif
bonsoir je vous contacte parce que j ai une préoccupation franchement je veux passer à votre agence pr un renseignement au niveau de mon compteur ça me fatigue un peu merci,contact_service_client
pouvez vous me donner une estimation de ma factuer d eau,simulation_facture
s il vous plaît pouvez vous m aider à comprendre franchement leau est trouble où la pression est très faible ça me fatigue un peu veuillez m aider s il vs plaît,signaler_eau_sale
je vous écris pr avoir des informatinos précises est ce que vous pouvez m xepliquer demande de vérification de ma facture d eau chez moi à adidogomé aidez moi svp,info_tarif
c est important pour moi d avoir une solution est ce que vous pouvez m expliquer je souhaite signaler une fuite d eau dans mon quartier depuis ce matin dans mon quartier à lomé depuis quelques jours svp j ai besoin d aide,signaler_fuite
franchement ça commence à m inquiéter franhcement svp j ai besoin de parler à quelqu un du service client pouvez vous me donner un numéro dans un foyer avec plusieurs enfants ça me fatigue un peu merci beaucoup,contact_service_client
je veux joindre un agent pas avoir des explications au niveau de mon compteur depuis un moment pourquoi svp,contact_service_client
horaires bureau tde,info_generale_tde
grand j ai un souci avec ça là franchement doner moi un contact chez nous dans le quartier ça me fatigue un peu,zone_couverture
kel papier pour abonnement eau pourquoi emrci,documents_branchement
honnêtement je suis un peu confus est ce que vous pouvez m expliquer je veux récupérer un papier lié à mon abonnement chez moi,demande_document
s il vous plaît c est assez urgent dans mon cas franchement svp je ne comprends pas comment vous calculez les tarifs de l eau chez moi pouvez vous m expliquer clairement chez moi à adidogomé ça me fatigue un peu je compte sur vous,info_tarif
franchement je ne comprends pas comment ça fonctionne est ce que vous pouvez m expliquer quels documents sont disponibles pour les clients à lomé depuis que je suis rentré à la maison merci,documents_branchement
o qui fuit dans mon quartier pourquoi svp,zone_couverture
où en est ma demande de branchement à adidogomé depuis ce matin pourquoi svp,demande_branchement
franchement je ne copmrends pas comment ça fonctionne franchement ça coule mal où l eau ne coule presque pas ça me fatigue un peu,signaler_basse_pression
je suis vraiment fatigué de cette sitaution est ce que vous pouvez m expliquer dans mon foyer merci hein,fallback
j ai vraiment besoin d une rpéonse rapide franchement l eau coule très doucement au niveau de l installation d eau ça me fatigue un peu pardon pour le déarngement,signaler_basse_pression
bjr svp je voudrais des conseils pour réduire ma consommation d eau merci,conseil_consommation
expliquez moi comment fonctionne le raccordement à l eau sur mon branchement actuel pourquoi,demande_branchement
je voudrais une estimation pour une familel moyenne chez moi,simulation_facture
quand est ce que vous êtes ouverts,horaire_agence
je veux couper l eau chez moi,resiliation
mon quartier est il desservi en eau,zone_couverture
je vous écirs pr avoir des informations précises eske que vous pouvez m expliquer on utilise combien d eau ça fait plusieurs jours maintenant je compte sur vous,info_consommation_moyenne
honnêtement je suis un peu confus eske que vs pouvez m expliquer procédure de raccordement au niveau de mon compteur depuis un moment je compte sur vous,demande_branchement
chef y a un problème ici chez nous franchement je voudrais préparer mon dossier de réabonnement pouvez vous me donner la liste complète des pièces pr une famille de 5 personnes ça me fatigue un peu je compte sur vous,documents_branchement
je suis un peu perdu par rapport à tout ça eske que vous pouvez m expliquer combien eau famille ça dure depuis un bon moment svp j ai besoin d aide,info_consommation_moyenne
acnalisation casse eau,signaler_fuite
on donne kwa pour arrêter l eau,documents_resiliation
franchement comment fonctionne la facturation de l eau où l eau est un peu sale ça me fatigue un peu svp,signaler_eau_sale
franchement ça commence à m inquiéter franchement expliquez moi comment m abonner à l eau potable au niveau de mon secteur ici ça me fatigue un peu svp j ai besoin d aide,demande_abonnement
s il vs plaît pouvez vous m aider à comprendre franchement on est plusieurs à la maison ça me fatigue un peu merci beaucoup,fallback
expliquez moi comment l eau arrive chez les gens,info_branchement
s il vous plaît pouvez vous m aider à comprendre est ce que vous pouvez m expliquer quels documents sont disponibles à la tde depuis quelques jours déjà aidez moi svp,info_generale_tde
vous donnez l eau dans mon quartier chez nous dans le quartier pourquoi s il vous plaît,zone_couverture
bonsoir pouvez vous m aider à céonomiser l eau dans mon foyer,conseil_consommation
comment remettre l eau avec la tde,info_generale_tde
ça ne coule pas correctement,signaler_basse_pression
s il vous plaît c est assez urgent dans mon cas franchement je veu autre chose depuis hier soir ça me fatigue un peu merci beaucoup,fallback
je vs écris pour avoir des informations précises franchement je ne veu plus de leau on est environ 4 à utiliser l eau ça me fatigue un peu s il vous plaît,resiliation
je veux un justificatif de mon eau là où je suis actuellement pourquoi pardon pour le dérangement,demande_document
grand j ai un souci avec ça là est ce que vous pouvez m expliquer mon dossier là ça a avancé ou bien je viens d emménager ici s il vous plaît,documents_branchement
je vous écris pour avoir des informations précises franchement il y a de l eau qui s échappe ça dure depuis un bon moment ça me fatigue un peu,signaler_fuite
svp pouvez vous m aider à changer le nom du titulaire du compteur chez moi à adidogomé depuis ce matin pourquoi svp,modification_abonnement
honnêtement je suis un peu confus franchement ma facture n est pas normale je reviens au pays récemment ça me fatigue un peu merci d aavnce,info_tarif
ça fait plusieurs jours que j ai un problème franchement je veu comprendre comen leau arrive chez nous où l eau est un peu sale ça me fatigue un peu,signaler_eau_sale
signalement de faible pression à la société togolaise des eaux dans mon coin ici pourquoi,signaler_basse_pression
franchement je veux avoir une idée de tous les documents que vs fournissez aux clients,documents_branchement
je suis un peu perdu par rapport à tout ça franchement erreur de facturation eau dans la zone où je viens d emménager ça me fatigue un peu svp j ai besoin d aide,reclamation_facture
je veux parler directement à quelqu un depuis que je suis rentré à la maison pourquoi parodn pour le dérangement,contact_service_client
je veux récupérer un document,demande_document
ça devient compliqué pour moi en ce moemnt franchement procédure de modification d abonnement je viens d emménaegr ici ça me fatigue un peu s il vous plaît,info_branchement
bonsoir je vous contacte parce que j ai une préoccupation eske que vous pouvez m expliquer tuyau cassé près de chez moi dans ma zone de résidence veuillez m aider s il vous plaît,zone_couverture
plus rien au robinet là où je suis actuellement pourquoi,signaler_coupure
j aimerais bien avoir des explications claires eske que vs pouvez m expliquer je veux entamer les démarches pour un raccordement depuis ce matin pardon pour le dérangement,demande_branchement
optimiser utilisation deau chez nous ici là pourquoi veuillez m aider s il vous plaît,conseil_consommation
je vous écris pour avoir des informations précises franchement de quels documents ai je besoin pour résilier mon abonnement je viens d emménager ici ça me fatigue un peu merci hein,documents_branchement
ça fait plusieurs jours que j ai un problème franchement dans ma nouvelle maison ça me fatigue un peu,info_branchement
honnêtement je suis un peu confus est ce que vous pouvez m expliquer svp est ce que ma maison est éligible à un raccordement à l eau au niveau de mon compteur depuis un moment svp j ai besoin d aide,demande_branchement
chef y a un problème ici chez nous franchement estimer ma facture d eau au niveau de mon secteur ici ça me fatigue un peu svp j ai besoin d aide,info_tarif
erreur de facutration eau chez moi avec ma famille pourquoi s il vs plaît,reclamation_facture
bonsoir je vous contacte parce que j ai une préoccupation est ce que vs pouvez m expliquer je veux comprendre pourquoi ma factrue est élevée où on a souvent des coupures svp,reclamation_facture
depuis hier j ai un souci chez moi eske que vous pouvez m expliquer conseils de la tde pour écnoomiser l eau je suis nouveau dans cette zone,info_generale_tde
chef y a un problème ici chez nous franchement dossier à constiuter ça me fatigue un peu pardon pr le dérangement,documents_branchement
bonjour j aurais besoin d un renseignement s il vous plaît eske que vous pouvez m expliquer l eau coule lentement depuis quelques jours déjà je compte sur vous,signaler_basse_pression
je passe à quelle heure pour ma maison pourquoi je vous remercie,horaire_agence
bonjour j aurais besoin d un renseignement s il vous plaît franchement comment gérer l eau on est environ 4 à utiliser l eau ça me fatigue un peu s il vous plaît,conseil_consommation
comment ça au niveau de l installation d eau pourquoi je compte sur vs,fallback
mon quartier est il desservi en eau,zone_couverture
svp pouvez vous me donner la liste complète des documents disponibles à la société togolaise des eaux sur toute l installation dans la maison pourquoi aidez moi svp,documents_branchement
j ai vraiment besoin d une réponse rapide est ce que vous pouvez m expliquer l eau est sale là dans notre quartier ici à tokoin,signaler_eau_sale
eske que vous pouvez m expliquer mauvaise qualité d eau à la société togolaise des eaux dans la zone où je viens d emménager aidez moi svp,zone_couverture
j aimerais bien avoir des explications claires franchement quel dossier dois je préparer pr un raccordement dans ma zone de résidence ça me fatigue un peu svp,demande_branchement
je vs écris pour avoir des informations précises est ce que vous pouvez m expliquer cmoent vous ocntacter je viens juste de prendre la maison,contact_service_client
s il vous plaît pouvez vous m aider à comprendre franchement franchement je cherche des astuces pour réduire ma consommation d eau où la pression est très faibel ça me fatigue un peu,conseil_consommation
ça devient compliqué pour moi en ce moment franchement salut je n ai pas comrpis ce que vous avez dit pr mon habitation principale ça me fatigue un peu je vous remercie,fallback
documents nécessaires pr réactiver l eau dans mon coin ici pourquoi svp,documents_branchement
bonjour j aurais besoin d un renseignement s il vous plaît est ce que vous pouevz m expliquer quelles sont les pièces justificatives demandées pour un branchement dans mon quartier à lomé depuis queqlues jours s il vous plaît,demande_branchement
quels papiers fournir à la tde pour avoir l eau nous sommes une grande famille ici pourquoi veuillez m aider s il vous plaît,info_generale_tde
comment consommer moins d eau,conseil_consommation
ça devient compliqué pour moi en ce moment est ce que vs pouvez m expliquer liste des document administratif dans notre quartier ici à tokoin,documents_generaux
je vous écris pour avoir des informations précises eske que vous pouvez m expliquer statistiques de consommation o société togolaise des eaux on est plusieurs à la maison veuillez m aider s il vous plaît,info_consommation_moyenne
je souhaite mettre fin à mon abonnement d eau,resiliation
salut je voulais me renseigner sur quelque chose set ce que vous pouvez m expliquer où en est le traitement de mon branchement au niveau de mon compteur depuis un moment svp,demande_branchement
c est important pr moi d avoir une solution franchement quels documents sont disponibles pour les clients à lomé chez moi à adidogomé depuis ce matin ça me fatigue un peu,documents_branchement
,documents_generaux
mettre le compteur à mon nom à la tde,info_generale_tde
honnêtement je suis un peu confus franchement je peux avoir l eau ici dans la maison que je viens de louer ça me fatigue un peu svp j ai besoin d aide,zone_couverture
comment reprendre l eau dans mon quartier au niveau des robinets chez moi pourquoi je vous remercie,zone_couverture
vous êtes le fournisseur d eau national c est ça au niveau de mon compteur pourquoi merci hein,fallback
ma demande est à quel niveau au niveau de l installation d eau pourquoi merci,suivi_demande_branchement
pas ça au niveau de mon compteur depuis un moment pourquoi merci beaucoup,fallback
procedure de racordement c est quoi,info_branchement
,reclamation_facture
est ce que vous pouvez m expliquer la tde c est quelle structure au jutse dans mon foyer pardon pour le dérangement,info_generale_tde
est ce que vous pouvez m expliquer mon logement es til éligible au réseau d eau je vous remercie,eligibilite_branchement
je vs écris pour vaoir des niformations précises franchement consomation eau normale au niveau des robinets chez moi ça me fatigue un peu veuillez m aider s il vous plaît,info_consommation_moyenne
ça sort sale au robinet,signaler_eau_sale
ça fait plusieurs jours que j ai un problème eske que vous pouvez m expliquer je peu avoir leau chez moi chez moi à adidogomé depuis ce matin svp j ai besoin d aide,eligibilite_branchement
c pa clair,fallback
s il vous plaît pouvez vous m aider à comprendre est ce que vous pouvez m expliquer je voudrais préparer mon dossier de réabonnement pouvez vous me donner la liste complète des picèes là où je suis actuellement merci beaucoup,documents_branchement
ça fait plusieurs jours que j ai un problème est ce que vs pouvez m expliquer combien coûte l eau par mois en moyenne là où je suis actuellement s il vous plaît,info_tarif
documents nécessaires pour résiliation à la société togolaise des eaux dans ma maison avec ma famille depuis hier pourquoi merci d avance,documents_branchement
je suis vraiment fatigué de cette sitaution franchement couverture de la tde dans ma zone chez moi où la pressoin est très faible depuis plusieurs jours ça me fatigue un peu svp,info_generale_tde
grand j ai un souci avec ça là est ce que vous pouvez m expliquer bonjour svp je voudrais comprendre comment se passe le branchement d eau pour une maison afin de mieux me préparer merci dans mon coin ici s il vous plaît,demande_branchement
combien coûte l eau par mois en moyenne je reviens au pays récemment pourquoi svp,info_tarif
je veux couper l eau chez moi au niveau de mon compteur pourquoi s il vs plaît,resiliation
s il vous plaît pouvez vous m aider à comprendre est ce que vous pouvez m expliquer franchement je veux arrêter mon abonnemnet ditse moi les documents nécessaires pour la résiliation on est pluseiurs à la maison aidez moi svp,documents_branchement
j ai vraiment besoin d une réponse rapide franchement je souhaite contester ma facture d eau par rapport à mon abonnement actuel ça me fatigue un peu merci beaucoup,info_tarif
je peux aovir un compteur chez moi,eligibilite_branchement
je ne comprends pas trop ce qui se psase chez moi franchement expliquez moi comment m abonner à l eau potable sur mon branchement actuel ça me fatigue un peu aidez moi svp,demande_branchement
je veux prendre un papier chez vous,demande_document
canalisation cassée ça dure depuis un bon moment pourquoi pardon pour le dérangement,signaler_fuite
pouvez vous m expliquer les étapes du raccordement je reviens au pays récemment pourquoi pardon pour le dérangement,demande_branchement
franchement je veux savoir si ma consommation est normale,info_consommation_moyenne
,reclamation_facture
piece pour arreter contrat dans mon foyer pourquoi pardon pour le dérangement,documents_resiliation
s il vous plaît pouvez vous m aider à comprendre franchement cnoseils de la tde pour économiser l eau chez moi même ici ça me fatigue un peu merci hein,info_generale_tde
je veux obtenir un document à la tde,info_generale_tde
franchement ça commence à m inuqiéter franchement données sur l utilisation moyenne de l eau depuis hier soir ça me fatigue un peu merci hein,fallback
je vous ércis pour avoir des informations précises franchement estimez ma facture pour une maison à adidogomé où on a souvent des coupures ça me fatiuge un peu merci hein,info_tarif
je souhaite signaler une faibel pression d eau,signaler_basse_pression
de quels documents ai je besoin pour reprendre l eau,documents_branchement
franchement ça commence à m inquiéter franchement je veux un document sur mon branchement actuel ça me fatigue un peu merci,demande_branchement
astuces eau proposées par la tde depuis hier soir pourquoi aidez moi svp,info_generale_tde
je veux savoir ça a bougé ou pas,suivi_demande_branchement
comment faire pour reprendre l eau chez moi même ici pourquoi merci,info_reabonnement
franchement quels papiers dois je donner pour résilier l eau chez moi même ici ça me fatigue un peu je vs remercie,resiliation
est ce que vous pouvez m expliquer comment fonctionne le branchement chez la société togolaise des eaux svp j ai besoin d aide,demande_branchement
donnez moi un contact dans ma maison avec ma famille depuis hier pourquoi,contact_service_client
à peu près ça revient à combien pour une famille de 5 personnes pourquoi veuillez m aider s il vous plaît,simulation_facture
je suis vraiment fatigué de cette situation franchement c est ouvert aujourd hui dans mon foyer ça me fatigue un peu,horaire_agence
bonsoir je vous contacte parce que j ai une préoccupation franchement vous avez exagéré sur ma facture dans mon quartier à lomé ça me fatigue un peu svp,info_tarif
tuyau percé,signaler_fuite
je veux faire une demande de branchement à la tde chez moi avec ma famille pourquoi,info_generale_tde
coment faire un abonement tde,info_generale_tde
demande de vérification de faisabilité de raccordement,demande_branchement
franchement ça devient compliqué sans eau je veux savoir comment faire pour la remettre,info_reabonnement
salut je veux vérifier si je peux installer un compteur chez moi depuis quelques jours déjà pourquoi veuillez m aider s il vous plaît,demande_branchement
tuyau gâté l eau coule,signaler_fuite
possibilité de raccordement à la société togolaise des eaux au niveau de mon compteur depuis un moment pourquoi je compte sur vous,demande_branchement
s il vous plaît c est assez urgent dans mon cas est ce que vous pouvez m expliquer y a t il de l eau dans ma zone chez moi à adidogomé je compte sur vous,zone_couverture
s il vous plaît pouvez vous m aider à comprendre franchmeent salut je ne veux plus de mon abonnement d eau merci de le résilier ça fait plusieurs jours maintenant ça me fatigue un peu merci d avance,resiliation
franchement je ne veux plus de l abonnement dites moi quels papiers sont demandés pour résilier nous sommes une grande famille ici pourquoi,resiliation
franchement je peux venir quand chez vous sur mon branchement actuel ça me fatigue un peu pardon pour le dérangement,demande_branchement
je suis un peu perdu par rapport à tout ça est ce que vous pouvez m expliquer moyenne eau à adidogomé dans ma nouvelle maison,info_consommation_moyenne
l eau ne vient pas bien dans ma onuvelle maiosn pourquoi merci hein,fallback
il faut quels documents pour résilier où l eau ne coule presque pas pourquoi svp,documents_branchement
changement de nom sur un abonnement d eau au niveau des robinets chez moi pourquoi pardon pour le dérangement,modification_abonnement
ça fuit fort dans la rue,signaler_fuite
depuis hier j ai un souci chez moi est ce que vous pouvez m expliquer je souhaite connaître les oznes de couverture de la tde au niveau de l installation d eau svp,info_generale_tde
ça fait plusieurs jours que j ai un problème franchement quels documents sont disponibles pr les clients à lomé pour une famille de 5 personnes ça me fatigue un peu s il vous plaît,documents_branchement
est ce que vs pouvez m expliquer salut je veux juste une idée du montant que je vais paeyr pour l eau en fonction d une consommation normale où l eau est un peu sale merci beaucoup,signaler_eau_sale
honnêtement je suis un peu confus est ce que vs pouvez m expliquer comment faire pour ne pas trop utiliser l eau dans mon quartier à lomé svp,zone_couverture
salut je n ai pas compris ce que vous avez dit dans mon quartier à lomé depuis quelques jours pourquoi merci hein,zone_couverture
grand j ai un souci avec ça là est ec que vs pouvez m expliquer bonjour svp je voudrais connaître les horaires d ouverture de la tde merci dans un foyer avec plusieurs enfants merci hein,info_generale_tde
franchement je ne comprends pas comment ça fonctionne franchement je veux un justificatif pr mon compteur dans mon quartier dans mon foyer ça me fatigue un peu svp,demande_document
quels papiers dois je donner pour résilier l eau,resiliation
ça devient compliqué pour moi en ce moment est ce que vous pouvez m expliquer o trouble signalée à la tde je viens d emménager ici aidez moi svp,info_generale_tde
pression insuffisante o où on a souvent des coupures poruquoi aidez moi svp,signaler_coupure
honnêtement je suis un peu confus franchement svp j ai besoin de parler à quelqu un du service client pouvez vous me donner un numéro chez nous ici là ça me fatigue un peu merci hein,contact_service_client
grand j ai un souci avec ça là franchement l eau coule partout là chez moi avec ma famille ça me fatigue un peu merci,signaler_fuite
franchement je ne comprends pas comment ça fonctionne franchement vous pouvez reformuler dans ma nouvelle maison ça me fatigue un peu veuillez m aider s il vous plaît,fallback
je ne veu plus de leau on est environ 4 à utiliser l eau pourquoi,resiliation
bonjuor excusez moi de vous déranger mais j ai une question franchement je veux comprendre pourquoi ma facture est élevée sur mon branchement actuel ça me fatigue un peu pardon pour le dérangement,reclamation_facture
consommation moyenne d eau par personne,info_consommation_moyenne
grand j ai un souci avec ça là franchement estimez ma facture pour une maison à adidogomé où l eau est un peu sale ça me fatigue un peu je vous remercie,info_tarif
franchement franchement je veux éviter les allers retours dites moi tous les documents nécessaires pour un barnchement sur tuote l installation dans la maison ça me fatigue un peu,documents_branchement
ça devient compliqué pour moi en ce moment franchement hein koi pr ma maison ça me fatigue un peu je vs remercie,fallback
mettre compteur à mon nom au niveau de mon compteur depuis un momnet pourquoi,modification_abonnement
je veux un branchement d eau,demande_branchement
franchement franchement je suis un peu perdu pouvez vous m expliquer comment fonctionne le branchement d eau chez nous ici là ça me fatigue un peu svp,demande_branchement
bonsoir je vs contacte parce que j ai une préoccupation es tce que vous pouvez m expliquer quels sont les documents que vous mettez à disposition où l eau ne coule presque pas,documents_branchement
bonjour excusez moi de vs déranger mais j ai une question franhcement je souhaite suivre ma demande de branchement pour savoir si elle est en cours de traitement pour mon habitation principale ça me fatigue un peu veuillez m aider s il vous plaît,demande_branchement
depuis hier j ai un souci chez moi franchement à peu près ça revient à combien où la pression est très faible ça me fatigue un peu je compte sur vous,simulation_facture
,signaler_fuite
canalisation cassée à lomé,signaler_fuite
ça fait plusieurs juors que j ai un problème est ce que vous pouvez m expliquer liste des document administratif chez moi à adidogomé depuis ce matin,documents_generaux
grand j ai un souci avec ça là est ce que vs pouvez m expliquer j ai pas compris hein on est plusierus à la maison pardon pour le dérangement,fallback
je vs écris pour avoir des informations précises estc e que vous pouevz m expliquer franchement je ne veux plus continuer avec cet abonnement d eau où l eau est un peu sale pardon pour le dérangement,signaler_eau_sale
bonsoir je veux récupérer ma facture d eau pouvez vous m aider pourquoi aidez moi svp,info_tarif
est ce que vous pouvez m expliquer je ne veux plus d eau dans ma zone de résidence svp,zone_couverture
ça fait plusieurs jours que j ai un problème eske que vous pouvez m expliquer horaires de service de la société togolaise des eaux au niveau de mon compteur depuis un moment svp j ai besoin d aide,horaire_agence
tuyau gâté l eau coule,signaler_fuite
salut je voulais me renseigner sur quelque chose est ce que vs pouvez m expliquer quels documents pour résiliation à la tde pour ma maison merci hein,info_generale_tde
bonjour excusez moi de vous déranger mais j ai une question franchement dossier de réactivation chez nous dans le quartier ça me fatigue un peu svp j ai besoin d aide,documents_branchement
je vous écris pr avoir des informations précises franchement combien coute leau je viens juste de prendre la maison ça me fatigue un peu svp,info_tarif
grand j ai un souci avec ça là est ce que vous pouvez m expilquer obtenir une facture dans mon quartier à lomé veuillez m aider s il vs plaît,info_tarif
je veux arrêetr définitivement l eau,resiliation
et aussi,resiliation
donnez moi mon document là,demande_document
bonjour je voudrais savoir combien d eau une famille consomme en moyenne par mois dans la maison que je vines de louer pourquoi s il vous plaît,info_consommation_moyenne
changer titulaire compteur dans ma maison avec ma famille depuis hier pourquoi je vous remercie,modification_abonnement
franchement coupur deau chez moi dans ma zone de résidence ça me fatigue un peu svp,zone_couverture
à peu près ça revient à combien,simulation_facture
je vous écris pour avoir des informations précises est ce que vous opuvez m expliquer procédure de réabonnement à la société togolaise des eaux au niveau de mon compteur depuis un moment svp j ai besoin d aide,info_branchement
mettre ça à mon nom,modification_abonnement
je veux mettre l eau sur mon nom là,demande_abonnement
faible pression d eau,signaler_basse_pression
je suis un peu perdu par rapport à tout ça franchement quelles sont les pièces justificatives demandées pour un branchement dans ma concession ça me aftigue un peu emrci beaucoup,demande_branchement
c est important pour moi d avoir une solution est ce que vous pouvez mexpliquer comment puis je joindre un agent de la tde rapidement dans ma nouvelle maison,info_generale_tde
bonjour je n ai plus d eau chez moi depuis ce matin pouvez vosu vérifier,signaler_coupure
honnêtement je suis un peu confus franchement franchement je veux savoir si on peut avoir de l eau dans mon quartier au niveau de l installation d eau ça me fatigue un peu aidez moi svp,zone_couverture
est ce que vs pouvez m expliquer documents nécessaires pour un branchement à la société togolaise des eaux dans la zone où j habite actuellement merci d avance,demande_branchement
quelles sont les pièces justificatives pour un réabonnement je viens juste de prendre la miason pourquoi,documents_branchement
svp pouvez vous me donner la liste complète des documents disponibles à la société togolaise des eaux chez moi même ici pourquoi svp,documents_branchement
bonsoir est ce que ma maison est éligible à un branchement d eau chez moi où la pression est très faible depuis plusieurs jours pourquoi svp,demande_branchement
depuis hier j ai un souci chez moi est ce que vous pouvze m expliquer ça fuit quelque part pour une famille de 5 personnes aidez moi svp,signaler_fuite
franchement je cherche des astuces pour réduire ma consommation d eau,conseil_consommation
quand ouvrir bureau tde,info_generale_tde
svp pouvez vous me donner la liste comlpète des documents dispoinbles à la société togolaise des eaux au niveau de mon compteur depuis un moment pourquoi svp j ai besoin d aide,documents_branchement
est ce que vous pouvez m expliquer comment remettre leau apres coupur là où je suis actuellement je compte sur vous,info_reabonnement
franchement ça commence à m inquiéter franchement conseils de la tde pour économiser l eau où l eau ne coule presque pas ça me fatigue un peu merci d avance,info_generale_tde
ça fait plusieurs jours que j ai un rpoblème fracnhement l eau ne sort plus du robinet au niveau des robinets chez moi ça me fatigue un peu s il vous plaît,signaler_coupure
s il vous palît c est assez urgent dans mon cas franchement modifier mon abonnement à la tde dans ma concession ça me fatigue un peu pardon pour le dérangement,info_generale_tde
bnosoir je voulais juste comprendre quelque chose rapidement ets ce que vous puovez m expliquer documents pour résiliation de mon abonnement dans mon foyer chez nous dans le quartier merci beaucoup,documents_branchement
demande de changement de titulaire du compteur depuis hier soir puorquoi,modification_abonnement
quel dossier dois je constituer pour résilier mon contrat chez moi avec ma famille pourquoi,documents_branchement
parlez moi un peu de vs par rapport à mon abonnement actuel pourquoi pardon pour le déragnement,info_generale_tde
bonjour j aurais besoin d un renseignement s il vous plaît franchement je veux faire un abonnement récemment j ai commencé à remarquer ça ça me fatigue un peu je vous remercie,demande_abonnement
chef y a un problème ici chez nous est ce que vs pouvez m expliquer dans ma maison avec ma famille depuis hier merci beaucoup,signaler_basse_pression
eske que vs pouvez m expliquer consommation moyenne d eau par personne dans notre quartier ici à tokoin merci,zone_couverture
franchemnet svp pouvez vous me donner des astuces pr économiser l eau dans mon foyer où on a souvent des coupures ça me fatigue un peu veuillez m aider s il vous plaît,signaler_coupure
bonsoir je voulais juste comprendre quelque chose rapidement franchement document pour reabonnement deau où on a souvent des coupures ça me fatigue un peu je compte sur vous,demande_document
il y a une fuite chez nous,signaler_fuite
ça devient compliqué pour moi en ce moment est ce que vous opuvez m expliquer combien je vai payer pour leau au niveau de mon secteur ici aidez moi svp,simulation_facture
bonsoir je voulais juset comprendre quelque chose rapidement est ce que vous pouvez m expliquer quelle est la procédure pour remettre l eau récemment j ai commencé à remarquer ça pardon pour le dérangement,info_branchement
svp aidez moi je veux savoir quels documents je dois fournir pour avoir leau chez moi,documents_branchement
il y a de l eau partout je reviens au pays récemment pourquoi je vous remercie,signaler_fuite
salut je voulais me renseigner sur quelque chose est ce que vous pouvez m expliquer liste des pièces pour résiliation je reviens au pays récemment s il vs plaît,documents_branchement
aidezm oi je veux prévoir combien je vais payer,simulation_facture
franchement je ne comprends pas comment ça fonctionne franchement comment éviter gaspillage eau ça fait pluiseurs jours maintenant ça me fatigue un peu svp j ai besoin d aide,conseil_consommation
depuis hier j ai un souci chez moi franchement je veux comprendre la tarification de l eau chez moi à adidogomé ça me fatigue un peu,info_tarif
franchement je veux avior l eua potable chez moi dans la zone où je viens d emménager ça me fatigue un peu s il vous plaît,zone_couverture
svp ce n est pas clair je veux une meilleure explication,fallback
chef y a un problème ici chez nous est ce que vous pouvez m expliquer gestion consommation o tde dans mon quartier à lomé veuillez m aider s il vous palît,info_generale_tde
je comprends pas,fallback
comment fonctionne un branchement d eau,demande_branchement
je souhaite un raccordement à la société togolaise des eaux,demande_branchement
l eau n est pas claire nous sommes une grande famille ici pourquoi aidez moi svp,signaler_eau_sale
franchement svp je veux installer un compteur d eau chez moi pouvze vous m aider à faire la demande au niveau de mon compteur ça me fatigue un peu merci hein,demande_branchement
bonjour svp il n y a pas d eau chez moi depuis ce matin pouvez vous vérifier merci chez nous ici là pourqoui je vous remercie,signaler_coupure
quels papiers fournir à la tde pour arrêter mon contrat chez moi où la pression est très faible depuis plusieurs jours pourquoi svp j ai besoin d aide,info_generale_tde
je peux installer l eau au niveau de mon compteur depuis un moment pourquoi aidez moi svp,demande_branchement
c est combien l eau ici à lomé,info_tarif
ça devient compliqué pour moi en ce moemnt franchement je veu suivre mon dossier chez moi à adidogomé depuis ce mtain ça me fatigue un peu,documents_branchement
je souhaite installer l eau dans ma maison à lomé depuis que je suis rentré à la maison pourquoi,demande_branchement
consomation moyenne eau dans mon quartier à lomé depuis quelques jours pourquoi veuillze m aider s il vous plaît,zone_couverture
bonjour j aurais besoin d un renseignement s il vous plaît franchement dans ma zone de résidence ça me fatigue un peu merci d avance,zone_couverture
vérification de la couverture en eau dans ma zone dans ma concession pourquoi,zone_couverture
je suis vraiment fatigué de cette situation est ce que vs pouvez m expliquer ma zone est elle éligible chez nous dans le quartier je compte sur vous,zone_couverture
franchement quels documents pour résiliation à la tde ça fait plusierus jours maintenant ça me fatigue un peu svp,info_generale_tde
il y a une fuite d eau,signaler_fuite
je dois amener quoi pour que l eau reivenne chez moi,documents_reabonnement
quels sont vos horaires,horaire_agence
l eau est sale chez moi,signaler_eau_sale
je vous écris pr avoir des informations précises franchement nous sommes une grnade famille ici ça me fatigue un peu merci,reclamation_facture
pr arrêter le au là on demande quels papiers dans mon ofyer pourquoi svp,documents_resiliation
grand j ai un souci avec ça là franchement je ne veux pas remettre mon eau je veux comprendre comment elle est traitée dans la zone où j habite actuellement ça me fatigue un peu s il vous plaît,zone_couverture
je ne comprends pas trop ce qui se passe chez moi franchement arrêter mon contrat d eau à lomé où la pression est très faible ça me fatigue un peu,resiliation
eau sale chez moi pourquoi pardon pour le dérangement,signaler_eau_sale
il faut quels documents pour remettre l eau,documents_branchement
coment se apsse le branchement deau,demande_branchement
bonjour j aurais besoin d un renseignement s il vous plaît est ce que vous pouvez m expliquer je voudrais savoir le prix de l eau potable nous sommes une grande famille ici veuillez m aider s il vous plaît,info_tarif
salut je voulais me renseigner sur quelque chose est ce que vous pouvez m expliquer problème de distribution avec faible pression où la pression est très faible merci,signaler_basse_pression
ça sort sale au robinet au niveau de mon compteur depuis un moment pourquoi merci hein,signaler_eau_sale
ça fait plusieurs jours que j ai un problème est ce que vous pouvez m expliquer quels papiers pour réactiver mon compteur pour mon habitation principale je vous remercie,documents_reabonnement
comment faire pr utiliser moins d eau là où je suis actuellement pourquoi je compte sur vous,conseil_consommation
je vous écris pour avior des ifnormations précises eske que vous pouvez m expliquer pas d eau dans mon foyer je viesn d emménager ici veuillez m aider s il vous plaît,signaler_coupure
je suis un peu perdu par rapport à tout ça franchement coupure d eau à la tde on est enviorn 4 à utiliser l eau ça me fatigue un peu pardon pour le dérangement,info_generale_tde
bonsoir je voulais juste comprendre quelque chose rapidement est ce que vous pouvez m expliquer c est inutile comme réponse,fallback
comment éviter de gaspiller l eau,conseil_consommation
bonjour j aurais besoin d un renseignement s il vous plaît eske que vous pouvez m expliquer comment reabonner deau dans ma maison avec ma famille depuis hier pardon pr le dérangement,info_reabonnement
ça devient compliqué pour moi en ce moment est ce que vous pouvez m expliquer information sur les heures de fonctionnement des bureaux où l eau est un peu sale svp j ai besoin d aide,signaler_eau_sale
comment avoir ma facture d eau dans ma zone de résidence pourquoi je vous remercie,info_tarif
on souffre un peu ici j aimerais comprendre est ce que vs pouvez m expliquer il y a une erreur sur ma facture dans ma nouvelle maison aidez moi svp,reclamation_facture
c est important pour moi d avoir une soultion franchement ouvrire un abonement deau depuis que je suis rentré à la maison ça me fatigue un peu aidez moi svp,horaire_agence
documents nécessaires pr résiliation à la société togolasie des eaux dans la maison que je viens de louer pourquoi veuillez m adier s il vs plaît,documents_branchement
explique encore,fallback
bonjour j aurais besoin d un renseignement s il vous plaît franchement comment faire pour entrer en contact avec vous depuis hier soir ça me fatigue un peu merci beaucoup,contact_service_client
horaires agence proche de moi,horaire_agence
frnachement je ne comprends pas comment ça fonctionne franchement obtenir un document pour mon foyer chez moi à adidogomé depuis ce matin ça me fatigue un peu,demande_document
grand j ai un souci avec ça là franchement est ce que ma demande a été validée on est plusieurs à la maison ça me fatigue un peu je vs remercie,suivi_demande_branchement
franchement changer les informations de mon compteur dans mon foyer où on a souvent des coupures ça me fatigue un peu,signaler_coupure
explike encor dans la zone où je viens d emménager pourquoi mecri hein,zone_couverture
salut je veux savoir quels documents je peux obtenir auprès de vous chez moi même ici pourquoi merci beaucoup,documents_branchement
on donne quoi pour faire le dossier d eau,documents_branchement
j aimerasi bien aovir des explications claires est ce que vs pouvez m expliquer le branchement d eau là ça se passe comment dans la maison que je viens de louer,demande_branchement
je doi fournir koi pour remetre leau,documents_reabonnement
franchement ça commence à m inquiéter est ce que vous pouvez m expliquer quelles sont les démarches pour avoir un abonnement d eau par rapport à mon abonnement actuel merci beaucoup,demande_abonnement
document pour resiliation deau,demande_document
franchement je veux comprendre la tde on est environ 4 à utiliser l eau ça me fatigue un peu svp,info_generale_tde
s il vous plaît c est assez urgent dans mon cas franchement je voudrais savoir les tarifs appliqués chez moi à adidogomé pour mon habitation principale ça me fatigue un peu aidez moi svp,info_tarif
s il vous plaît c est assez urgent dans mon cas franchement vos prix d eau là c est comment au niveau des robinets chez moi ça me fatigue un peu,info_tarif
je suis un peu perdu par rapport à tout ça est ce que vous pouvez m expliquer je veu un justificatif dans mon foyer merci beaucoup,demande_document
bonjour excusez moi de vous déranger mais j ai une question eske que vous pouvez m explqiuer bonsoir je veux changer le titulaire du compteur pouvez vous m aider au niveau de mon compteur svp j ai besoin d aide,modification_abonnement
je veux qu on arrête mon eau,resiliation
je veux que le compteur soit à mon nom,modification_abonnement
documents disponibles à la tde,info_generale_tde
bonjour svp je voudrais des conseils pour réduire ma consommation d eau merci,conseil_consommation
fuite d eau chez moi,signaler_fuite
honnêtement je suis un peu confus est ce que vous pouvez m expliquer je veux modifier les infos de mon abonnement nous sommes une grande famille ici merci beaucoup,modification_abonnement
on souffre un peu ici j aimerais comprendre est ce que vous pouvez m expliquer coupur deau chez moi depuis que je suis rentér à la maison aidez moi svp,signaler_coupure
ya pa deau,signaler_coupure
je souhaite vérifier si ma zone est desservie par le réseau d eau je viens d emménager ici pourquoi,zone_couverture
honnêtement je suis un peu confus est ce que vs pouvez m expliquer conditions de réabonnement pr mon habittaion principale svp,documents_reabonnement
bonsoir je vous contacte parce que j ai une préoccupation franchement possibilité de arccordement à la société togolaise des eaux nous sommes une grande famille ici ça me fatigue un peu,eligibilite_branchement
demander un papier officiel on est plusieurs à la maison pourquoi s il vous plaît,demande_document
c est ipmortant pour moi d avoir une solution est ce que vous pouvez m expliquer y a l eau chez nous avec la tde chez moi avec ma famille emrci,info_generale_tde
l eau n est pas claire du tout,signaler_eau_sale
c est important pour moi d avoir une solution franchement je veu savoir si jai leau chez nous ici là ça me fatigue un peu,eligibilite_branchement
mettre compteur à mon nom nous sommes une grande famille ici pourquoi s il vs plaît,modification_abonnement
je suis vriament fatigué de cette situation est ce que vous pouvez m expliquer leau coule lenteman dans ma concession pardon pour le dérangement,signaler_basse_pression
je suis un peu perdu par rapport à tout ça est ce que vous pouvez m expliquer débit d eau anormalement faible dans notre quartier ici à tokoin merci hein,zone_couverture
on souffre un peu ici j aimerais comprendre est ce que vous pouvez m expliquer l eau sort du sol là bas où l eau ne coule presque pas,signaler_fuite
bjr l eau qui sort de mon robinet est sale pouvez vous vérifier où l eau ne coule presque pas pourquoi aidez moi svp,signaler_eau_sale
je vous écris pour avoir des informations précises eske que vous pouvez m expliquer quels papiers dois je donner pour résilier l eau dans un foyer avec plusieurs enfants s il vous plaît,resiliation
ça devient compliqué pr moi en ce moment est ce que vs pouvez m expliquer horaires société togolaise des eaux je vous remercie,horaire_agence
dans ma maison avec ma famille depusi hier poruquoi s il vs plaît,zone_couverture
ma facture est trop chère là,info_tarif
s il vous plaît cest assez urgent dans mon cas est ce que vous pouvez m expliquer absence d eau dans ma zone depuis ce matin s il vous plaît,zone_couverture
bonsoir je vous contacte parce que j ai une préoccupation franchement montant de facture incorrect chez moi à adidogomé ça me fatigue un peu merci,info_tarif
s il vous plaît pouvez vous m aider à comprendre est ce que vous pouvez m expliquer quantite eau par mois pr ma maison merci beaucoup,info_consommation_moyenne
je voudrais avoir votre numéro de téléphone pour vous contacter,contact_service_client
vs avez exagéré sur ma facture dans notre quartier ici à tokoin pourquoi,info_tarif
je veux arrêter définitivement l eau,resiliation
où l eau ne coule presque pas pourquoi,zone_couverture
documents accessibles pour mon foyer,documents_branchement
c est ouvert aujourd hui au niveau de mon compteur depuis un mmoent pourquoi svp j ai besoin d aide,horaire_agence
bonsoir je voulais juste comprendre quelque chose rapidement est ce que vous puovez m expliquer liste des pièces demandées par la société togolaise des eaux pr remettre l eau dans mon foyer je vous remercie,documents_branchement
bonjour je voudrais connaîter la liste des documents nécessaires pour faire un réabonnement d eau après une coupure,documents_branchement
franchement l eau sort petit petit chez moi à adidogomé depuis ce matin ça me fatigue un peu merci davance,signaler_basse_pression
franchement je ne veux plus continuer avec cet abonnement d eau,resiliation
je suis vraiment fatigué de cette situation est ce que vous pouvez m expliquer dans ma maison avec ma famille depuis hier merci d avance,documents_branchement
svp aidez moi il y a une grosse fuite d eau près de chez moi,signaler_fuite
bonsoir je voulais juste comprendre quelque hcose rapidement est ce que vous pouvez m expliquer liste des document pr branchement ça fait plusieurs jours maintenant veuilelz m aider s il vous plaît,demande_branchement
salut je voulais me renseigner sur quelque choes franchement je veux réduire ma consommation d eau ça fait plusieurs jours maintenant ça me fatigue un peu merci,conseil_consommation
je dois amener quoi pour couper mon abonnement chez moi à adidogomé depuis ce matin pourquoi s il vous plaît,documents_resiliation
je vous écris pour avoir des informations précises eske que vous pouvez m expliquer je voudrais cmoparer ma consommation avec la moyenne dans mon foyer veuillez m aider s il vous plaît,info_consommation_moyenne
je veu autre chose dans mon foyer pourquoi svp,fallback
expliker moi votre systeme de distribution dans ma concession pourquoi,info_generale_tde
salut je voulais me renseigner sur quelque cohse est ce que vs pouvez m expliquer je veux savoir si ça avance dans la maison que je viens de louer merci,suivi_demande_branchement
je ne saisis pas votre réponse,fallback
j aimerais bien avoir des explications claires eske que vous pouvez m expliquer je veux un justificatif pour mon compteur dans mon quartier depuis que je suis rentré à la maison merci,demande_document
est ce que vous pouvez m expliquer expliquez moi votre rôle depuis quelqeus jours déjà mecri,info_generale_tde
franchement ça commence à m inquiéter est ce que vous pouvez m expliquer bonsoir je souhaite avoir des informations détaillées sur la procédure de raccordement à l eau potable chez nous dans le quartier,demande_branchement
je peux vous joindre comment rapidement,contact_service_client
salut je voulais me renseigner sur quelque chose franchement le robinet coule à peine où la pression est très faible ça me fatigue un peu merci hein,fallback
bonsoir je vous contacte parce que j ai une préoccupation eske que vous pouvez m expliquer je peux avoir un justificatif on est environ 4 à utiliser l eau merci beaucoup,demande_document
combien coûte l eau à la société togolaise des eaux,info_tarif
s il vous plaît pouvez vous m aider à comprendre est ce que vous pouvez m expliquer comment on fait pour avoir l eau à la maison chez nous ici là merci beaucoup,info_branchement
je veux qu on arrête mon o chez nous ici là pourquoi merci hein,fallback
svp aidez moi l eau ne coule plus du tout chez moi dans ma maison avec ma famille depuis hier pourquoi je vous remercie,signaler_coupure
erreur de facturation eau,reclamation_facture
honnêtement je suis un peu confus franchement je dois faire quoi pr remettre l eau depuis hier soir ça me fatigue un peu,info_reabonnement
sur mon brnachement actuel pourquoi,demande_document
grand j ai un souci avec ça là franchement eau sale dans mon foyer pr ma maison ça me aftigue un peu svp,signaler_eau_sale
franchement je ne comprends pas comment ça fonctionne francheemnt ça coule mal dans la zone où j habite acutellement ça me fatigue un peu,zone_couverture
bonjour il y a une fuite d eau importante devant chez moi pouvez vous intervenir où on a souvent des coupures poruquoi merci d avance,signaler_coupure
je voudrais recevoir un justificatif de paiement,demande_document
resiliation compteur eau,resiliation
plu deau depuis matin au nvieau de l installation d eau pourquoi je compte sur vous,signaler_coupure
j ai vraiment besoin d une réponse rapide est ce que vous pouvez m expliquer comment fonctionne le branchement chez la soicété togolaise des eaux chez moi même ici aidez omi svp,demande_branchement
franchement je veux comprendre comment l eau devinet potable chez vous chez moi même ici pouruqoi veuillez m aider s il vous plaît,info_generale_tde
je suis un peu perdu par rapport à tout ça est ce que vous pouvez m expliquer bonsoir à quelle heure est ce que vous ouvrez vos bureaux où l eau ne colue presque pas je vous remercie,horaire_agence
ça fait plusieurs jours que j ai un problème est ce que vous opuvez m expliquer je veux savoir si ça évolue pr ma maison merci davance,suivi_demande_branchement
l eau a une mauvaise qualité,signaler_eau_sale
salut je veux préparer mon dossier de branchement pouvez vous me donner la liste complète des documents,documents_branchement
liste des documents que je peux obtenir chez moi à adidogomé,documents_branchement
est ce que vous pouvez m expliquer eau qui fuit dans mon quartier on est plusieurs à la maison svp,zone_couverture
depuis hier j ai un souci chez moi eske que vous pouvez mexpliquer je souhaite arrêter mon contrat avec la tde dans ma zone de résidence pardon pour le dérangement,info_generale_tde
comment on fait pour réactiver l eau,documents_reabonnement
grand j ai un souci avec ça là franchement débit d eau anormalement faible dans un foyer avec plusieurs enfants ça me fatigue un peu merci,signaler_basse_pression
je n ai plus d eau avec la tde,info_generale_tde
vous faites passer l eau comment jusqu aux ocmpteurs où l eau ne coule presque pas pourquoi je vous remercie,info_generale_tde
franchement ça commence à m inquiéter est ce que vous pouvez m expliquer c est comment on connecte une maison à l eau au niveau des robinets chez moi merci d avanec,info_branchement
franchement ça commence à m inquiéter franchement tde couvre ma zone on est environ 4 à utiliser l eau ça me fatigue un peu merci hein,info_generale_tde
bonjour j aurais besoin d un renseignement s il vous plaît eske que vous pouvez m expliqeur problème de pression avec la société togolaise des eaux dans ma zone de résidence veuillez m aider s il vous plaît,zone_couverture
quantité d eau pour une famille de 5 personnes pour ma maison pourquoi,info_consommation_moyenne
je suis un peu perdu par rapport à tout ça est ce que vous pouvez m expliquer salut je ne veux plus de mon abonnement d eau merci de le résilier on est plusieurs à la maison,resiliation
on souffre un peu ici j aimerais comprendre franchement je veux faire une demande de branchement à la tde dans la maison que je ivens de loeur ça me fatigue un peu veuillez m aider s il vs plaît,info_generale_tde
grand j ai un souci avec ça là franchement consommation moyenne eau par mois chez nous dans le quartier ça me fatigue un peu svp j ai besoin d aide,zone_couverture
je veux prendre un papier chez vous dans la maison que je viens de louer pourquoi merci d avance,demande_document
eau disponible dans ma zone dans ma zone de résidence pourquoi merci,zone_couverture
on consomme combien d eau où l eau ne coule presque pas pourquoi,info_consommation_moyenne
s il vous plaît pouvez vous m aider à comprendre franchement si on est en famille là on peut payer combien pour l eau je viens d emménager ici ça me fatigue un peu aidez moi svp,simulation_facture
,info_branchement
est ce que je peux avoir l eau chez moi,eligibilite_branchement
où est située votre agence,contact_service_client
bonsoir je voluais juste comprendre quelque chose rapidement franchement je souhaite un raccordement à la société togolaise des eaux dans mon foyer ça me fatigue un peu,demande_branchement
quels papiers pour résilier abonnement,resiliation
bonjour excusez moi de vous déranger mais j ai une question es tce que vous pouvez m expliquer pression insuffisante eau nous sommes une grande famille ici s il vous plaît,signaler_basse_pression
je ne veux plus de l eau là chez moi,resiliation
bonsoir je vous contacte prace que j ai une préoccupation est ce que vous pouvez m expliquer liste des document administratif où l aeu est un peu sale merci,documents_generaux
ça devient compliqué pour moi en ce moment est ce que vous pouvez m expliquer quels papiers pour arrêter mon abonnement dans la zone où j habite actuellement merci hein,zone_couverture
je suis vraiment fatigué de cette situation franchement la tde a traité ma demande ou pas je reviens au pays récemment ça me fatigue un peu svp,info_generale_tde
chez moi avec ma famille pourquoi merci,demande_branchement
comment se passe le branchement de au chez moi à adidogomé,demande_branchement
honnêtement je suis un peu confus franchement expliquez moi la procédure de branchement chez nous ici là ça me fatigue un peu pardon pour le dérangement,demande_branchement
s il vous plaît pouvez vous m aider à comprendre est ce que vous pouvez m expliquer eau disponible zone au niveau de mon secteur ici je vous remercie,zone_couverture
je veux savoir comment vous calculez les montants à payer pour l eau chaque mois dans la maison que je viens de louer pourquoi merci,info_tarif
rseiliation compteur o,resiliation
grand j ai un souci avec ça là franchement je veux savoir comment vous calculez les montants à payer pour l eau chaque mois chez nous dans le quartier ça me fatigue un peu svp,zone_couverture
on souffre un peu ici j aimerais comprendre franchement où en est mon dossier depuis que je suis rentré à la maison ça me fatigue un peu svp j ai besoin d aide,suivi_demande_branchement
bonjour je voudrais comprendre les différentes étapes pour faire un branchement d eau dans une maison,demande_branchement
bonjour excusez moi de vs déranger mais j ai une question est ce que vous pouvez m expliquer je veux connaître le statut de ma demande là où je suis actuellement merci d avance,suivi_demande_branchement
je veux obteinr un document pour mon abonnement à adidogomé pourquoi,demande_document
c est important pour moi d avoir une solution franchement quelle est la liste des documents administratifs disponibles ça fait plusieurs jorus maintenant ça me fatigue un peu merci,documents_generaux
j aimerais bien avoir des explications claires est ce que vous pouvez m expliquer svp expliquez moi en détail la tarification de l eau parce que je ne comprends pas comment les prix sont calculés dans ma concession merci beaucoup,info_tarif
s il vous plaît pouvez vous m aider à comprendre franchement fuite d eau signalée à la tde ça dure depuis un bon moment ça me fatigue un peu pardon pour le dérangement,info_generale_tde
ça fait plusieurs jours que j ai un problème franchement pour remettre l eau là on demande quels paipers ça me fatigue un peu merci hein,fallback
je veux couper mon abonnement,resiliation
salut je voulais me renseigner sur quelque cohse franchement est ce que vous avez commencé ma demande récemment j ai commencé à remarquer ça ça me fatigue un peu merci d avance,suivi_demande_branchement
comment avoir ma facture d eau à lomé,info_tarif
vous ouvrez quand dans la maison que je viens de loure pourquoi merci hein,fallback
changer les informations de mon compteur dans mon foyer,modification_abonnement
ça fait plusieurs jours que j ai un prolbème est ce que vous pouvez m expliquer je veux changer mon abonnement dans ma concession je vous remercie,modification_abonnement
je veu autre chose pour mon habitation principale pourquoi svp j ai besoin d aide,fallback
je ne vois pas par rapport à mon abonnement actuel pourquoi veuillez m aider s il vous plaît,fallback
avoir l eau à domicile,demande_branchement
obnsoir je voulais juste comprendre quelque chose rapidement est ce que vous pouvez m expliquer branchement possible ici dans la maison que je viens de louer,demande_branchement
quels documents sont exigés pour une demande de branchement,demande_branchement
on dit tde tde mais vous faites quoi concrètement dans notre quartier ici à tokoin pourquoi svp,info_generale_tde
grand j ai un souci avec ça là franchement quels papiers pour reprendre l eau je viens juste de prendre la maison ça me fatigue un peu,documents_reabonnement
optimiser l eau pr une famille de 5 personens,conseil_consommation
vous donnez l eau dans mon quartier,zone_couverture
franchement ça commence à m inquiéter franchement svp aidez moi ma facture ne correspond pas à ma consommation je suis nouveau dans cette zone ça me fatigue un peu je compte sur vous,info_tarif
bonsoir je vous contacte parce que j ai une préoccupation est ce que vous pouvez m expliquer commetn éviter de gaspiller l eau dans ma maison avec ma famille depuis hier veuillez m aider s il vous plaît,conseil_consommation
pression insuffisante eau,signaler_basse_pression
j ai vraimetn besoin d une réponse rapide est ce que vous pouvez m expliquer l eau n est pas propre chez moi je reviens au pays récemment svp j ai besoin d aide,signaler_eau_sale
comment ça se passe pour installer un comptuer d eau,demande_branchement
est ce que vous pouvez m expliquer je dois faire quoi pour remettre l eau chez nous ici là merci,info_reabonnement
est ce que vous pouvez m expliquer l eau sort du sol chez nous dans le quartier merci beaucoup,zone_couverture
horaires société togloaise des eaux depuis hier soir pourquoi je compte sur vous,horaire_agence
je veux faire le nécessaire pour avoir l eau,demande_branchement
on souffre un peu ici j aimerais comprendre set ce que vous pouvez m expliquer je peux avoir l eau chez moi là dans mon quartier à lomé je compte sur vous,zone_couverture
garnd j ai un souci avec ça là franchement je sohuaite un raccordement à la société togolaise des eaux sur mon branchement actuel ça me fatigue un peu svp j ai besoin d aide,demande_branchement
on souffre un peu ici j aimerais comprendre franchement je veux résilier mon abonnement à adidogomé chez moi à adidogomé depuis ce matin ça me fatigue un peu s il vous lpaît,resiliation
quels sont les justificatifs nécessaires pour avoir l eau dans notre quartier ici à tokoin pourquoi svp j ai besoin d aide,demande_document
bonnes pratiques pour une consommation d aeu responsable dans mon coin ici pourquoi svp,conseil_consommation
ça fait plusieurs jours que j ai un problème franchement piece pour arreter contrat depuis quelques jours déjà ça me fatigue un peu merci beuacoup,documents_resiliation
je ne comprends pas trop ce qui se passe chez moi franchement on est sans o ici chez moi à adidogomé depuis ce matin ça me fatigue un peu,signaler_coupure
grand j ai un souci avec ça là franchement je voudrais avoir les détails sur les pièces justificatives demandées pour un branchement d eau au niveau de l installation d eau ça me fatigue un peu merci hein,demande_branchement
pouvez ovus m expliquer les étapes du raccordement,demande_branchement
je veux comprendre comment on obtient l eau à domicile,info_branchement
s il vous palît c est assez urgent dans mon cas franchement myoenne eau tde pour ma maison ça me fatigue un peu merci d avanec,info_generale_tde
svp aidez moi à comprendre la moyenne de consommation d eau dans la zone où je viens d emménager pourquoi merci beaucoup,zone_couverture
ma maison est elle éligible dans mon quarteir,eligibilite_branchement
chef y a un problème ici chez nous est ce que vous pouvez m expliquer vs êtes dans mon coin je reviens au pays récemment merci hein,fallback
bonjour svp je voudrais savoir si je peux avoir l eau chez moi merci dans un foyer avec plusieurs enfants pourquoi merci beaucoup,eligibilite_branchement
je trouve ma factrue d eau trop élevée par rapport à mon abonnement actuel pourquoi s il vous plaît,reclamation_facture
ça fait plusieurs jours que j ai un problème franchement je veux suivre mon branchement chez moi à adidogomé depuis ce matin ça me fatigue un peu aidez moi svp,demande_branchement
où l eau ne coule presque pas pourquoi merci d avance,fallback
franchement je comprends rien sur toute l installation dans la maison pourquoi merci d avance,fallback
bonjour excusez moi de vous déranger mais j ai une question franchement si on est 4 à la maison combien on peut apyer nous sommes une grande famille ici ça me fatigue un peu s il vous plaît,simulation_facture
franchement je ne comprends pas comment ça fonctionne est ce que vous pouvez m expliquer vous donnez quels papiers aux clients on est plusieurs à la maison pardon pr le dérangement,documents_generaux
c est important pour moi d avoir une solution est ce que vous povuez m expliquer faire une demande de rcaordement on est environ 4 à utiliser l eau je compte sur vous,demande_branchement
honnêtement je suis un peu confus franchemetn fermer mon compteur à la société togolaise des eaux au niveau de mon compteur ça me fatigue un peu je vs reemrcie,resiliation
bonjour j aurais besoin d un renseignement s il vous plaît franchement documents disponibles à la tde dans mon quratier à lomé depuis quelques jours ça me faitgue un peu svp,info_generale_tde
honnêtement je suis un peu confus franchement donnez moi la liste des documents pr un branchement je reviens au pays récemment ça me fatigue un peu je compte sur vous,demande_branchement
je peux avoir le au dans ma maison,eligibilite_branchement
données sur l utilisation moyenne de l eua au niveau de mon secteur ici pourqoui pardon pour le dérangement,info_consommation_moyenne
s il vous plaît pouvez vous m aider à comprendre franchement je voudrais aovir accès à un document concernant mon abnonement d eau dans ma maison avec ma famille depuis hier ça me fatigue un peu merci beaucoup,demande_document
je suis vraiment fatigué de cette situation est ce que vous pouvez m expliquer je veux savoir si ça avance chez moi où la pression est très faible depuis plusieurs jours merci da vance,suivi_demande_branchement
je vs écris pour avoir des informations précises franchement canalisation cassée à la société togolaise des eaux pr une famille de 5 personnes ça me fatigue un peu,signaler_fuite
c set important pour moi d avoir une solution franchement bonjour je vodurais savoir si mon quartier est couvert par la tde chez moi même ici ça me fatigue un peu svp,info_generale_tde
bonjour excusez moi de vous déranger mais j ai une question franchement ya pa deau dans ma concesison ça me fatgiue un peu merci hein,fallback
coment faire un abonement tde,info_generale_tde
c est important pour moi d avoir une solution franchement je veux stopper mon abonnement je suis nouveau dans cette zone ça me fatigue un peu,zone_couverture
je veux m inscrire pr utilisre l eau chez moi sur mon branchement actuel pourquoi,demande_branchement
franchement combien coute leau chez moi où la prsesion est très faible depuis plusieurs jours ça me fatigue un peu je vous remercie,info_tarif
bonsoir je vous contacte parce que j ai une préoccupation est ce que vous pouvez m expliquer démarches à suivre pour un réabonnement je suis onuveau dans cette zone s il vous plaît,documents_reabonnement
horaires agence à lomé,horaire_agence
modifier les inofrmations de mon abonnement à la société togolaise des eaux,modification_abonnement
che f y a un problème ici chez nous franchement étapes pour remettre l eau au niveau de mon compteur depuis un moment ça me fatigue un peu je vs remercie,info_branchement
on souffre un peu ici j aimerais comprendre est ce que vous pouvez m expliquer quelles sont les démarches pr avoir un abonnement d eau dans ma nouvelle maison je vous remercie,demande_abonnement
grand j ai un souci avec ça là franchement comment ça se passe pour installer un compteur d eau au niveau des robinets chez moi ça me fatigue un peu mecri beaucoup,demande_branchement
tu peux m aider sur autre chose chez moi où la pression est très faible depuis plusieurs jours pourquoi merci d avance,fallback
erreur de facturation au niveau de l installation d eau pourquoi je compte sur vous,reclamation_facture
je peux venir quand chez vous depuis hier soir pourquoi je vous remercie,horaire_agence
je souhaite signaler une mauvaise qualité de l eau,signaler_eau_sale
ma maison est elle éligible dans mon quartier dans mon coin ici pourquoi,zone_couverture
simulation de consommation eau,simulation_facture
coupure d eau dans ma zone,signaler_coupure
j aimerais bien avoir des explications claires est ce que vous pouvez m expliquer c est quoi votre société d eau exactement dans la zone où j habite actuellement pardon pour le dérangement,zone_couverture
problème de pression avec la société togolaise des eaux dans notre quartier ici à tokoin pourquoi s il vous plaît,zone_couverture
depuis hier j ai un souci chez moi franchement leau est troulbe au niveau de mon compteur ça me fatigue un peu merci hein,fallback
l eau ne donne pas cnofiance dans mon quartier à lomé depuis queluqes jours pourquoi merci beaucoup,zone_couverture
s il vous plaît pouvez vous m aider à comprendre est ec que vs pouvez m expliquer je peux venir quand où on a souvent des coupures veuillez m aider s il vous plaît,signaler_coupure
j ai vraiment besoin d une réponse rapide eske que vs pouvez m expliquer je veux prévoir ma facture selon ma consommation nous sommes une grande famille ici merci hein,info_tarif
je veux commencer la procédure pr avoir l eau dans mon quarteir à lomé depuis quelques jours pourquoi merci beaucoup,info_branchement
je veux parler directement à quelqu un dans mon quartier à lomé depuis quelques jours pourquoi veuillez m aider s il vous plaît,zone_couverture
depuis hier j ai un souci chez moi franchement fuit deau ça fait plusieurs jours maintenant ça me fatigue un peu,signaler_fuite
c est important pour moi d avoir une oslution franchement quand ouvrir bureau tde chez moi à adidogomé ça me fatigue un peu merci beaucoup,info_generale_tde
coment se passe le branchement deau pour une famille de 5 personnes pourquoi aidez moi svp,demande_branchement
je suis vraiment fatigué de cette situation franchement je vuodrais savoir le prix de l eau potable où l eau est un peu sale ça me fatigue un peu,info_tarif
franchement documents nécessaires pour mon foyer pour mon habitation principale ça me fatigue un peu,documents_branchement
bonsoir je voulais juste comprendre quelque chose rapidement franchement je veux parler à un agent tde au niveau des robinets chez moi ça me fatigue un peu,info_generale_tde
salut je vuolais me renseigner sur quelque chose franchement je peux vaoir l eau dans ma maison là où je suis actuellement ça me fatigue un peu,eligibilite_branchement
modifier les informations de mon abonnement,modification_abonnement
je veux comprendre combien ça peut me coûter environ pour l eau dans une famille moyenne je suis nouveau dans cette zone pourquoi,info_tarif
bonjour je n ai plus d eau chez moi depuis ce matin pouvez vous vérifier dans ma concession pourquoi merci,signaler_coupure
l eau est sale chez moi,signaler_eau_sale
ça devient compliqué pour moi en ce omment franchement pour une consommation moyenne combien coûte la facture d eau nous sommes une grande famille ici ça me fatigue un peu,info_tarif
svp aidez moi à comprendre la moyenne de consommation d eau,info_consommation_moyenne
je veux arrêter l eau dans mon foyer,resiliation
svp aidez moi je veux comprendre comment réactiver mon compteru d eau dans la maison que je viens de louer pourquoi,documents_reabonnement
je vs écris pour avoir des informations précises franchemnet je n ai plus d eau avec la tde ça me fatigue un peu merci beaucoup,info_generale_tde
c est important pour moi d avoir une solution franchement branchement possible ici dans mon quartier à lomé depuis quelques jours ça me fatigue un peu merci beaucoup,demande_branchement
heures d ouverture tde,info_generale_tde
franchement ça commence à m inquiéter franchement je peux avoir quels types de papiers sur toute l installation dans la maison ça me fatigue un peu,documents_generaux
salut je voulais me renseigner sur quelque chose est ce que vous pouvez m expliquer ma demande pour ma maison est à quel nvieau là où je suis actuellement s il vous plaît,suivi_demande_branchement
franchement je veux tout préparer à l avance dites moi quels papiers sont demandés pour un branchement,demande_branchement
o sale qui sort du orbinet,signaler_eau_sale
salut je voulais me renseigner sur quelque chose franchement il n y a rien qui sort dans ma concession ça me fatigeu un peu je vous remercie,signaler_coupure
bonjour svp je voudrias des conseils pour réduire ma consommation d eau merci depuis ce matin pourquoi,conseil_consommation
grand j ai un souci avec ça là est ce que vous pouvez m expliquer l eau est faible là chez nous ici là merci beaucoup,signaler_basse_pression
est ce que vous pouvez m expliquer je veux qu on coupe mon o dans notre quartier ici à tokoin je compte sur vous,zone_couverture
étpaes pour remettre l eau,info_reabonnement
ça fuit fort dans la rue ça dure depuis un bon moment pourquoi,signaler_fuite
je veu vous joindre coment dans mon foyer pourquoi je vous remercie,contact_service_client
franchement ça devient compliqué sans eau je veux savoir comment faire pour la remettre nous sommes une grnade famille ici pourquoi emrci d avance,info_reabonnement
bonsoir je voulais juste comprendre quelque chose rapidement franchement je veu comprendre comen leau arrive chez nous par rapport à mon abonnement actuel ça me fatigue un peu svp j ai besoin d aide,info_generale_tde
c est combien l eau en moyenne,info_consommation_moyenne
consommation d eau dans mon quartier,zone_couverture
quels justificatifs fournir pour mettre fin à un abonnement,demande_document
documents nécessaires pour rouvrir mon abonnement sur mon branchement actuel pourquoi aidez moi svp,demande_branchement
je dois faire quoi pour que l eau revienne dans mon quartier à lomé depuis quelques jours pourquoi je vous remercie,zone_couverture
bonsoir je vs contacte parce que j ai une préoccupation franchement depuis hier soir ça me fatigue un peu,zone_couverture
svp iadez moi je veux changer les informations de mon compteur chez nous dans le quartier pourqoui pardon pour le dérangement,zone_couverture
hein quoi,fallback
franchement kel papeir pour reactiver compteur on est environ 4 à utiliser l eau ça me fatigue un peu pardon pour le dérangement,documents_reabonnement
grand j ai un souci avec ça là est ce que vous pouvez m expliquer bonsoir je veux passer dans une agence tde pouvez vous me dire où elle se trouve exactement pour mon habitation principale je vs remercie,info_generale_tde
bonjour excusez moi de vous déranger mais j ai une question est ce que vous pouvez m epxliquer je veux un branchement d eau,demande_branchement
je veux savoir comment avoir l eau à domicile,info_branchement
donnez moi mon document là,demande_document
quels justificatifs pour un branchement dans mon quartier chez moi à adidogomé pourquoi s il vous plaît,demande_branchement
eau qui fuit dans la rue,signaler_fuite
franchement je ne comprends pas comment ça fonctionne franchement je doi fournir koi pour leau je viens d emménager ici ça me fatigue un peu,documents_branchement
je ne comprends pas trop ce qui se passe chez moi est ce que vous pouvez m expilquer je n ai plus d eau avec la tde chez moi même ici merci da vance,info_generale_tde
bonsoir je vous contacte parce que j ai une préoccupation est ce que vous pouvez m expliquer je souhaite déposer une demande de branchement dans la zone où je viens d emménager aidez moi svp,demande_branchement
couverture dans mon quartier,zone_couverture
bonjour excusez moi de vous déranger mais j ai une question franchement je voudrais savoir si la tde couvre ma zone d habitation chez nous ici là ça me fatigue un peu pardon pour le dérangement,info_generale_tde
ça fait plusieurs jours que j ai un problème est ce que vs pouvez m expliquer coupez mon abonnement depuis que je suis rentré à la maison,resiliation
j ai vraiment besoin d une réponse rapide est ce que vous pouvez m expliquer je veux changer mon abonnement au niveau de l installation d eau merci,modification_abonnement
pa deau robinet,signaler_coupure
ce n est pas une question sur les tarfis je veux juste vous contacter chez moi où la pression est très faible depuis plusieurs jours pourquoi merci d avance,contact_service_client
des conseils pour économiser l eau,conseil_consommation
zones desservies par la tde,info_generale_tde
processus de réactivation d un compteur d eau dans mon quartier à lomé depuis quelques jours pourquoi svp j ai besoin d aide,zone_couverture
grand j ai un socui avec ça là est ce que vous pouevz m expliquer quels papiesr il faut déposer pour que l eau revienne nous sommes une grande famille ici,documents_reabonnement
je suis un peu perdu par rapport à tout ça est ce que vs pouvez m expliquer je veux avoir l eau chez moi comment faire dans ma concession pardon pour le dérangement,demande_branchement
s il vous plaît pouvez vous m aider à comprendre est ce que vous pouvez m expliquer eske que ça marche ici chez moi à adidogomé depuis ce matin,eligibilite_branchement
je souhaite avoir une idée claire du coût de l eau pour une consommation normale dans un foyer,info_tarif
s il vous plaît c ets assez urgent dans mon cas est ce que vs pouvez m expliquer svp donnez moi un numéro pour contacter le service client je suis nouveau dans cette zone,contact_service_client
bonsior je vous contacte parce que j ai une préoccupation est ce que vs pouevz m expliquer je vuodrais savoir les tarifs appliqués chez moi à adidogomé chez moi à adidogomé svp,info_tarif
ça fait plusieurs jours que j ai un problème franchement je veux parler directement à quelqu un on est plusieurs à la maison ça me fatigue un peu je vous remercie,contact_service_client
où est située votre agence,contact_service_client
au niveau de mon compteur pourquoi veuillez m aider s il vous plaît,demande_branchement
bonsoir je voulasi juste comprendre quelque chose rapidement est ce que vous pouvez m expliquer fuite d eau constatée dans ma zone chez moi même ici merci hein,signaler_fuite
leau fuit partout au niveau de mon compteur pourquoi aidez moi svp,signaler_fuite
je suis un peu perdu par rapport à tout ça eske que vous pouvez m expliquer quels justificatifs pour un branchement dans mon quartier chez nous dans le quartier pardon pour le dérangement,demande_branchement
on peut prendre quels documents chez vs,documents_branchement
bonsoir je vous contacte parce que j ai une préoccupation franchement couverture de la tde dans ma zone je reviens au pays récemment ça me fatigue un peu merci beaucoup,info_generale_tde
je veux savoir comment avoir l eau à domicile dans la zone où je viens d emménager pourquoi,zone_couverture
salut je voulais me renseigner sur queluqe chose est ce que vous pouvez m expliquer je veux venir à votre bureau dans ma maison avec ma famille depuis hier s il vs plaît,contact_service_client
on souffre un peu ici j aimerais comprendre franchement installer un compteur chez moi pour une faimlle de 5 personnes ça me fatigue un peu svp,demande_branchement
j aimerais bien avoir des explications claires franchement obtenir une facutre par rapport à mon abonnement actuel ça me fatigue un peu veiullez m aider s il vous plaît,demande_document
,documents_reabonnement
est ce que vs pouvez m expliquer je veux mettre à jour mon abonnement pour ma maison je compte sur vous,modification_abonnement
le montant de ma facture semble inocrrect,info_tarif
s il vous plaît pouvez vous m aider à comprendre est ce que vous pouvez m expliquer puis je avoir l eau à mon domicile dans notre quartier ici à tokoin aidez moi svp,zone_couverture
je veux suivre ma demande de branchement à la tde,info_generale_tde
facture tro cher,info_tarif
ça fait plusieurs juors que j ai un probèlme franchement je souhaite signaler une mauvaise qualité de l eau depuis quelques jours déjà ça me fatigue un peu pardon pour le dérangement,signaler_eau_sale
je ne comprends pas trop ce qui se passe chez moi franchement estimez ma facture pour une maison à adidogomé chez nous ici là ça me fatigue un peu svp j ai bseoin d aide,info_tarif
je suis vraiment fatigué de cette situation franchement franchement avant de fiare une demande je veux voir tous les documents disponibles récemment j ai commencé à remarquer ça ça me fatigue un peu je vous remercie,documents_branchement
quels documents sont exigés pour une demande de branchement,demande_branchement
les étapes pour avoir l eau,info_branchement
on utliise combien d eau chez moi avec ma famille pourquoi veuillez maider s il vous plaît,info_consommation_moyenne
je vous écris pour avoir des informations précises est ce que vs pouvez m expliquer o movaise qualite dans ma zone de résidence merci hein,zone_couverture
je ne comprends pas cette facture là depuis ce matin pourquoi merci hein,info_tarif
je souhaite connaître les horaires d ouverture des agences pour mon habitation principale pourquoi,horaire_agence
bonsoir je voulais juste comprendre quelque chose rapidement franchement je suis prêt à faire la demande de branchement dans la zone où j habite actuellement ça me fatigue un peu veuillez m aider s il vous palît,demande_branchement
fracnhement je ne comprends pas comment ça fonctionne franchement je souhaite des conseils pour mieux gérer ma consommation d eau où on a souvent des coupures ça me fatigue un peu merci d avance,signaler_coupure
réclamation concernant une erreur de facturation chez moi même ici pourquoi merci beaucoup,reclamation_facture
salut je voulais me renseigner sur quelque chose franchement pièces pour arrêter le contrat ça me fatigue un peu pardon pour le dérangement,documents_branchement
s il vous plaît c est assez urgent dans mon cas franchement je veux savoir l état de mon branchement dans mon quartier dans la zone où j habite actuellement ça me fatigue un peu svp j ai beosin d aide,zone_couverture
c est important pour moi d avoir une solution franchement plages horaires du service client au niveau des robinets chez moi ça me fatigue un peu,horaire_agence
je suis prêt à faire la demande de branchement,demande_branchement
je suis vramient fatigué de cette situation est ce que vous pouvez m expliquer faible pression d eau à adidogomé sur mon branchement actuel merci d avance,demande_branchement
bonjour svp je voudrais des conseils pr réduire ma consommation d eau merci,conseil_consommation
j aimerais bien avoir des explications claires franchement je veux savoir si ça avance au niveau de mon compteur depuis un moment ça me fatgiue un peu parodn pour le dérangement,suivi_demande_branchement
on souffre un peu ici j aimerais comprendre franchement pas ça dans un foyer avec plusieurs enfants ça me fatigue un peu pardon pour le dérangement,fallback
mon terrain est li éligible à un branchement,demande_branchement
bonjour excusez moi de vous déranger mais j ai une question franchement je peux avoir quels types de papiers depius ce matin ça me fatigue un peu s il vs lpaît,documents_generaux
pièces pour arrêter le contrat par rapport à mon abonnement actuel pourquoi,documents_branchement
liste complète des documents accessibles aux clients pour une famille de 5 personnes pourquoi aidez moi svp,documents_branchement
je veux farie un raccordement pour mon terrain je suis nouveau dans cette zone pourquoi merci d avance,demande_branchement
quelles sont les étapes pr raccorder une maison à l eau je reviens au pays récemment pourquoi,info_branchement
documents nécessaires pour mettre fin à mon contrat d eau par rapport à mon baonnement actuel pourquoi svp,documents_branchement
je suis un peu perdu par rapport à tout ça franchement eau disponible dans ma zone dans la zone où je viens d emménager ça me fatigue un peu aidez moi svp,zone_couverture
je veux écnoomiser l eau chez moi,conseil_consommation
c est important pour moi d avoir une solution est ce que vous pouvez m expliquer eau trouble signalée dans ma zone dans un foyer avec plusieurs enfants merci beaucoup,signaler_eau_sale
doner moi un contact ça dure depuis un bon moment pourquoi svp j ai besoin d aide,contact_service_client
on consomme combien chez nous où on a souvent des coupures pourquoi je vous remercie,signaler_coupure
ça devient compliqué pour moi en ce moment eske que vous pouvez m expliquer bonsoir je souhaite suivre l évolution de ma demande de raccordement pour savoir si elle avance au niveau de mon compteur svp,demande_branchement
chef y a un problème ici chez nous est ce que vous pouvez m expliquer combien je risque de payer pour ma consommation d eau chez moi avec ma famille s il vous plaît,simulation_facture
franchement je ne comprends pas comment ça fonctionne est ce que vous pouvez m expliquer o sale chez moi chez nous dans le quratier pardon pour le dérangement,signaler_eau_sale
je veux obtenir un document pour mon abonnement à adidogomé dans la zone où je viens d emménager pourquoi je compte sur vous,demande_document
il y a de l eau qui s échappe chez moi où la pression est très faible depuis plusierus jours pourquoi je vous remercie,signaler_fuite
je ne veux plus de l eau là chez moi,resiliation
comment fair pour avoir leau chez moi,info_branchement
je ne comprends pas trop ce qui se passe chez moi franchement stratégies d économie d aeu au niveau domestique chez moi à adidogmoé depuis ce maitn ça me fatigue un peu merci d avance,conseil_consommation
svp aidez moi je veux savoir si mon dossier de branchement est en cours de traitement je viens juste de prendre la maison pourquoi,demande_branchement
je suis un peu perdu par rapport à tout ça franchement je fais comment pour remettre l eau dans ma concession ça me fatigue un peu je compte sur vous,info_reabonnement
obtenir une facture où l eau est un peu sale pourquoi merci,info_tarif
franchement je veux savoir si on peut avoir de l eau dans mon quartier,zone_couverture
je peux avoir quels types de papiers,documents_generaux
chef y a un problème ici chez nous est ce que vous pouvez m expliquer franchement je veux connaître vos horaires de travail dans mon coin ici je compte sur vous,horaire_agence
moyenne o tde dans mon foyer pourquoi,info_generale_tde
ça devient compliqué pour moi en ce moment est ce que vous pouevz m expliquer je peux avoir l eau chez moi avec la société togolaise des eaux chez moi à adidogomé,eligibilite_branchement
chef y a un problème ici chez nous est ce que vous pouvez m expliquer l eau coule lentement avec la tde merci hein,info_generale_tde
je suis un peu perdu par rapport à tout ça franchement avoir un justificatif où l eau est un peu sale ça me fatigue un peu merci,demande_document
,documents_reabonnement
ça devient compliqué pour moi en ce moment franchement vous êtes dans mon coin dans la zone où je viens d emménager ça me fatigue un peu,zone_couverture
dans mon quartier à lomé depuis quelques jours pourquoi s il vs plaît,zone_couverture
s il vous plaît c est assez urgent dans mon cas franchement bonsoir ça peut paraitre simple mais je ne comprends pas bien votre rôle est ce que vous pouvez m expliquer clairement ce que fait la tde societe togolaise des eaux au quotidien où la pression est très faibel ça me fatigue un peu emrci hein,info_generale_tde
franchement quels sont les justificatifs néecssaires pour avoir l eau chez nous ici là ça me fatigue un peu aidez moi svp,demande_document
absence d eau dans ma zone,zone_couverture
horaires société togolaise des eaux,horaire_agence
bonsoir pouvez vous m aider à économiser l eau dans mon foyer,conseil_consommation
bonsoir on n a plus d eau dans notre quartier depuis plusieurs heures nous sommes une grande famille ici pourquoi s il vous plaît,zone_couverture
bonjour j aurais besoin d un renseignement s il vous plaît franchement parlez moi un peu de vous au niveau de mon compteur ça me fatigue un peu,info_generale_tde
ça n a rien à voir,fallback
bonsoir je veux passer dans une agence tde pouvez vous me dire où elle se trouve exactement,info_generale_tde
ça m aide pas du tout par rapport à mon abonnement actuel pourquoi,fallback
je veux savoir combien je vais payer pour l eau dans mon coin ici pourquoi je compte sur vous,info_tarif
vs êtes les responsables de l eau dans tout lomé ou bien,info_generale_tde
est ce que ma demande a été validée par rapport à mon aobnnement actuel pourquoi merci beaucoup,suivi_demande_branchement
bonsoir je vous contacte parce que j ai une préoccupation est ce que vs pouvez m expliquer combien d eau une maison utilise par mois dans mon quartier à lomé svp,zone_couverture
tu peux expliquer encore depuis queluqes jours déjà pourquoi,fallback
je ne comprends pas trop ce qui se passe chez moi franchement erreur de facturation eau on est environ 4 à utiliser l eau ça me fatigue un peu je vs remerice,reclamation_facture
honnêtement je suis un peu confsu est ce que vous pouvez m expliquer ça ne coule pas où l eau ne couel presque pas aidez moi svp,signaler_coupure
procédure de modification d abonnement pourquoi svp j ai besoin d aide,info_branchement
j aimerais bien avoir des explications claires franchemnet je souhaite un raccordement à la société togolaise des eaux sur toute l installation dans la maison ça me fatigue un peu svp j ai besoin d aide,demande_branchement
je ve souscrir un contra deau dans ma zone de résidence pourquoi aidez moi svp,zone_couverture
explique zmoi comment m abonner à l eau potable depuis que je suis rentré à la maison pourquoi,demande_abonnement
c est important pour moi d avoir une solution franchement je ne veux pas m abonner je veux comprendre comment vous gérez l eau dans notre quartier ici à tokoin ça me aftigue un peu je vs remercie,zone_couverture
je veux joindre un agent pas aovir des explicaitons où la pression est très faible pourquoi merci beaucoup,contact_service_client
je veux savoir quels documents vous sortez,documents_branchement
je suis un peu perdu par rapport à tout ça est ce que vous pouvez m expliquer je souhaite déposer une demande de branchement dans ma zone de résidence svp j ai besoin d aide,demande_branchement
s il vous plaît c est assez urgent dans mon cas eske que vs pouvez m expliquer c pa clair au nievau de mon compteur depuis un moment svp j ai besoin d aide,fallback
chef y a un problème ici chez nous est ce que vous pouvez m xepliquer demande de résiliation à la société togolaise des eaux chez nous dans le quartier pardon pour le dérangement,documents_resiliation
cest important pour moi d avoir une solution est ce que vous pouvez m expliquer je veux gérer mon eau moi même maintenant au niveau de mon compteur depuis un moment merci d avance,demande_abonnement
bonjour je voudrais obtenir un document officeil concernant mon abonnement d eau pr ma maison pourquoi,demande_document
je voudrais savoir où en est ma demande de branchement chez moi à adidogomé pourquoi svp,demande_branchement
c ets important pour moi d avoir une solution est ce que vous pouvez m expliquer franchement je suis un peu perdu pouvez vous m expliquer comment fonctionne le branchement d eau dans la zone où je viens d meménager merci beaucoup,demande_branchement
depuis hier soir pourquoi merci hein,fallback
on souffre un peu ici ja imerais comprendre est ce que vous pouvez m expliquer je dois amener quoi pour que l eau revienne chez moi chez nous ici là,documents_reabonnement
expliquez moi commnet l eau rarive chez les gens,info_branchement
salut je voulais me renseigner sur quelque chose est ce que vous pouvez m expliquer l eau est faible je reviens au pays récemment merci beaucoup,signaler_basse_pression
combien je vai payer pr leau sur toute l installation dans la maison pourquoi je compte sur vous,simulation_facture
bonsoir je voulais juste comprendre quelque chose rapidement franchement horaires d ouverture chez moi où la pression est très faible depuis plusieurs jours ça me fatigue un peu merci d avance,horaire_agence
facture anormale,info_tarif
bonjour excusez moi de vous déranger mais j ai une question franchement documents nécessaires pour réactiver l eau ça me fatigue un peu veuillez m aider s il vous plaît,documents_branchement
franchement je ne comprends pas comment ça fonctionne est ce que vous pouvez m expliquer je doi forunir koi pour leau au nvieau de mon compteur depuis un moment merci hein,fallback
grand j ai un souci avec ça là franchement si on est 4 à la maison combien on peut payer on est plusieurs à la maison ça me fatigue un peu je vous remercie,simulation_facture
je ne comprends pas trop ce qui se passe chez moi franchement je peux avoir un justificatif ça me fatigue un peu s il vous plaît,demande_document
faire une demande de raccordement je viens juste de prendre la maison pourquoi je vous remercie,demande_branchement
doner moi un contact,contact_service_client
franchement je ne comprends pas comment ça fonctionne est ce que vous pouvez m expliquer svp pouvez vous me donner des informatoins sur lé tat d avancement de mon dossier de raccordement ça fait plusieurs jours maintenant merci beaucoup,demande_branchement
on souffre un peu ici j aimerais comprendre franchement l aeu est complètement coupée dans mon quartier à lomé depuis quelques jours ça me fatigue un peu,zone_couverture
j ai vraiment besoin d une réponse rapide franchement franchement je suis un peu perdu j aimerais comprendre combien coûte réellement l eau chez vous dans ma nouvelle maison ça me fatigue un peu merci hein,info_tarif
chef y a un problème ici chez nous franchement comment réduire consommation avec la société togolaise des eaux là où je suis actuellement ça me fatigue un peu je vous remercie,conseil_consommation
comment raccorder une maison à lomé au réseau d eau dans mon quartier à lomé pourquoi merci,zone_couverture
je suis un peu perdu par rapport à tout ça farnchement je suis nouveau dans cette zone ça me fatigue un peu je vous remercie,zone_couverture
je veux commencer les démarches pour avoir l eau,demande_branchement
s il vous plaît c est assez urgent dans mon cas eske que vous pouvez m expliquer je peux avoir l eau ici dans la zone où j habite actuellement,zone_couverture
ma facture est trop chère là,info_tarif
demande de vérification de faisabilité de raccordement,demande_branchement
mettre à jour mon abonnement pour ma maison,modification_abonnement
s il vous plaît pouvez vous m aider à comprendre est ce que vs pouvez m expliquer l eau sort faiblement au niveau de mon secteur ici svp,signaler_basse_pression
s il vous plaît pouvez vous m aider à comprendre franchement eau sale à adidogomé au niveau de mon compteur ça me fatigue un peu svp,signaler_eau_sale
bonjour je voudrais connaître l ensemble des documents administratifs que vous proposez à vos clients,documents_generaux
franchement astuce economiser eau où on a souvent des coupures ça me fatigue un peu merci,signaler_coupure
je veux résilier mon abonnement je suis nouveau dans cette zone pourquoi merci d avance,resiliation
coupur deau chez moi,signaler_coupure
je veu modifier mon abonnement je viens juste de prendre la maison pourquoi merci d avance,modification_abonnement
aidez moi à mettre l eau chez moi depuis ce mtain pourquoi,demande_branchement
horaires bureau tde dans mon coin ici pouqruoi pardon pr le dérangement,info_generale_tde
je suis un peu perdu par rapport à tout ça franchement bonjour svp il y a une fuite d eau dans ma rue pouvez vous intervenir mreci dans un foyer avec plusieurs enfants ça me fatigue un peu merci beaucoup,signaler_fuite
je ne comprends pas trop ce qui se passe chez moi franchement est ce que ma zone est couverte je suis nouveau dans cette zone ça me fatigue un peu,zone_couverture
je suis prêt à faire la demande de branchement au niveau de mon copmteur depius un moment pourquoi emrci d avance,demande_branchement
je veux un justificatif délivré par la tde,info_generale_tde
franchement je veux savoir si on peut avoir de l eau dans mon quartier,zone_couverture
fuite d eau à adidogomé,signaler_fuite
franchement pour remettre l eau là on demande quels papiers chez moi même ici ça me ftaigue un peu,documents_reabonnement
je souhaite passer à l agence pouvez vous me donner vos horaires chez moi à adidogomé depusi ce matin pourquoi,horaire_agence
honnêtement je suis un peu confus franchement ça ne répond pas à ma question au niveau de mon compteur ça me fatigue un peu je vous remerice,fallback
quelles sont les étapes pr avoir l eau dans mon quartier ça dure depuis un bon mmoent pourquoi svp,info_branchement
quelle est la procédure pour remettre l eau dans la zone où j habite actuellmeent pourquoi merci hein,info_branchement
expliquez moi comment l eau devient potable nous sommes une grande famille ici pourquoi merci,info_generale_tde
frnachement je veux comprendre comment vous travaillez dans un foeyr avec plusieurs enfants ça me fatigue un peu,info_generale_tde
leau sort faiblement pourquoi s il vous plaît,signaler_basse_pression
franchement je ne comprends pas comment ça fonctionne eske que vous pouvez m expliquer comment éviter gaspillage eau chez nous ici là,conseil_consommation
je veux comprendre la tarification de l eau,info_tarif
bonsoir je vous contacte parce que j ai une préoccupation franchement eau trouble signalée dans ma zone dans mon foyer ça me fatigue un peu svp,signaler_eau_sale
chef y a un problème ici chez nous franchement ou en est ma demande de branchement au niveau de mon secteur ici ça me fatigeu un peu je vous remercie,demande_branchement
demande de document à la société togolaise des eaux dans la zone où je viens d emménager pourquoi pardon pour le dérangement,demande_document
bonsoir je voulais juste comprendre quelque chose rapidement est ce que vous pouvez m expliquer quels documents pour résilier mon abonnement à adidogomé je viens juste de prendre la maison,documents_branchement
salut il y a de l eau qui fuit devant chez moi pouvez vous vérifier,signaler_fuite
zones couvertes par la tde ça dure depuis un bon moment pourquoi merci,info_generale_tde
hein quoi,fallback
absence totale d eau chez moi avec ma famille pourquoi aidez moi svp,signaler_coupure
je voudrais comprendre le processus complet pr réactiver mon compteur d eau,documents_reabonnement
salut je veux résilier mon abonnement pouvez vous me donner la liste complète des documents à fournir,documents_branchement
vous puovez m aider à créer un abonnement d eau où la pression est très faible pourquoi svp,demande_abonnement
je souhaite signaler un problème de qualité de l eau dans mon quartier,zone_couverture
moyenne eau tde,info_generale_tde
bonjour je voudrais savoir où en est ma demande de branchement que j ai dépsoée il y a quelques jours,demande_branchement
comment faire une demande de branchement à la tde je veux commencer,info_generale_tde
bonsoir je ne comprends pas le montant de ma facture pouvez vous m expliquer pourquoi veuillez m aider s il vous plaît,info_tarif
je fai comment pour reactiver depusi que je suis rentré à la maison pourquoi veiullez m aider s il vous plaît,info_reabonnement
bonsoir je voulais juste comprendre quelque chose rapidmeent franchement l eau est vraiment mauvaise pr une famille de 5 personnes ça me fatgiue un peu je compte sur vs,signaler_eau_sale
où en est le traitement de mon branchement au niveau des robinets chez moi pourquoi merci,demande_branchement
s il vous plaît c est assez urgent dans mon cas est ce que vous pouvez m expliquer coment vous faite la distribution de leau là où je suis actuellement merci beaucoup,info_generale_tde
c est important pour moi d avoir une solution farnchement quand ouvrir dans mon quartier ça me fatigue un peu merci d avance,zone_couverture
honnêtement je suis un peu confus franchement quel dossier dois je constituer pour résilier mon contrat où l eau est un peu sale ça me fatigue un peu merci beaucoup,documents_branchement
depuis hier j ai un souci chez moi est ce que vous pouvez m expliquer chez nous ici là merci hein,fallback
débit d eau anormalement faible je viens juste de prendre la miason pourquoi,signaler_basse_pression
pas ça pourquoi je vs remercie,fallback
c est ouvert aujourd hui,horaire_agence
chef y a un problème ici chez nous est ce que vous pouvez m expliquer problème de qualité de l eau distribuée depuis quelques jours déjà,signaler_eau_sale
bonjour excusez moi de vous déranger mais j ai une question franchement l eau ne sort pas bien dans la zone où je viens d emménager ça me fatigue un peu merci hein,zone_couverture
franchement je suis nuoveau dans cette zone ça me fatigue un peu svp,zone_couverture
depuis hier j ai un souci chez moi est ce que vous pouvez m expliquer optimiser utilisation deau dans mon foyer je compte sur vous,conseil_consommation
franchement ça commence à m inquiéter franchement je veux savoir ça a bougé ou pas je reviens au pays récemment ça me fatigue un peu meric,suivi_demande_branchement
quartiers alimentés en o,zone_couverture
donnez moi la liste des documents administratifs chez nous dans le quartier pourqoui,documents_generaux
je voudrais savoir si la tde couvre ma zone d habitation dans ma zone de résidence pourquoi je compte sur vous,info_generale_tde
je veux comprendre la tde la société togolaise des eaux exactement,info_generale_tde
faibel pression d eau à adidogomé,signaler_basse_pression
bonsoir je voulais juste comprendre quelque chose rapidement franchement franchement ça fait deux jours qu on n a pas d eau ça devient compliqué on est plusieurs à la maison ça me fatigue un peu merci d avance,signaler_coupure
depuis hier j ai un souci chez moi est ce que vous pouvez m expliquer donnez moi un document officiel je reviens au pays récemment merci beaucoup,demande_document
bonsoir je vous contacte parce que j ai une préoccupation franchement où en est ma demande faite pour mon terrain sur mon branchement actuel ça me fatigue un peu je compte sur vous,demande_branchement
j aimerais bien avoir des explications claires est ce que vous pouvez m expliquer comment ça où l eau est un peu sale,signaler_eau_sale
je vs écris pour avoir des informations précises estc e que vous pouvez m expliquer coment vs faite la distribution de leau où l aeu ne coule presque pas,info_generale_tde
estimé ma facture deau depuis quelques jours déjà pourquoi merci beaucoup,info_tarif
on souffre un peu ici j aimerais comprendre eske que vous pouvez m expliquer reprenons où on a souvent des coupures merci,signaler_coupure
s il vous plaît c est assez urgent dans mon cas est ce que vous pouvez m expliuqer je veux savoir à kwa sert la tde dans notre quotidien dans ma zone de résidence,info_generale_tde
coupure de au dans ma zone au niveau de mon secteur ici pourquoi,signaler_coupure
grand j ai un souci avec ça là est ce que vs pouvez m expliquer je veu savoir comen leau devien potable dans ma nouvelle maison,info_generale_tde
c est important pour moi d avoir une solution est ce que vous pouvez m expliquer ma zone a l eau ou pas récemment j ai commencé à remarquer ça merci hein,zone_couverture
franchement l eau sort faiblement chez moi dans la zone où j habite actuellement ça me fatigue un peu merci d avance,zone_couverture
svp aidez moi à comprendre la moyenne de consommation d eau,info_consommation_moyenne
je voudrais savior pourquoi l eau ne coule plus chez moi,signaler_coupure
vous gérez quoi exactemetn dans le pays on est environ 4 à utiliser l eau pourquoi merci d avance,info_generale_tde
honnêtement je suis un peu confus eske que vous pouvez m expliquer consomation moyenne eau au niveau des robinets chez moi veulilez m aider s il vous plaît,info_consommation_moyenne
franchement ma facture ne correspond pas à ma consommation chez nous ici là ça me fatigue un peu,info_tarif
bjr je voudrais connaître la liste des documents nécessaires pour faire un réabonnement d eau après une coupure chez moi à adidogomé depuis ce matin pourquoi,documents_branchement
ouvrir un abonnement d eau,horaire_agence
fracnhement je veux arrêter mon abonnement dites moi les documents nécessaires pour la résiliation,documents_branchement
quels documents pour un réabonnement à la tde je viens d emménager ici pourquoi pardon pour le dérangement,info_generale_tde
présentez moi la société d eau chez nous ici là pourquoi merci,info_generale_tde
on peut avoir l eau ici,zone_couverture
j aimerais bien avoir des explications claires franchement svp je veux installer un compteur d eau chez moi pouvez vous m aider à faire la demande récemment j ai commencé à remarqure ça ça me ftaigue un peu,demande_branchement
liste des document administratif je viens d emménager ici pourquoi aidez moi svp,documents_generaux
bonsoir je vous contacte parce que j ai une préoccupation est ce que vous pouvez m expliquer comment reprendre l eau dans mon quartier chez moi avec ma famille veuillez m aider s il vs plaît,zone_couverture
l eau coule partout là où l eau est un peu sale puorquoi merci,signaler_eau_sale
je souhaite procéder à la résiliation de mon abonnement d eau chez nous ici là pourquoi,documents_resiliation
salut je voulais me renseigner sur quelque chose est ce que vous pouvez m expliquer franchement j ai besoin d aide mais je pérfère parler à un agent directement cmoment vous contacter où l eau ne coule presque pas svp j ai besoin d aide,contact_service_client
franchement je ne comprends pas comment ça fonctionne est ce que vous pouvez m expliquer bonjour svp je voudrais obtenir un document officiel lié à mon abonnement merci chez moi où la pression est très faible depuis plusieurs jours svp,demande_document
l eau est vraiment mauvaise,signaler_eau_sale
bonsoir je vs contcate parce que j ai une préoccupation franchement quels papiers pour résilier abonnement on est environ 4 à utiliser l eau ça me fatigue un peu je vous remercie,resiliation
s il vous plaît c est assez urgent dans mon cas est ce que vous pouvez m expliquer mon terrain set il éligible à un branchement chez moi à adidogomé veuillez m aider s il vous plaît,demande_branchement
erreru sur ma facture dans mon quartier,info_tarif
je veux mettre à jour mon abonnement je reviens au pays récemment pourquoi je compte sur vous,modification_abonnement
documents accessibles pour mon foyer,documents_branchement
est ce que ma demande a été validée ça dure depuis un bon moment pourquoi,suivi_demande_branchement
ça devient compliqué pr moi en ce moment franchement liste compèlte des documents à fournir pour un branchement d eau dans la zone où j habite actuellement ça me faitgue un peu veuillze m aider s il vous palît,demande_branchement
quel dossier dois je préaprer pour un raccordement où l eau est un peu sale pourquoi je vous remercie,demande_branchement
comment faire pour l eau,conseil_consommation
s il vous plaît c est assez urgnet dans mon cas est ce que vous pouvez m expliquer on a fait quoi avec mon branchement où l eau est un peu sale merci d avance,demande_branchement
je ne comprends pas trop ce qui se passe chez moi est ce que vous pouvez m expliquer je peux vous appeler comment dans la zone où je viens d emménager svp,zone_couverture
s il vous platî c est assez urgent dans mon cas est ce que vs pouvez m expliquer je voudrais savoir où en est ma demande de branchement dans la zone où j habite actuellement je compte sur vous,demande_branchement
quand eske que vous êtes ouverts,horaire_agence
chef y a un problème ici chez nous est ce que vous pouvez m expliquer svp aidez moi à savoir si mon habitation est éligilbe nous sommes une grande famille ici aidez moi svp,eligibilite_branchement
vous ouvrez à quelle heure dans la zone où je viens d emménager pourquoi je compte sur vous,zone_couverture
bonjour svp je voudrais connaître les horaires d ouverture de la tde merci où l eau ne coule presque pas pourquoi merci,info_generale_tde
comment l eau est acheminée jusqu aux habitations chez moi à adidogomé pourquoi aidez moi svp,info_generale_tde
honnêtement je suis un peu confus franchement bonjour je voudrais connaîrte les horaires d ouverture de votre agence où l aeu est un peu sale ça me aftigue un peu je compte sur vous,signaler_eau_sale
quels documents sont disponibles pour les clients à lomé sur toute l installation dans la maison pourquoi merci,documents_branchement
il faut quels papiers pour être bracnhé là où je suis actuellement pourquoi je ocmpte sur vous,documents_branchement
je suis un peu perdu par rapport à tout ça est ce que vous pouvez m expliquer document pr reabonnement deau je suis nouveau dans cette zone pardon pour le dérangement,demande_document
c est combien l eau en moyenne,info_consommation_moyenne
ma maison est elle éligible dans mon quartier,zone_couverture
fermer mon compteur pourquoi,resiliation
ma facture est trop chère là dans ma nouvelle maison opurquoi veuillez m aider s il vous plaît,info_tarif
bonjour excusez moi de vous déranger mais j ai une question est ce que vous pouvez m expliquer expliquez moi vorte rôle où la pression est très faible svp,info_generale_tde
salut je voulais me renseigner sur quelque chose eske que vous pouvez m expliquer quels documents pour résilier mon abonnement à adidogomé dans la zone où je viens d emménager,documents_branchement
bonjour j aurais besoin d un renseignement s il vous plaît franchement il y a un rpoblème sur ma facture là dans ontre quartier ici à tokoin ça me fatigue un peu aidez moi svp,info_tarif
dans mon quartier à lomé depuis quelques juors pourquoi,zone_couverture
j aimerais bien avoir des explications claires franchement franchement avant de faire une demande je veux voir tous les documents disponibels dans mon quartier à lomé depuis uqelques jorus ça me fatigue un peu svp,documents_branchement
j ai vraiment besoin d une réponse rapide franchemnet je veux savoir quels documents vous sortez dans un foyer avec plusieurs enfants ça me fatigue un peu s il vous plaît,documents_branchement
je veux comprendre pourquoi ma facture est élevée,reclamation_facture
grand j ai un souci avec ça là franchement leau sort faiblement dans ma concession ça me fatigue un peu pardon pour le dérangement,signaler_basse_pression
combien je risque de payer pr ma consommation d eau,simulation_facture
honnêtement je suis un peu confus est ce que vous pouvez m expliquer ma localité est elle incluse dans la zone de distribution où l eau est un peu sale s il vous plaît,signaler_eau_sale
je veux prvéoir ma facture selon ma consommation,info_tarif
franchement je veux connaître vos horaires de travail,horaire_agence
grnad j ai un souci avec ça là est ce que vous pouvez m expliquer numéro du service client tde dpeuis hier soir svp j ai besoin d aide,info_generale_tde
s il vous plaît c est assez urgent dans mon cas eske que vous pouvez m expliquer on est plusieurs à la maison je compte sur vous,modification_abonnement
je suis vraiment fatigué de cette situation est ce que vous pouvez m expliquer pour arrêter l eau là on demande quels papiers pour une famille de 5 personnes svp,documents_resiliation
je veu voir les document que vous avez,demande_document
s il vous plaît c est assez urgent dans mon cas franchement est ce qu on peut installer l eau ici dans mon foyer ça me fatigue un peu,demande_branchement
leau coule lenteman,signaler_basse_pression
estimez ma facture pour une maison à adidogomé,info_tarif
franchement ça commence à m inquiéter franchement bonsoir combien d eau une famille utilise en moyenne par mois au nvieau de mon ocmpteur ça me fatigue un peu s il vous plaît,info_consommation_moyenne
est ce que vous pouvze m expliquer bonjour je souhaite résilier mon abonnement d eau car je ne suis plus sur place dans ma concessino merci,resiliation
bonjour excusez moi de vous déranger mais j ai une question eske que vs pouvez m expliquer documents disponibles à la soicété togloaise des eaux chez moi avec ma famille merci hein,documents_branchement
plus d eua à adidogomé,signaler_coupure
piece pour remetre leau par rapport à mon abonnement actuel pourquoi veuillez m aider s il vous plaît,documents_reabonnement
comment fair pour avoir leau chez moi,info_branchement
où puis je vs trouver physiquement,contact_service_client
bonsoir je vous contacte parce que j ai une préoccupation est ce que vous pouvez m expliquer erreur sur ma facture dans mon quartier par rapport à mon abonnement actuel merci,reclamation_facture
ohnnêtement je suis un peu confus farnchement je veu mabonner a leau par rapport à mon abonnement actuel ça me fatigue un peu veuillez m aider s il vous plaît,demande_abonnement
bonsoir je veux arrêter mon contrat d eau pouvez vous m aider,resiliation
on peut prenrde quels documents chez vous on est plusieurs à la maison pourquoi svp,documents_branchement
dans un foyer avec plusieurs enfants pourquoi merci d avance,zone_couverture
mon dossier là ça a avancé ou bien,documents_branchement
ça devient compliqué pour moi en ce moment est ce que vous pouvez m expliquer on peut prendre quels documents chez vous dans ma concession,documents_branchement
je veu avoir leau a domicile au niveau de mon secteur ici opurquoi s il vous plaît,demande_branchement
je souhaite signlaer une coupure d eau,signaler_coupure
ça devient compliqué pour moi en ce moment franchement comment obtenir un document officiel auprès de vos services au niveau de mon compteur ça me fatigue un peu svp j ai besoin d aide,demande_document
s il vous plaît pouvez vous m aider à comprendre franchement svp aidez moi je veux changer les informations de mon compteur dans la zone où j habite actuellement ça me fatigue un peu svp,zone_couverture
j aimerais bien avoir des explications claires est ce que vous pouvez m expliquer tuyau percer eau je suis nouveau dans ectte zone merci hein,zone_couverture
comment se réabonner dans ma zone de résidence pouqruoi merci,zone_couverture
je suis vraiment fatigué de cette situation est ce que vous pouvez m expliquer mon habitation est elle éligible à la tde chez nous dans le quartier svp,info_generale_tde
je ne comprends pas trop ce qui se passe chez moi est ce que vous pouvez m expliquer comment mieux égrer ma consommation d eau sur toute l installation dans la maison veuillez m aider s il vs plaît,conseil_consommation
franchement kan ouvrir tde pour mon habitation principale ça me fatigue un peu merci hein,info_generale_tde
on souffre un peu ici j aimerais comprendre est ce que vous pouvez m expliquer on odnne quoi pour arrêter l eau au niveau de l installation d eau s il vous plaît,documents_resiliation
salut je voulais me renseigner sur quelque chose est ce que vous pouvez m expliquer je voudrais estimer combien je vais payer pour l eau chaque mois depuis que je suis rentré à la maison merci,simulation_facture
resiliation compteur eau,resiliation
franchement ça commence à m inquiéter franchement comment joindre la tde au niveau de mon compteur ça me fatigue un peu,info_generale_tde
s il vous plaît c est assez urgent dans mon cas eske que vous pouvez m expliquer bonjour je voudrais savoir où en est ma demande de branchement que j ai déposée il y a quelques jours pour une famille de 5 personnes je compte sur vs,demande_branchement
j ai vraiment besoin d une réponse rapide est ce que vous pouvez m expliquer arrêter mon contrat d eau pour une famille de 5 personnes svp,resiliation
c est combien l eau ici à lomé,info_tarif
je ne comprends pas trop ce qui se passe chez moi est ce que vs pouvez m expliquer c est pas clair chez nous dans le quartier,zone_couverture
bonjour j aurais besoin d un renseignement s il vous plaît franchement problème sur ma facture avec la société togolaise des eaux ça me fatigue un peu je compte sur vous,info_tarif
chef y a un problème ici chez nous franchement ma demande est passée ou pas dans la zone où je viens d emménager ça me fatigue un peu veuillez m aider s il vous plaît,zone_couverture
bonjour j aurais besoin d un renseignement s il vous plaît franchement je viens d emménager ici ça me fatigue un peu aidez moi svp,info_tarif
honnêtement je suis un peu confus franchement asutces eau proposées par la tde dans un foyer avec plusieurs enfants ça me fatigue un peu je compte sur vous,info_generale_tde
j aimerais bien avoir des explications claires est ce que vous pouvez m expliquer est ce qu il y a de l eau dans ma zone chez moi même ici merci beaucoup,zone_couverture
j aimerais bien avoir des explications claires eske que vous pouvez m expliquer je dois amener quoi pour que l eau revienne chez moi au niveau des robinets chez moi pardon pour le dérangement,documents_reabonnement
je veux récupérer ça,demande_document
eske que vs pouvez m expliquer modifier les infos du compteur je suis nouveau dans cette zone aidez moi svp,modification_abonnement
,info_consommation_moyenne
honnêtement je ne comprends même pas votre rôle quelqu un peut m expliquer,info_generale_tde
je veux l eau chez moi avec un abonnement à mon nom pour mon habitation principale pourquoi,demande_abonnement
aidez moi je veux prévoir combien je vais payer,simulation_facture
incident de fuite sur le réseau d eau,signaler_fuite
s il vous plaît pouvez vous m aider à comprendre franchement installer compteur chez moi possible ça me fatigue un peu je compte sur vous,demande_branchement
franchement l eau est bizarre je viens d emménager ici ça me fatigue un peu s il vous plaît,signaler_eau_sale
franchement ça commence à m inquiéter est ce que vous pouvez m expliquer comment on peut réduire l eau où l eau est un peu sale merci beaucoup,signaler_eau_sale
grand j ai un souci avec ça là est ce que vous pouvez m expliquer svp pouvez vous me donner des informations sur l état d avancement de mon dossier de raccordement dans la zone où j habite actuellement,demande_branchement
je vous écris pour avoir des informations précises est ce que vs pouvez m expliquer vous ouvrez kel heure chez moi à adidogomé depius ce matin svp j ai besoin d aide,horaire_agence
détails sur le branchement sur toute l installation dans la maison pourquoi je compte sur vous,demande_branchement
franchement je ne comprends pas comment ça fonctionne franchement simulation de consommation eau nous sommes une grande famille ici ça me fatigue un peu aidez moi svp,simulation_facture
je veu recuperer mon document,demande_document
je veux arrêter définitivement l eau par rapport à mon abonnement actuel pourquoi merci hein,fallback
je ne comprends pas trop ce qui se passe chez moi franchement vous donnez quels papiers aux clients pour ma maison ça me fatigue un peu merci hein,fallback
ça fait plusieurs jours que j ai un problème est ce que vous pouvez m expliquer eau trouble merci beaucoup,signaler_eau_sale
possibilité de raccordement à la société togolaise des eaux dans notre quartier ici à tokoin pourquoi je vous remercie,demande_branchement
est ce que vous pouvez m expliquer vous fermez à quelle heure chez nous ici là,horaire_agence
je veux svaoir comment obtenir un abonnement d eau sur mon branchement actuel pourquoi,demande_branchement
on souffre un peu ici j aimerais comprednre est ce que vous pouvez m expliquer le débit d eau est faible chez moi au niveau des robinets chez moi svp,signaler_basse_pression
bonsoir on n a plus d eau dans notre quartier depuis plusieurs heures ça fait plusieurs jours maintenant pourquoi merci beaucoup,zone_couverture
à quelle étape se trouve ma demande au niveau de mon compteur depuis un moment pourquoi merci beaucoup,suivi_demande_branchement
comment consommer moins d eau,conseil_consommation
honnêtement je suis un peu confus franchement bonjour je voudrais connaître la liste complète des documents à fournir pour faire une demande de branchement d eau depuis quelques jours déjà ça me fatigue un peu merci beaucoup,demande_branchement
l eau sort faiblement chez moi,signaler_basse_pression
vous pouvez reformuler,fallback
je suis un peu perdu par rapport à tout ça franchement consommer moins d eau dans mon foyre dans la maison que je viens de louer ça me fatigue un peu veuillez m aider s il vous plaît,conseil_consommation
franchement ça commence à m inquiéter franchement problème de pression avec la société togolaise des eaux ça dure depuis un bon moment ça me fatigue un peu merci,signaler_basse_pression
franchement salut je veux savoir comment utiliser moins d eau chez moi pour ma maison ça me fatigue un peu veuillez m aider s il vous plaît,conseil_consommation
ça coule mal chez moi à adidogomé depuis ce amtin pourquoi svp,signaler_basse_pression
bonjour j aurais besoin d un renseignement s il vous plaît est ce que vous pouvez m expliquer je souhaite connaître la quantité d eau utilisée par une famille de 5 personnes dans ma concession svp j ai besoin da ide,info_consommation_moyenne
l eau coule lentement avec la tde,info_generale_tde
ça devient compliqué pour moi en ce moment est ce que vous pouvez m expliquer aidez moi je veux prévoir combien je vais payer s il vous plaît,simulation_facture
franchement ça commence à m inquiéter franchement couverture dans mon quartier on est environ 4 à utiliser l eau ça me fatigue un peu,zone_couverture
je suis vraiment fatigué de cette situation est ce que vs pouvez m expliquer donnez moi les documents que vous avez je viens d emménager ici merci hein,documents_branchement
franchement franchement je veux savoir si ma consommation est normale je viens juste de prendre la maison ça me fatigue un peu pardon pour le dérangement,info_consommation_moyenne
depuis hier j ai un souci chez moi est ce que vous pouvez m expliquer l eau est coupée chez nous sur toute l installation dans la maison svp j ai besoin d aide,signaler_coupure
je veux des détails sur les frais d eau,info_tarif
bonjour excusez moi de vous déranger mais j ai une question franchement quels justificatifs fournir pour une réactivation de compteur où l eau ne coule presque pas ça me fatigue un peu svp,demande_document
je veux des détails sur les frais d eau,info_tarif
leau sort faiblement,signaler_basse_pression
comment avoir ma facture d eau,info_tarif
bonsoir je vous contacte parce que j ai une préoccupation est ce que vous pouvez m expliquer pour remettre l eau là on demande quels papiers ça fait plusieurs jours maintenant pardon pour le dérangement,documents_reabonnement
je n ai plus d eau chez moi où l eau est un peu sale pourquoi aidez moi svp,signaler_eau_sale
je veux commencer la procédure pour avoir l eau,info_branchement
information sur la couverture géographique du réseau d eau,zone_couverture
arrêter mon contrat d eau dans la maison que je viens de louer pourquoi je compte sur vous,resiliation
comment faire pour entrer en contact avec vous dans mon foyer pourquoi je compte sur vous,contact_service_client
est ce que vous pouvez m expliquer bonsoir je voudrais savoir quelles sont les pièces à fournir pour un raccordement à l eau dans ma maison où l eau ne coule presque pas,demande_branchement
c est comment pour remettre l eau,info_reabonnement
je veux résilier mon abonnement ça dure depuis un bon moment pourquoi veuillez m aider s il vous plaît,resiliation
je vous écris pr avoir des informations précises est ce que vous pouvez m expliquer bonsoir ça peut paraitre simple mais je ne comprends pas bien votre rôle est ce que vous pouvez m expliquer clairement ce que fait la tde societe togolaise des eaux au quotidien ça dure depuis un bon moment s il vous plaît,info_generale_tde
le système de distribution d eau fonctionne cmoment chez vous pour ma maison pourquoi merci d avance,info_generale_tde
quelles sont les étapes pr une remise en service de l eau,info_branchement
grand j ai un souci avec ça là franchement franchement je ne comprends pas comment se passe le branchement d eau pouvez vous m expliquer chez nous ici là ça me fatigue un peu,demande_branchement
est ce que vous pouvez m expliquer combien d eau consomme une famille chez moi avec ma famille svp j ai besoin d aide,info_consommation_moyenne
j aimerais bien avoir des explications claires est ce que vous pouvez m expliquer quels documents sont exigés pour réactiver un abonnement d eau où l eau ne coule presque pas,documents_branchement
je compren pa depuis quelques jours déjà pourquoi mecri beaucoup,fallback
stratégies d économie d eau au niveau domestique,conseil_consommation
j aimerais bien avoir des explications claires franchement comment on fait pr avoir l eau à la masion au niveau de mon compteur ça me fatigue un peu,info_branchement
l eau sort du sol là bas,signaler_fuite
je veux comprendre les démarches pour avoir l eau chez nous ici là pourquoi je copmte sur vs,info_branchement
franchement je ne comprends pas comment ça fonctionne est ce que vous pouvez m expliquer je peux venir quand chez vs où leau ne coule presque pas merci beaucoup,horaire_agence
bonsoir je voulais juste comprendre quelque choes rapidement franchement aidez moi svp je veux juste comprendre ce que fait la tde ça dure depuis un bon moment ça me fatigue un peu,info_generale_tde
je suis vraiment fatigué de cette situation franchement ma demande de branchement est rendue où depuis hier soir ça me fatigue un peu aidez moi svp,demande_branchement
s il vous plaît c est assez urgent dans mon cas est ce que vous pouvez m expliquer svp est ce que vs fournissez de l eau dans ma zone à lomé dans ma maisno avec ma famille depuis hier,zone_couverture
je suis vraiment fatigué de ectte situation franchement franchement je ne veux plus continuer avec cet abonnement d eau dans mon quartier à lomé ça me fatigue un peu je compte sur vous,zone_couverture
honnêtement je suis un peu confus est ce que vous pouvez m expliquer je dois préparer quoi pour que l eau revienne par rapoprt à mon abonnement actuel veuillez m aider s il vous plaît,documents_reabonnement
je veu vous joindre coment nous sommes une grande famille ici pourquoi aidez moi svp,contact_service_client
j ai vraiment besoin d une répones rapide est ce que vs pouvez m expliqure salut je souhaite avoir un justificatif de mon abonnement d eau dans notre quartier ici à tokoin merci hein,demande_document
je suis vraiment fatigué de cette situation est ce que vous pouvez m expliquer dans mon coin ici svp,horaire_agence
honnêtement je suis un peu confus franchement faible pression d eau à la tde chez moi où la pression est très faible depuis plusieurs jours ça me fatigue un peu s il vs plaît,info_generale_tde
ma facture ne correspond pas à ma consommation dans mon coin ici pourquoi svp,info_tarif
quantite eau par mois,info_consommation_moyenne
astuces eau proposées par la tde,info_generale_tde
franchement qu est ce qu on demande pour un branchement je suis nouveau dans cette zone ça me fatigue un peu svp,demande_branchement
je ne comprends pas trop ce qui se passe chez moi franchement bjr je voudrais connaître l ensemble des documents administratifs que vous proposez à vos clients dans ma concession ça me fatigue un peu,documents_generaux
mon dossier là ça a avancé ou bien,documents_branchement
salut je voulais me renseigner sur quelque chose est ce que vous pouvez m expliquer je souhaite vérifier si ma zone est desservie par le réseau d eau dans ma zone de résidence veuillez m aider s il vous plaît,zone_couverture
je veux des informations sur votre société,info_generale_tde
je suis un peu perdu par rapport à tout ça est ce que vous pouvez m expliquer je veu rseilier mon abonnement merci hein,fallback
je veux faire une demande de branchement là où je suis actuellement pourquoi je compte sur vous,demande_branchement
bonjour svp je voudrais savoir si ma zone est couverte par la tde merci dans mon quartier à lomé pourquoi je compte sur vous,zone_couverture
ça fait plusieurs jours que j ai un problème est ce que vous pouvez m expliquer je viens juste de prendre la maison s il vous plaît,documents_resiliation
chfe y a un problème ici chez nous estc e que vous pouvez m expliquer modifier mon abonement dans mon quratier à lomé je vous remercie,modification_abonnement
comment réduire consommation avec la société togolaise des eaux chez nous dans le quartier pourquoi pardon pour le dérangmeent,zone_couverture
je suis prêt à faire la demande de brancehment depuis quelques jours déjà pourquoi merci d avance,demande_branchement
on souffre un peu ici j aimerais comprendre franchement je veux connaître tous les documents disponibles au nvieau des robinets chez moi ça me fatigue un peu svp j ai besoin d aide,documents_branchement
comment avoir ce dcoument dans ma nouvelle maison pourquoi,demande_document
modifier mon abonnement sur mon branchement actuel pourquoi merci hein,demande_branchement
ça fait plusieurs jours que j ai un problème franchement comment fonctionne le branchement chez la société togolaise des eaux au niveau de mon secteur ici ça me fatigue un peu aidez moi svp,demande_branchement
s il vs plaît pouvez vous m aider à copmrendre est ce que vous pouvez m expliquer utyau percé depuis que je suis erntré à la maison merci d avance,signaler_fuite
comment obtenir un document officiel auprès de vos services,demande_document
quels documents forunir pour résilier mon abonnement d eau,documents_branchement
combien coûte l eau,info_tarif
documents pour branchement,demande_branchement
quel dossier dois je préparer pour un raccordement,demande_branchement
honnêtement je suis un peu confus franchement statistiques de consommatoin eau société togolaise des eaux où la pression est très faible ça me fatigue un peu,info_consommation_moyenne
s il vous plaît c est assez urgent dans mon cas eske que vous pouvez m expliquer chez moi à adidogomé,info_tarif
s il vous plaît pouvez vous m aider à comprendre eske que vous pouvez m expliquer combien je vais payer pour une famille de 5 personnes chez nous ici là,simulation_facture
eau disponible zone,zone_couverture
ça devient compliqué pour moi en ce moment est ce que vous pouvez m expliquer comment éviter de gaspiller l eua où l eau est un peu sale merci hein,signaler_eau_sale
je ne comprends pas trop ce qui se passe chez moi franchement détails sur le branchement sur toute l installation dans la maison ça me fatigue un peu aidez moi svp,demande_branchement
quels documents sont disponibles pour les clients à lomé,documents_branchement
s il vous plaît pouvez vous m aider à comprendre est ce que vs pouvez m expliqeur horaires agence à lomé chez nous dans le quartier merci beaucoup,zone_couverture
est ce que vous pouvez m expliquer je veux résilier mon abonnement à la tde je viens d emménager ici merci d avance,info_generale_tde
adresse de votre agence ça dure depuis un bon moment pourquoi svp j ai besoin d aide,contact_service_client
l eau là ça peut me coûter combien par mois,info_tarif
je dois préparer quoi pour arrêter le contrat là où je suis actuellement pourquoi merci beaucoup,documents_resiliation
je veux connaitre vos activités principales,info_generale_tde
mettre le compteur à mon nom à adidogomé pourquoi svp,modification_abonnement
c est où vtore agence là dans mon coin ici pourquoi,contact_service_client
les tarifs de consommation d eau là où je suis actuellement pourquoi,info_tarif
je ne comprends pas trop ce qui se passe chez moi est ce que vous pouvez m xepliquer je peux installer l eau nous sommes une grande famille ici,demande_branchement
je vous écris pour avoir des informations précises franchement couverture dans mon quartier depuis ce matin ça me fatigue un peu je vous rmeercie,zone_couverture
j aimerais bien avoir des explications claires est ce que vous pouvez m expliquer svp aidez moi je veux changer les informations de mon compteur sur toute l installation dans la maison,modification_abonnement
couverture dans mon quartier pour une famille de 5 personnes pourquoi,zone_couverture
est ce que vous pouvez m expliquer l eau a une couleur étrange dans ma concession je vous remercie,signaler_eau_sale
l eau est sale chez moi,signaler_eau_sale
documents pour résiliation de mon abonnement dans mon foyer dans mon quartier à lomé pourquoi,documents_branchement
l eau n est pas claire du tout,signaler_eau_sale
chef y a un problème ici chez nous est ce que vous pouvez m expliquer ma facture est trop élevée à adidogomé dans mon quatrier à lomé svp,reclamation_facture
franchement je ne comprends pas comment ça fonctionne franchement signalement d une eau impropre à la consommation dans ma zone de résidence ça me fatigue un peu,zone_couverture
je souhaite procéder à une modification de mon abonnement nous sommes une grande famille ici pourquoi pardon pour le dérangement,modification_abonnement
ça devient compliqué pr moi en ce moment franhcement franchement je suis un peu perdu je veux savoir combien prévoir pour l eau chaque mois dans mon foyer depuis hier soir ça me fatigue un peu,simulation_facture
donnez moi des astuces pour l eau où l eau ne coule presque pas pourquoi s il vous plaît,conseil_consommation
je ne comprends pas trop ce qui se passe chez moi franchement je veux comprendre comment on obtient l eau à domicile depuis ce matin ça me fatigue un peu merci hein,fallback
ça fait plusieurs jours que j ai un problème franchement je souhaite mettre à jour les informations de mon contrat chez moi où la pression est très faible depuis plusieurs jours ça me fatiuge un peu je vous remercie,modification_abonnement
hein quoi,fallback
chef y a un problème ici chez nous est ce que vs pouvez m expliquer je voudrais une estimation réaliste de ce que je vais payer en eau selon ma consommation merci,simulation_facture
coment vous contacter sur toute l installation dans la maison pourquoi,contact_service_client
c est possible d avoir l eau ici,eligibilite_branchement
debit eau faible par rapport à mon abonnement actuel pourquoi pardon pour le dérangement,signaler_basse_pression
dans la maison que je viens de louer pourquoi meric hein,fallback
c est important pour moi d avoir une solution est ce que vous pouvez m expliquer l eau coule lentement à lomé on est plusieurs à la maison,signaler_basse_pression
je suis vraiment fatiugé de cetet situation es tce que vous pouvez m expliquer je veu mabonner a leau dans mon foyer,demande_abonnement
svp pouvez vous m aider à récupérer ma facture ou un justificatif lié à mon abonnement,info_tarif
depuis hier j ai un souci chez moi est ce que vous pouvez m expliquer consomation moyenne eau depuis que je suis rentré à la maison veuillez m aider s il vous plaît,info_consommation_moyenne
franchement il y a beaucoup d eau qui se perd à cause d une fuite près de chez moi,signaler_fuite
je veux faire un abonnement ça fait plusieurs jours maintenant pourquoi s il vous plaît,demande_abonnement
j ai vraiment besoin d une réponse rapide es tce que vs pouvez m expliquer dans la zone où je veins d emménager svp j ai besoin d aide,zone_couverture
l eau n est pas propre pourquoi svp j ai besoin d aide,signaler_eau_sale
s il vous plaît pouvez vous m aider à comprendre franchement ou se trouve votre agence je viens juset de prendre la maison ça me fatigue un peu s il vous plaît,contact_service_client
chef y a un problème ici chez nous est ce que vous povuez m expliquer expliquez moi comment m abonner à l eau potable dans ma maison avec ma famille depuis hier je compte sur vous,demande_abonnement
bonsoir je voulais juste comprendre qeulque chose rapidemnet est ce que vous pouvez m expliquer l eau ne sort plus chez moi dans la zone où je viens d emménager svp j ai besoin d aide,zone_couverture
incident de fuite sur le réseau d eau,signaler_fuite
,signaler_fuite
je souhaite faire une demande pr avoir l eau chez moi avec ma famille pourquoi merci,demande_branchement
l eau là vs vendez ça à combien dans mon coin ici poruquoi merci d avance,info_tarif
l eau coule partout à cause d une fuite au niveau de mon compteur pourquoi je compte sur vous,signaler_fuite
les frais d eau sont calculés comment pourquoi,info_tarif
je ne veux plus d eau dans mon coin ici pourquoi svp j ai besoin d aide,resiliation
je voudrais savoir pourquoi l eau est de mauvaise qualité chez moi au niveau de mon compteur pourquoi emrci beaucoup,signaler_eau_sale
on souffre un peu ici j aimerais comprendre est ce que vous pouvez m expliquer économiser l eau à lomé sur mon branchement actuel aiedz moi svp,demande_branchement
bonsoir combien d eau une famille utilise en moyenne par mois,info_consommation_moyenne
ça devient compliqué pour moi en ce moment franchement je dois préparer quoi pour arrêter le contrat ça me fatigue un peu,documents_resiliation
on n a pas d eau depuis plusieurs heures,horaire_agence
modifier les informations de mon abonnement depuis quelques jours déjà pourquoi merci d avance,modification_abonnement
j aimerais bien avoir des xeplications claires est ce que vous pouvez m expliquer tuyau percé au niveau des robinets chez moi merci hein,fallback
svp pouvez vous me donner des astuces pour économiser l eau dans mon foyer dans ma maison avec ma famille depuis hier pourquoi merci d avance,conseil_consommation
s il vous plaît pouvez vous m aider à comprendre eske que vous pouvez m expliquer quels papiers il faut déposer pour avoir l eau au niveau de mon compteur depuis un moment,documents_branchement
je veux avoir l eau chez moi comment faire,demande_branchement
honnêtement je suis un peu confus est ce que vous pouvez m expliquer quelles sont les pièces justificatives pour une résiliation d abonnement au niveau de mon compteur,documents_branchement
svp aidez moi je veux comprendre comment réactiver mon compteur d eau dans un foyer avec plusieurs enfants pourquoi aidez moi svp,documents_reabonnement
on demande quoi pour résilier dans mon foyer pourquoi,resiliation
franchement je veux savoir si mon branchement est en cours au niveau des robinets chez moi ça me fatigue un peu merci,demande_branchement
salut je voulais me renseigner sur quelque chose eske que vous pouvez m expliquer modifier mon abonnement chez moi où la pression est très faible depuis plusieurs jousr veuillez m aider s il vous plaît,modification_abonnement
c est important pour moi d avoir une solution est ce que vous pouvez m expliquer franchement je suis perdu pouvez vous m aider autrement dans la maison que je ivens de louer svp,fallback
bonsoir je vous contacte parce que j ai une préoccupation franchement bonjour svp ma facture d eau est trop élevée pouevz vous vérifier merci au niveau de mon compteur ça me fatigue un peu merci beaucoup,reclamation_facture
bonjour excusez moi de vous déranger mais j ai une question franchement quels sont les documents que je peux demander depuis que je suis rentré à la maison ça me fatigue un peu je compte sur vous,documents_branchement
la tde sa sert a quoi je viens juste de prendre la maison pourquoi merci,info_generale_tde
quels documents sont exigés pour une demande de branchement,demande_branchement
svp aidez moi je veux savoir quels documents je dois fournir pour avoir l aeu chez moi,documents_branchement
arreter mon contrat deau,resiliation
je peux faire quoi pour l eau je viens juste de prendre la maison pourquoi je compte sur vous,conseil_consommation
vous ne comprenez pas ma question dans un ofyer avec plusieurs enfants pourquoi merci,fallback
c est pas ce que je demande,fallback
bonsoir je voulais juste comprendre quelque chose rapidement franchement je veux avoir une idée du montant de ma facture je viens d emménager ici ça me fatigue un peu veuillez m aider s il vous plaît,info_tarif
bonjour je souhaite résilier mon abonnement d eau car je ne suis plus sur place au niveau de mon compteur pourquoi s il vous plaît,resiliation
,info_tarif
bonsoir je voulais juste comprendre quelque chose rapidement est ce que vous pouvez m expliquer je souhaite faire une demande de document administratif au niveau de mon secteur ici aidez moi svp,documents_generaux
comment remettre l eau avec la tde,info_generale_tde
c est important pour moi d avoir une solution franchement pièces pour arrêter le contrat chez moi à adidogomé depuis ce matin ça me fatigue un peu aidez moi svp,documents_branchement
s il vs plaît c est assez urgent dans mon cas franchement comment se passe le branchement dans mon coin ici ça me fatigue un peu merci beaucoup,demande_branchement
pour une consommation moyenne combien coûte la facture d eau,info_tarif
comment raccorder une maisno à lomé au réseau d eau je reivens au pays récemment pourquoi svp j ai besoin d aide,info_branchement
pas ça,fallback
franchement je ne comprends pas comment ça fonctionne franchement ça ne correspond pas au niveau de mon secteur ici ça me fatigeu un peu,reclamation_facture
je veux prendre un papier chez vous dans notre quartire ici à tokoin pourquoi merci beaucoup,demande_document
bonjour je voudrais connaître l ensemble des documents administratifs que vous proposez à vos clients,documents_generaux
c est important pour moi d avoir une solution est ce que vous pouvez m expliquer moyenne eau tde je viens juset de prendre la maison pardon pour le dérangement,info_generale_tde
est ce que vous pouvez m expliquer je ne vois pas dans un foyer avec plusieurs enfants je compte sur vous,fallback
bonjour svp je voudrais obtenir un document officiel lié à mon abonnement merci pourquoi,demande_document
quels papiers pour réactiver mon compteur chez moi avec ma famille pourquoi veuillez m aider s il vous plaît,documents_reabonnement
franchement je ne comprends pas comment ça fonctionne est ce que vous pouvez m expliquer coupure d eau à la tde aidez moi svp,info_generale_tde
quelles sont les pièces justificatives pour une résiliation d abonnement,documents_branchement
bonjour j aurais besoin d un renseignement s il vous plaît franchement je doi fournir koi pour remetre leau dans mon foyer ça me fatigue un peu merci d avance,documents_reabonnement
fermer mon compteur récemment j ai commencé à remarquer ça pourquoi merci beaucoup,resiliation
demande de délivrance d un document,demande_document
coupure d eau à la tde,info_generale_tde
c est important pour moi d vaoir une solution est ce que vous pouvez m expliquer on paie l eau comment chez vous veuillez m aider s il vous plaît,info_tarif
je veu brancher leau chez moi,demande_branchement
demande de vérification de faisabilité de raccordement,demande_branchement
je compren pa je vines juste de prendre la maison pourquoi s il vous plaît,fallback
franchement je ne comprends pas comment ça fonctionne est ce que vs pouvez m expliquer quels documents fournir pour résilier mon abonnement d eau là où je suis actuellement merci hein,documents_branchement
comment reprendre l eau dans mon quartier,zone_couverture
faire une demande de racordement,demande_branchement
franchement ça commence à m inquiéter est ce que vous pouvez m expliquer zones desservies par la société togolaise des eaux svp j ai besoin d aide,zone_couverture
donnez moi votre numéro là dans la maison que je viens de louer pourquoi,contact_service_client
qui gère la distribution d eau ici au togo on est plusieurs à la maison pourquoi merci hein,fallback
chef y a un problème ici chez nous eske que vous pouvez m expliquer combine je peux payer pr l eau dans ma miason chaque mois ça fait plusieurs jours maintenant je compte sur vous,info_tarif
ça fait plusieurs ojurs que j ai un problème franchement vos prix d eau là c est comment au niveau de mon compteur depuis un moment ça me fatigue un peu veuillez ma ider s il vous plaît,info_tarif
c est important pour moi d avoir une solution franchement comment se déroule la procédure de branchement depuis hier soir ça me fatigue un peu,demande_branchement
je suis vraiment fatigué de cette situation est ce que vous pouvez m expliquer vous êtes le fournisseur d eau national c est ça depuis que je suis rentré à la maison pardon pour le dérangement,info_generale_tde
dans ma maison avec ma famille depuis hier pouqruoi,demande_branchement
honnêtement je suis un peu confus franchement modifier mon abonnement à la tde dans mon quartier à lomé ça me fatigue un peu svp,info_generale_tde
s il vous plaît c est assez urgent dans mon cas est ce que vous pouvez m expliquer éligibilité branchement à adidogomé depuis quelques jours déjà pardon pour le dérangement,demande_branchement
procédure pour obtenir un document administratif je viens juste de prendre la maison pourquoi,info_branchement
demander un papier officiel,demande_document
où en est ma demande faite pour mon terrain,suivi_demande_branchement
obtenir une facture depuis hier soir pourquoi aidez moi svp,info_tarif
c est important pour moi d avoir une solution est ce que vous pouvez m expliquer qeuls papires pour reprendre l eau dans la zone où j habite actuellement svp,zone_couverture
on n a pas d eau depuis plusieurs heures,horaire_agence
il y a une fuite chez nous,signaler_fuite
franchement je veux avoir une idée de tous les documents que vous fournissez aux clients,documents_branchement
je peux avoir un justifictaif au niveau des robinets chez moi pourquoi aidez moi svp,demande_document
je souhaite faire un branchement d eau pour ma maison chez moi où la pression est très faible depuis plusieurs jours pourquoi merci d avance,demande_branchement
je ne comrpends pas trop ce qui se passe chez moi est ce que vous pouvez m expliquer je veux saovir si je peux avoir l eau chez moi on est plusieurs à la maison svp j ai besoin d aide,eligibilite_branchement
problème de qualité d eau avec la société togolaise des eaux,signaler_eau_sale
svp je pense qu il y a une erreur dans ma facture pouvez vous vérifier,reclamation_facture
liste des pièces demandées par la société togolaise des eaux pour résilier un abonnement dans la zone où je viens d emménager pourquoi je compte sur vs,documents_branchement
je vous écris pr avoir des informations précises franchement pas d eau dans mon foyer ça me aftigue un peu,signaler_coupure
là où je suis actuellement pourquoi pardon pour le dérangement,reclamation_facture
franchement je ne comprends pas comment ça fonctionne est ce que vous pouvez m expliquer je veux connaître tous les documents disponibles chez moi avec ma famille merci beaucoup,documents_branchement
ça fait plusieurs jours que j ai un problème est ce que vous pouvez m expliquer je voudrais savoir si mon terrain peut être raccordé au réseau d eau svp j ai besoin d adie,eligibilite_branchement
c est comment ça là où je suis actuellement pourquoi mreci beaucoup,fallback
incident de fuite sur le réseau d eau je viens d emménager ici pourquoi vueillez m aider s il vous plaît,signaler_fuite
franchement ça commence à m inquiéter franchement est ce que la tde peut me dire combien je vais payer sur toute l installation dans la maison ça me fatigue un peu pardon pour le dérangement,info_generale_tde
problème de canalisation avec fuite d eau,signaler_fuite
on fait comment pour remettre l eau là pour ma maison pourquoi veuillez m aider s il vous plaît,info_reabonnement
je ne comprends pas trop ce qui se passe chez moi est ce que vous pouvez m expliquer je voudrais entamer une procédure pr avoir l eau à domicile dans mon foyer nous sommes une grande famille ici,info_branchement
documents pour résiliation,documents_branchement
chef y a un problème ici chez nous franchement je veux arrêter définitivement l eau chez moi où la pression est très faible depuis plusieurs jours ça me fatigue un peu,resiliation
je suis vraiment fatigué de cette situation est ce que vs pouvez m expliquer comment sont fixés les prix de l eau ça fait plusieurs jours maintenant,info_tarif
bonjour xecusez moi de vous déranger mais j ai une question franchement expliquez moi comment vous ntetoyez l eau avant qu on l utilise où on a souvent des coupures ça me fatigue un peu,signaler_coupure
j ai vraiment besoin d une réponse rapide est ce que vous pouvez m expliquer bonsoir je veux arrêter mon contrat d eau pouvez vous m aider par rapport à mon abonnement actuel aidez moi svp,resiliation
bonsior je voulais juste comprendre quelque chose rapidement franchement je voudrais une estimation réaliste de ce que je vais payer en eau selon ma consommation dans ma concession ça me fatigue un peu merci hein,fallback
comment se passe le branchement de au chez moi à adidogomé,demande_branchement
est ce que vous pouvez m expliuqer je compren pa dans la maison que je viens de louer merci d avance,fallback
je voudrais savoir les tarifs appliqués chez moi à adidogomé,info_tarif
bonsoir je vous contacte parce que j ai une préoccupation franchement kel document vous fournissez je viens d emménager ici ça me fatigue un peu,demande_document
si on est 4 à la maison combien on peut payer au niveau de mon compteur depuis un moment pourquoi,simulation_facture
ça fait plusieurs jours que j ai un problème franchement je veux faire un raccordemetn pour mon etrrain au niveau des robinets chez moi ça me fatigue un peu s il vous plaît,demande_branchement
incident de fuite sur le réseau d aeu,signaler_fuite
chef y a un problème ici chez nous est ec que vous pouvez m expliquer comment remettre l eau chez moi à adidogomé après coupure chez nous ici là,signaler_coupure
vous faites passer l eau comment jusqu aux compteurs,info_generale_tde
ça devient compliqué pour moi en ce moment est ce que vs pouvez m expliuqer consommation normale c est combien dans mon coin ici svp,info_consommation_moyenne
je truove ma fcature d eau trop élevée,reclamation_facture
quels papiers il faut déposer pour avoir l eau,documents_branchement
je suis un peu perdu par rapport à tout ça est ce que vous pouvez m expliquer facture aonrmale pour mon habitation principale svp,info_tarif
est ce possbile d avoir un branchement au nievau des robinets chez moi pourquoi aidez moi svp,demande_branchement
bonsoir combien d eau une famille utilise en moyenne par mois je suis nouveua dans cette zone pourquoi,zone_couverture
chef y a un problème ici chez nous eske que vs pouvez m expliquer mon dossier là ça a avancé ou bien dans ma concession je vous remercie,documents_branchement
pr arrêter l eau là on demande quels papiers,documents_resiliation
eske que vous pouvez m expliquer svp aidez moi à mieux gérer mon utilisation d eau chez nous ici là,conseil_consommation
modifier mon abonnement,modification_abonnement
j aimerais bien avoir des explications claires est ce que vous pouvez m expliquer comment se passe le branchement d eau chez moi à adidogomé chez moi où la pression est très faible depuis plusieurs juors merci hein,demande_branchement
bonsoir je vous contacte parce que j ai une préoccupation franchement l eau n est pas claire depuis que je suis rentré à la maison ça me fatigue un peu aidez moi svp,signaler_eau_sale
je suis un peu perdu par rapport à tout ça franchement c est combien l eau en moyenne dans ma maison avec ma famille depuis hier ça me fatigue un peu merci beaucoup,info_consommation_moyenne
je voudrais préparer mon dossier de réabonnement pouvez vous me donner la liste complète des pièces par rapport à mon abonnement actuel pourquoi je compte sur vous,documents_branchement
je suis vraiment fatigué de cetet situation eske que vous pouvez m expliquer je veux obtenir un document pour mon abonnement à adidogomé je viens juste de prendre la maison,demande_document
salut je veux connaître la consommation normale d eau chez un foyer dans notre quartier ici à tokoin pourquoi svp j ai besoin d aide,zone_couverture
franchement ça commence à m inquéiter est ce que vous pouvez m expliquer il y a de l eau mais la pression est très faible chez moi à adidogomé depuis ce matin veuillez m aider s il vous plaît,signaler_basse_pression
j aimerais bien avoir des explications claires est ce que vous pouvez m expliquer bjr je voudrais connaître la liste complète des documents nécessaires pour résilier mon abonnement d eau où l eau ne coule presque pas pardon pour le dérangement,documents_branchement
franchement modifier mon abonnement dans mon quartier je viens d emménager ici ça me fatigue un peu merci beaucoup,modification_abonnement
hein,fallback
je suis vraiment fatigué de cetet situation est ce que vous pouvez m expliquer franchement je veux savoir si on peut avoir de l eau dans mon quartier chez moi où la pression est très faible depuis plusiuers jours merci,zone_couverture
gestion consommation eau tde,info_generale_tde
set ce que vous pouevz m exlpiquer comment ça se passe pour installer un compteur d eau dans ma zone de résidence je compte sur vous,demande_branchement
change de sujet,fallback
je veux comprendre vos services nous sommes une grande famille ici pourquoi svp,info_generale_tde
bonsoir je voulais juste comprendre quelque chose rapidement franchement je voudrais savoir si la tde couvre ma zone d habitation au niveau de mon compteur depuis un moment ça me fatigue un peu pardon pour le dérangement,info_generale_tde
honnêtement je suis un peu confus franchement je viens d emménager ici ça me fatigue un peu merci d vaance,documents_generaux
grand j ai un souci avec ça là farnchement je veux connaître toutes les étapes nécessaires pour avoir l eau chez moi dans ma nouvelle maison ça me fatigue un peu svp j ai besoin d aide,info_branchement
je veux ocnnaître toutes les étapes nécessaires pour avoir l eau chez moi,info_branchement
je vous écris pour avoir des informations précises est ce que vous pouvez m expliquer quels sont les documents que je peux demander où l eau ne coule presque pas svp,documents_branchement
c est quoi votre mission principale,info_generale_tde
est ce que ma zone est couverte,zone_couverture
grand j ai un souci avec ça là es tce que vous pouvez m expliquer modifier mon abonement je viens d emménager ici je compte sur vous,modification_abonnement
quels documents fournissez vous,documents_branchement
je suis vraiment fatigué de cette situation eske que vous pouvez m expliquer liste complèet des documents accessibles aux cilents là où je suis actuellement,documents_branchement
est ce que vous pouvez m expliquer on fait comment pour brancher l eau chez soi je viens d emmnéager ici s il vous plaît,info_branchement
bonsoir je vous contacte parce que j ai une préoccupation est ce que vous pouvez m expliquer svp pouvez vous m aider à récupérer ma facture ou un justificatif lié à mon abonnement dans ma zone de résidecne,info_tarif
zones desservies par la société togolaise des eaux sur toute l installation dans la maison pourquoi svp j ai besoin d aide,zone_couverture
bonjour j aurais besoin d un renseignement s il vous plaît franchement expliquez moi un peu votre travail là j ai pas bien capté ça fait plusieurs jours maintenant ça me fatigue un peu,info_generale_tde
franchement salut je ne veux plus de mon abonnement d eau merci de le résilier dans ma zone de résidence ça me fatigue un peu je vous remercie,resiliation
chef y a un problème ici chez nous franchement liste des documents de la société togolaise des eaux dans ma nouvelle maison ça me fatigue un peu svp j ai besoin d aide,documents_branchement
on souffre un peu ici j aimerais comprendre franchement dans la maison que je viens de louer ça me fatigue un peu svp,eligibilite_branchement
on souffre un peu ici j aiemrais comprendre franchement statistiques de consommation eau société togolaise des eaux dans un foyer avec plusieurs enfants ça me fatigue un peu je cmopte sur vous,info_consommation_moyenne
farnchement je suis un peu perdu j amierais comprendre combien coûte réellement l eau chez vous où l eau est un peu sale pourquoi je vous remercie,info_tarif
ça fait plusieurs jours que j ai un problème est ce que vous pouvez m expliquer je compren pa ma facture chez moi même ici,info_tarif
franchement je ne veux pas des informations générales je veux un numéro pour vs appeler pour une famille de 5 personnes ça me fatigue un peu je vous remercie,contact_service_client
catalogue des documents disponibles je viens d emménager ici pourquoi aidez moi svp,documents_branchement
bnojour j aurais besoin d un renseignement s il vous plaît eske que vous pouvez m expliquer vous êtes les responsables de l eau dans tout lomé ou bien sur toute l installation dans la maison je compte sur vs,info_generale_tde
bonjour excusez moi de vous déranger mais j ai une question franchement avoir l eau à domicile je viens d emménager ici ça me fatigue un peu merci d avance,demande_branchement
quelle est la procédure pour remettre l eau,info_branchement
erreur sur ma facture dans mon quartier,reclamation_facture
on souffre un peu ici j aimerais comprendre est ce que vs pouvez m expliquer je souhaite signaler une coupure d eau là où je suis actuellement svp j ai besoin da ide,signaler_coupure
changer titulaire compteur pour ma maison pourquoi svp j ai bseoin d aide,modification_abonnement
gestion consommation eau tde,info_generale_tde
horaires de service de la société togolaise des eaux,horaire_agence
bonjour l eau qui sort de mon robinet est sale pouvez vous vérifier nous sommes une grande famille ici pourquoi s il vous plaît,signaler_eau_sale
bonsoir je voulais juste comprendre quelque chose rapidement eske que vous pouvez m expliquer je veux comprendre la procédure pour une maison dans un foyer avec plusieurs enfants svp j ai besoin d aide,info_branchement
liste des pièces pour arrêetr mon contrat à lomé où on a souvent des coupures pourquoi merci,documents_branchement
franchement je ne comprends pas comment ça fonctionne eske que vous pouvez m expliquer je veux suivre mon dossier de raccordement à lomé on est plusieurs à la maison,demande_branchement
est ce que vs pouvez m expliquer je veux résilier mon abonnement pour une famille de 5 personnes je vs remercie,resiliation
à quelle heure je peux passer,horaire_agence
peut on installer un compteur ici chez moi même ici pourquoi svp,demande_branchement
ça fait plusieurs jours que j ai un problème franchemetn consommation normale c est quoi chez moi où la pression est très faible depuis plusieurs jours ça me fatigue un peu merci hein,fallback
bonsoir je vous contacte parce que j ai une préoccupation franchement bonjour svp je voudrais savoir combien je vais payer pr l eau dans ma maison sachant qu on est environ 5 personnes merci ça me fatigue un peu merci beaucoup,simulation_facture
je voudrais me déplacer dans votre agence pour un renseignement pouvez vous me dire l adresse,contact_service_client
j ai vraiment besoin d une réponse rapide est ce que vous pouvez m expliquer il y a une fuite d eau padron pour le dérangement,signaler_fuite
est ce que vous pouvez m expliquer coment vous contacter chez moi même ici merci hein,contact_service_client
liste des documents que je peux obtenir chez moi à adidogomé,documents_branchement
je veux un justificatif pour mon ocmpteur dans mon quartier,demande_document
aidez moi à mettre l eau chez moi récemment j ai commencé à remarquer ça pourquoi,demande_branchement
bonjour excusez moi de vs déranger mais j ai une question franchemnet franchement je ne veux plus de l abonnement dites moi quels papiers sont demadnés pour résilier dans ma maison avec ma famille depuis hier ça me fatigue un peu s il vous platî,resiliation
je souhaite procéder à la résiliation de mon abonnement d eau dans un foyer avec plusieurs enfants pourquoi pardon pour le dérangement,documents_resiliation
expliquez moi la procéduer de raccordement à la société togolaise des eaux dans mon foyer pourquoi merci d avance,demande_branchement
quels documents fournir pr résilier mon abonnement d eau chez moi même ici poruquoi merci beaucoup,documents_branchement
quels documents pour un branchement à la tde,info_generale_tde
si j utilise l eau normalement combien je vais payer,simulation_facture
j aimerais bien avoir des explications claires franchement c est combien l eau chez vous récemment j ai commencé à remarquer ça ça me fatigue un peu merci,info_tarif
fermez mon compteur pour moi chez moi où la pression est très faible depuis plusieurs jours pourquoi merci beaucoup,resiliation
je veux économiser l eau chez moi au niveau de mon compteur depuis un moment pourquoi pardon pour le dérangement,conseil_consommation
je suis un peu perdu par rapport à tout ça franchement salut je veux juste savoir combien je dois prévoir pour l eau chaque mois dans un foyer normal dans ma zone de résiednce ça me fatigue un peu,simulation_facture
je veux comprendre la tarification de l eau dans mon coin ici pourquoi,info_tarif
quels sont les tarifs de l eau,info_tarif
honnêtement je suis un peu confus eske que vs pouvez m expliquer vs avez quels ppaiers disponibles dans mon coin ici s il vous plaît,documents_generaux
incident lié à la qualité de l eau dans un foyer avec plusieurs enfants pourquoi merci hein,fallback
honnêtement je suis un peu confus est ce que vous pouvez m expliquer consomation o normale pour ma maison merci d avance,info_consommation_moyenne
je veu un document où la pression est très faible pourquoi aidez moi svp,demande_document
pour brancher l eau là on demande quels papiers,documents_branchement
ça fuit quelque part dans ma nouvelle maison poruquoi svp,signaler_fuite
franchement ça commence à m inquiéter franchement franchement j ai besoin d un document officiel lié à mon compteur pouvez vous m aider pour une famille de 5 personnes ça me fatigue un peu pardon pour le dérangement,demande_document
honnêtement je suis un peu confus est ce que vous pouvez m expliquer donnez moi un contact dans ma onuvelle maison svp j ai besoin d aide,contact_service_client
je vs écris pour avori des informations précises est ce que vous pouvez m expliquer bonjour svp je voudrais savoir la consommation moyenne d aeu pour une famille merci au niveau de mon ocmpteur depuis un moment pardon pour le dérangement,info_consommation_moyenne
comment se passe le branchement à la tde depuis ce matin pourquoi merci,info_generale_tde
on peut estimer ça à combien chez vous,simulation_facture
j aimerais bien avoir des explications claiers est ce que vous pouvez m expliquer arrêter mon contrat d eau à lomé dans ma zone de résidence merci hein,zone_couverture
s il vs plaît c est assez urgent dans mon cas franchement svp pouvez vous me dire quels papiers sont demandés pour arrêter mon contrat d eau ça fait plusieurs jousr maintenant ça me fatigue un peu,documents_resiliation
salut je pense qu il y a une erreur sur ma facture d eau,reclamation_facture
aidez moi je veux prévoir combien je vais payer,simulation_facture
bonsoir je vs contacte parce que j ai une préoccupation farnchement je souhaite mettre fin à mon abonnement d eau dans la zone où j habite actuellement ça me fatigue un peu s il vous plaît,zone_couverture
franchement je ne comprends pas comment ça fonctionne franchement quels ppaiers pour arrêter mon abonnement ça dure depuis un bon moment ça me fatigue un peu merci d avance,documents_resiliation
s il vous plaît pouvez vous m aider à comprendre est ce que vs pouvez m expliquer je veux créer un abonnement chez vous où on a souvent des coupures svp j ai besoin d aide,signaler_coupure
bonjour excusez moi de vous déranger mais j ai une question est ce que vous pouvez m expliquer quels documents sont exigés pour une demande de branchement où l eau est un peu sale,demande_branchement
je veux un branchement d eau,demande_branchement
salut je voulais me renseigner sur quelque chose est ce que vous pouvez m expliquer la tde a traité ma demande ou pas où la presison est très faible veuillez m aider s il vous plaît,info_generale_tde
honnêtement je suis un peu confus eske que vs pouvez m expliquer expliquez moi comment m abonner à l eau potable depuis quelques jours déjà merci,demande_abonnement
quoi on est plusieurs à la maison pourquoi,fallback
quel dossier dois je constituer pour résilier mon contrat,documents_branchement
est ce que vous pouvez m expliquer heures d ouverture tde pour mon habitation principale merci hein,info_generale_tde
quel est le prix de l eau dans mon quartier actuellement dans mon coin ici pourquoi je compte sur vous,info_tarif
franchement je veux mettre à jour les informations liées à mon abonnement d eau,modification_abonnement
pièces pour arrêter le contrat,documents_branchement
liste des pièces demandeés par la société togolaise des eaux pour remettre l eau,documents_branchement
là où je suis actuellement pourquoi merci,info_tarif
on ne peut pas boire cette eau où on a souvent des coupures pourquoi,signaler_coupure
salu t je voulais me renseigner sur quelque chose franchement consomation eau normale chez moi avec ma famille ça me fatigue un peu svp,info_consommation_moyenne
ça fait plusieurs jours que j ai un problème eske que vs pouvez m expliquer coment vous faite la distribution de leau je viens juste de prendre la maison veuillez m aider s il vs platî,info_generale_tde
je ne suis pas d accord avec ma facture,info_tarif
je veu vous joindre coment,contact_service_client
comment vous faites la distribution de l eau,info_generale_tde
j aimerais bien avoir des explications claires franchement pour mon habitation principale ça me fatigue un peu veuillez m aider s il vous plaît,documents_generaux
c est important pour moi d avoir une solution franchement présence de la tde dans mon quartier chez nous dans le quartier ça me fatigue un peu s il vous plaît,info_generale_tde
donnez moi un contact depuis uqelques jorus déjà pourquoi merci,contact_service_client
j aimerais bien avoir des explications claires est ce que vous pouvez m expliquer le robinet coule à peine sur toute l installation dans la masion svp,signaler_basse_pression
depuis hier j ai un souci chez moi franchement kel papier pour reactiver compteur pour une famille de 5 personnes ça me fatigue un peu s il vous plaît,documents_reabonnement
on souffre un peu ici j aimerais comprendre est ce que vous pouvez m expliquer eau sale à la tde je suis nouveau dans cette zone padron pour le dérangement,info_generale_tde
quels sont les documents que je peux demander,documents_branchement
honnêtement je suis un peu confus eske que vous pouevz m expliquer je souhaite savoir quels types de documents je peux obtenir auprès de vos esrvices au niveau de mon compteur depuis un moment merci,documents_branchement
comment fonctionne la facturation de l eau au niveau de l installation d eau pourquoi merci beaucoup,info_tarif
est ce que vs pouevz m expliquer ma demande est passée ou pas au niveau des robinets chez moi,suivi_demande_branchement
documents pour remise en service après cuopure chez moi,documents_branchement
franchement change de sujet dans la zone où je viens d emménager ça me fatigue un peu svp,zone_couverture
quel dossier dois je préparer pour un raccordement,demande_branchement
franchement hein koi chez moi à adidogomé ça me fatigue un peu,fallback
,modification_abonnement
tu peux m aider sur autre chose dans la zone où j habite actuellement pourquoi aidez moi svp,zone_couverture
je ne veux plus d eau,resiliation
grand j ai un souci avec ça là est ce que vs pouvez m expliquer expliquez moi comment l aeu arrive chez les gens dans mon quartier à lomé emrci,zone_couverture
quand ouvrir bureau tde,info_generale_tde
ça fait plusieurs jours que j ai un problème franchement on donne kwa pour réactiver l eau chez nous ici là ça me fatigue un peu,documents_reabonnement
franchement je ne comprneds pas comment ça fonctionne es tce que vous pouvez m expliquer c est quels documents qu il faut pour résilier au niveau de mon compteur je compte sur vous,documents_branchement
c est quoi la procédure pour ouvrir un abonnement à la tde,info_generale_tde
franchement heures de travail agence on est plusieurs à la maison ça me fatigue un peu merci d avance,horaire_agence
quels papiers pr arrêter mon abonnement,documents_resiliation
pour brancher l eau là on demande quels papiers,documents_branchement
je vous écris pour avoir des informations précises franchement sault je veux rpéparer mon dosiser de branchement pouvez vous me donner la ilste complète des documents dans mon coin ici ça me fatigue un peu merci hein,demande_branchement
liste des pièces pour remettre l eau en service où l eau est un peu sale pourquoi merci hein,documents_branchement
je peu avoir leau chez moi,eligibilite_branchement
ça fait plusieurs jours que j ai un problème est ce que vous opuvez m expliquer stratégies d économie d eau au niveau domestique chez moi à adidogomé veuillez m aider s il vous plaît,conseil_consommation
bonjour excusez moi de vous déranger mais j ai une question franchement il y a un problème avec l eau dans mon uqartier à lomé depuis quelques jours ça me fatgiue un peu svp j ai besoin d aide,signaler_eau_sale
bonjour je voudrais savoir comment faire pour remettre l eau en service après une coupure on est environ 4 à utiliser l eau pourquoi s il vs plaît,signaler_coupure
bonsoir je vous contacte parce que j ai une préoccupation franchement coment vous contacter où l eau ne coule presque pas ça me fatigue un peu pardon pour le dérangement,contact_service_client
je veu savoir comen leau devien potable,info_generale_tde
je veux fermer mon abonnement,resiliation
ça devient compliqué pr moi en ce moment eske que vous pouvez m expliquer il y a une grosse fuite d eau ça dure depuis un bon moment,signaler_fuite
combien je risque de payer pour ma consommation d eau,simulation_facture
j ai vraiment besoin d une réponse rapide est ce que vous pouvez m expliquer documents nécessaires pour résilier depuis hier soir,documents_branchement
liste des documents de la société togolaise des eaux au niveau de l installation d eau pourquoi je compte sur vous,documents_branchement
est ce que vous pouvez m expliquer c est ouvert aujourd hui ou pas je revines au pays récemment svp j ai besoin d aide,horaire_agence
documents nécessaires pour rouvrir mon abonnement,documents_branchement
je souhaite prendre un abonnement d eau nous sommes une grande famille ici pourquoi aprdon pour le dérangement,demande_abonnement
franchement je ne comprends pas comment ça fonctionne set ce que vous pouvez m expliqure comment remettre l eau avec la tde dans ma concession aidez moi svp,info_generale_tde
bonjour excusez moi de vous déranger mais j ai une question franchement expliquez moi comment fonctionne le raccordement à l eau au niveau de l installation d eau ça me fatigue un peu je vous remerice,demande_branchement
je souhaite faire un branchement d eau pour ma maison,demande_branchement
plus d eau à adidogomé,signaler_coupure
est ce que vous pouvez m expliquer je veux prendre un papier chez vous dans ma maison avec ma famille deupis hier parodn pour le dérangement,demande_document
svp pouvez vous me donner des astuces pour économiser l eau dans mon foyer,conseil_consommation
bonsoir je vous contacte parce que j ai une préoccupation franchement consommation moyenne d eau par personne pour une famille de 5 personnes ça me fatigue un peu merci,info_consommation_moyenne
ça m aied pas du tout,fallback
je veux avoir l eau dans mon quartier,zone_couverture
je veux mettre à jour mon abonnement,modification_abonnement
je suis un peu perdu par rapport à tout ça franchement comment gérer l eau par rapport à mon abonnement actuel ça me fatigue un peu,conseil_consommation
bonsoir je vous contacte parce que j ai une préoccupation franchement il y a un problème sur ma facture là par rapport à mon abonnement actuel ça me fatigue un peu je compte sur vous,info_tarif
bonjour je voudrais comprendre les différentes étapes pour faire un branchement d eau dans une maison,demande_branchement
y a l eau chez nous avec la tde pour mon habitation principale pourquoi,info_generale_tde
je veu resilier mon abonnement pour mon habitation principale pourquoi veuillez m aider s il vous plaît,resiliation
salut je voulais me renseigner sur quelque chose franchement quantite o par mois dans mon coin ici ça me fatigue un peu s il vous plaît,info_consommation_moyenne
je veux un contact direct avec la tde,info_generale_tde
je suis vraiment fatigué de cette situation franchement pièces pour arrêter le contrat où l eau est un peu sale ça me fatigue un peu merci d avance,documents_branchement
je veux économiser l eau chez moi au niveau des robinets chez moi pourquoi,conseil_consommation
comment procéder pr éractiver un abonnement deau pourquoi s il vous plaît,info_reabonnement
optimiser l eau pour une famille de 5 personnes,conseil_consommation
modifier les informations de mon abonnement pourquoi je compte sur vous,modification_abonnement
chef y a un problèem ici chez nous franchement erreur de facturation ça dure depuis un bon moment ça me fatigue un peu,reclamation_facture
je peux vous appeler comment,contact_service_client
bonjour excusez moi de vous déranger mais j ai une question est ce que vous pouvez m expliquer donnez moi une estimation de facture chez la société togolaise des eaux au niveau des robinets chez moi svp,info_tarif
ça ne coule pas pour une faimlle de 5 personnes pourquoi merci,signaler_coupure
c est important pr moi d avoir une solution est ce que vous puovez m expliquer vous êtes présents dans mon quartier je reviens au pays récemment je vous remercie,zone_couverture
franchement je veux savoir qunad je peux venir à vos bureaux,horaire_agence
on souffre un peu ici j aimerais comprendre est ce que vous pouvez m expliquer arrêtez mon abonnement là au niveau de l installation d eau je compte sur vous,resiliation
salut l eau sort à peine du robinet pouvez vous m aider chez moi à adidogomé depuis ce matin pourquoi,signaler_basse_pression
demander un papier officiel,demande_document
je veu brancher leau chez moi chez moi avec ma famille pourquoi s il vous lpaît,demande_branchement
bonsoir je vs cotnacte parce que j ai une préoccupation franchement je voudrais savoir où en est ma demande de brancheemnt je reviens au pays récemment ça me fatigue un peu veuillez m aider s il vous plaît,suivi_demande_branchement
ça fait plusieurs jours que j ai un problème eske que vous pouvez m expliquer ma zone est elle éligible dans mon foyer merci,zone_couverture
arrêter mon contrat d eau à lomé pour mon habitation principale pourquoi aidez moi svp,resiliation
quels documents fournissez vous où l eau est un peu sale pourquoi svp j ai besoin d aide,documents_branchement
bonsoir je vous contacte parce que j ai une préoccupation est ce que vous pouvez m expliquer je peux fiare quoi pour l eau pour mon habitation principale je compte sur vous,conseil_consommation
liste des documents que je peux obtenir chez moi à adidogomé,documents_branchement
on demande quoi pour réactiver l eau,documents_reabonnement
si j utilise l eau normalement combine je vais payer,simulation_facture
c est important pr moi d avoir une solution eske que vous pouvez m expliquer comment consommer moins d eau où l eau est un peu sale svp,signaler_eau_sale
bonjour svp je voudrais comprendre comment se passe le branchement d eau pour une maison afin de mieux me préparer merci,demande_branchement
bosnoir je vous contacte parce que j ai une préoccupation frnachement l eau sort du sol là bas chez nous dans le quartier ça me fatigue un peu je vous remercie,zone_couverture
optimiser utilisation deau,conseil_consommation
ça devinet compliqué pr moi en ce moemnt franchement l eau là ça peut me coûter combien par mois dans mon coin ici ça me fatigue un peu je compte sur vous,info_tarif
j ai vraiment besoin d une réponse rapide es tce que vous pouvez m expliquer franchement j ai besoin d aide mais je préfère parler à un agent directement comment vous contacter ça fait plusieurs jours maintenant aidez moi svp,contact_service_client
s il vous plaît c est assez urgent dans mon cas franchement je veux comprendre pourquoi ma facture est élevée chez nous dans le quartier ça me fatigue un peu aidez moi svp,reclamation_facture
ça ne coule pas correctement,signaler_basse_pression
je vous écris pour avoir des informations précises est ce que vous pouvez m expliquer comment joindre la tde dans mon foyer,info_generale_tde
je ne comprends pas cette factrue là,reclamation_facture
comment avoir ma facture d eau,info_tarif
franchement ça commence à m inquiéter est ce que vous pouvez m expliquer documents nécessaires pour un branchement à la société togolaise des eaux dans ma zone de résidence pardon pour le dérangement,demande_branchement
comment faire une demande de branchement à la tde je veux commencer,info_generale_tde
horaires agence tde,info_generale_tde
salut je veux juste savoir à quel niveau se trouve ma demande de branchement actuellement,demande_branchement
je fais comment pour remettre l eau,info_reabonnement
grand j ai un souci avec ça là franchement zone couverte à adidogomé sur mon branchement actuel ça me fatigue un peu je vous remercie,demande_branchement
s il vous plaît pouvez vous m aider à comprendre franchement consommation moyenne eau par mois où on a souvent des coupures ça me fatigue un peu merci hein,signaler_coupure
salut je voulais me renseigner sur quelque chose franchement eske que la tde couvre mon quartier je reviens au pays récemmnet ça me fatigue un peu veuillez m aider s il vous plaît,info_generale_tde
procédure de réabonnement où on a souvent des coupures pourquoi merci hein,info_branchement
franchement ça commence à m inquiéter franchement il y a de l eau qui s échappe là où je suis actuellement ça me fatigue un peu,signaler_fuite
ma zone est elle couverte par la scoiété togolaise des eaux,zone_couverture
je vous écris pour avoir des informations précises est ce que vous pouvez m expliquer document disponible a la tde svp,info_generale_tde
franchement ça ocmmence à m inquiéter est ce que vous pouvez m expliquer comment faire pour m abonner à l eau chez nous dans le quartier s il vous plaît,zone_couverture
,zone_couverture
vous êtes où exactement à lomé,contact_service_client
bonjour excusez moi de vous déranger mais j ai une question franchement salut je n ai pas compris ce que vous avez dit depuis ce matin ça me fatigue un peu merci d avance,fallback
je suis vraiment fatigué de cette situation est ce que vs pouvze m expliquer ma facture est trop chère là où je suis actuellement je vous remercie,info_tarif
grand j ai un souci avec ça là franchement ça me fatigue un peu,info_reabonnement
grand j ai un souci avec ça là est ce que vous pouvez m expliquer je n ai pas compris dans ma nouvelle maison s il vous plaît,fallback
je veux mettre le compteur à mon nom là dans mon quartier à lomé depuis quelques jours pourquoi je vous remercie,zone_couverture
je ne comprends pas les montants qu on me demande de payer,info_tarif
quel dossier dois je constituer pour résilier mon contrat on est environ 4 à utiliser l eau pourquoi svp j ai besoin d aide,documents_branchement
je veu avoir leau a domicile,demande_branchement
je dois amener quoi pour couper mon abonnement,documents_resiliation
gestion consommation eau tde où l eau est un peu sale pourquoi pardon pour le dérangement,info_generale_tde
j aimerais bien avoir des explications claires est ce que vs pouvez m expliquer l eau coule lentement à lomé dans la zone où je viens d emménager je vous remercie,zone_couverture
comment on fait pour avoir l eau à la maison,info_branchement
ce n est pas pr un réabonnement je veux juste savoir comment l eau est traitée,documents_reabonnement
quels documents pour un branchement chez moi à adidogomé pourquoi,demande_branchement
tu fais quoi,fallback
salut je voulais me renseigner sur quelque chose franchement franchement avant de faire une demande je veux voir tous les documents disponibles où la pression est très faible ça me fatigue un peu pardon pour le dérangement,documents_branchement
je vous écris pour avoir des informations précises eske que vous pouvez m expliquer pa deau robinet où la pression est très faible merci d avance,signaler_coupure
c est quoi la société togolaise des eaux où on a souvent des coupures pourquoi veuillez m aider s il vous plaît,signaler_coupure
je veux qu on coupe mon eau,resiliation
svp pouvez vous m expliquer les étapes pour réactiver mon abonnement d eau au niveau de mon compteur poruquoi,info_branchement
je suis un peu perdu par rapport à tout ça eske que vous pouvez m expliquer bonsoir je veux passer dans une agence tde pouvez vous me dire où elle se trouve exactement au niveau des robinest chez moi merci hein,info_generale_tde
statut de ma demande de racordement,suivi_demande_branchement
où se trouve votre agence,contact_service_client
bonnes pratiques pour une consommation de au responsable chez moi à adidogomé pourquoi pardon pr le dérangement,conseil_consommation
j ai vraiment besoin d une réponse rapide est ce que vous pouvez m expliquer je veux commencer la porcédure pour avoir l eau au niveau de mon compteur depuis un moment merci d avance,demande_branchement
je souhaite signaler un problème de qualité de l eau dans mon quartier dans un foyer avec plusieurs enfants pourquoi merci beaucoup,zone_couverture
salut je veux connaître la consommation normale d eau chez un foyer récemment j ai commenéc à remarquer ça pourquoi aidez moi svp,info_consommation_moyenne
honnêtement je suis un peu confus est ce que vous pouvez m expliquer comment joindre la tde chez moi même ici merci hein,info_generale_tde
piece pour remetre leau,documents_reabonnement
je ne comprends pas trop ce qui se passe chez moi franchement je voudrais me déplacer dans votre agence pour un renseignement pouvez vous me dire l adresse chez moi où la pression est très faible depuis plusieurs jorus ça me fatigue un peu je compte sur vous,contact_service_client
je veux suivre mon branchement,demande_branchement
je ne comprends pas trop ce qui se passe chez moi franchement je veux comprendre comment vous ditsribuez l eau sans focrément contacter quelqu un au niveau de l installation d eau ça me fatigue un peu je compte sur vous,contact_service_client
comment se réabonner à la tde au niveau des robinets chez moi pourquoi veuillez m aider s il vous plaît,info_generale_tde
comment réduire ma consommation d eau,conseil_consommation
franchement je ne cmoprends pas comment ça fnoctionne franchement eau sale dans mon foyer au niveau des robients chez moi ça me fatigue un peu merci hein,signaler_eau_sale
donnez moi la liste des documents pour un branchement ça fait plusieurs jours maintenant pourquoi je compte sur vous,demande_branchement
on demande quoi pr résilier dans mon quartier à lomé pourquoi svp,resiliation
il n y a pas d eau,signaler_coupure
moyenne eau tde,info_generale_tde
honnêtement je suis un peu confus set ce que vs pouvez m expliquer hein koi sur toute l insatllation dans la maison merci hein,fallback
mettre un abonnement à mon nom dans mon quartier à lomé depuis quelques jours pourquoi merci d avance,zone_couverture
je suis vraiment fatigué de cette situation est ce que vous pouvez m expliquer je veux joindre un agent pas avoir des explications sur mon branchement atcuel je vous remercie,demande_branchement
je ne veux plus de l eau là chez moi,resiliation
je veux faire le nécessaire pour avoir l eau on est environ 4 à utiliser l eau pourquoi,demande_branchement
,info_tarif
ça fait plusieurs jours que j ai un problème franchement ça ne répond pas à ma questino dans ma concession ça me fatigue un peu pardon pour le dérangement,fallback
obtenir un document pour mon foyre depuis hier soir pourquoi merci,demande_document
conseils pour une gestion efficace de l eau,conseil_consommation
ma zone est elle éligible,zone_couverture
svp aidez moi à savoir qunad vs êtes ouverts,horaire_agence
je dois préparer quoi comme dossier,documents_branchement
ça fait plusieurs jours que j ai un prbolème est ce que vous pouvez m expliquer leau pa propre chez moi où la pression est très faible depuis plusieurs jours pardon pour le dérangement,signaler_eau_sale
l eau coule lentement,signaler_basse_pression
deupis hier j ai un souci chez moi franchement est ce qu il y a de l eau dans ma zone depuis quelques jours déjà ça me fatigue un peu,zone_couverture
bonjour excusez moi de vous déranger mais j ai une question eske que vs pouvez m expliquer bonjour je voudrais savoir combien coûte l eau dans mon quartier parce que je trouve que les montants sont un peu élevés merci pour ma maisno veuillez ma ider s il vous plaît,info_tarif
est ce que vous pouvez m expliquer bjr je comprends pas votre réponse pouvez vous expliquer encore depuis hier soir merci beaucoup,fallback
s il vous plaît pouvez vous m aider à comprendre est ce que vous pouvez m expliqure je voudrais une estimation pour une famille omyenne chez moi dans ma maison avec ma famille depuis hier aidez moi svp,simulation_facture
franchement je dois mettre à jour mon abonnement d eau pouvez vous m aidre,modification_abonnement
depuis hier j ai un souci chez moi franchement problème de pression d eau insuffisante dans un foeyr avec plusieurs enfants ça me fatigue un peu merci beaucoup,signaler_basse_pression
je voudrais consulter la liste des documents disponibles avant de faire une demande depuis ce matin pouqruoi aidez moi svp,documents_branchement
c est important pour moi d avoir une solution franchement franchement je suis un peu perdu je veux savoir combien prévoir pour l eau chaque mois dans mon foyer ça me fatigue un peu,simulation_facture
pour arrêter l eau là on demande quels papiers chez moi avec ma famille pourquoi svp,documents_resiliation
ouvrir un contrat d eau potable au niveau de mon secteur ici pourquoi pardon pour le dérangement,horaire_agence
quels papiers pour résilier baonnement,resiliation
obtenir une facture dans ma concession pourquoi,info_tarif
je veu resilier mon abonnement ça fait plusieurs jours maintenant pourquoi veuillez m aider s il vs lpaît,resiliation
honnêtement je suis un peu confus franchement franchement il y a beaucoup d eau qui se perd à cause d une fuite près de chez moi dans la zone où j habite actuellement ça me fatigue un peu svp j ai besoin d aide,signaler_fuite
je veux activer un abonnement d eau dans mon logement dans mon coin ici pourquoi svp j ai besoin d aide,demande_abonnement
quantité d eau pour une famille de 5 personnes dans ma concession pourquoi je vous remercie,info_consommation_moyenne
conosmation o normale où l eau ne coule presque pas pourquoi veuillez m aider s il vous plaît,info_consommation_moyenne
bonsoir je vous contacte parce que j ai une préoccupation est ce que vous pouvez m expliquer la tde c est bien la société togolaise des eaux non je compte sur vous,info_generale_tde
bonsoir je vous contacte parce que j ai une préoccupation est ce que vous pouvez m expliquer je voudrais avoir les détails sur les pièces justificatives demandées pour un branchement d eau pour ma maison pardon pour le dérangement,demande_branchement
franchement j ai besoin d aide mais je préfère parler à un agent directement comment vous contacter,contact_service_client
bonjour j aurais besoin d un renseignement s il vous plaît franchement ce n est pas pour un réabonnement je veux juste savoir comment l aeu est traitée dans ma concession ça me fatigue un peu je vs remercie,documents_reabonnement
salut je voulais me renseigner sur quelque chose est ce que vous pouvez m expliquer je veux comprendre pourquoi ma facture est éleveé par rapport à mon abonnement actuel pardon pour le dérangement,info_tarif
franchement je ne veux plus continuer avec cet abonnement d eau,resiliation
franchement je ne comprends pas comment ça fonctionne franchement je n ai plus d eau avec la tde dans la zone où je viens d emménager ça me fatigue un peu merci hein,info_generale_tde
,simulation_facture
j ai vraiment besoin d une réponse rapide franchement à quelle heure je peux passer chez moi même ici ça me fatigue un peu aidez moi svp,horaire_agence
j aimerasi bien avoir des explications claires franchement vous faites comment pr envoyer l eau dans les maisons là où je suis actuellement ça me fatigue un peu veuillez m aider s il vous plaît,info_generale_tde
s il vous plaît c est assez urgent dans mon cas franchement consommation moyenne d une famille pour une famille de 5 perosnnes ça me fatigue un peu je vous remercie,info_consommation_moyenne
franchement aidez moi à mettre l eau chez moi dans la zone où j habite actuellement ça me fatigue un peu svp j ai besoin d aide,zone_couverture
bonsoir je vs contacte prace que j ai une préoccupation ets ce que vous pouvez m expliquer étapes pour remettre l eau on est environ 4 à utiliser l eau merci,info_branchement
franchement ça commence à m inquiéter est ce que vous pouvez me xpliquer franchement je suis un peu perdu je veux savoir combien prévoir pour l eau chaque mois dans mon foyer ça dure depuis un bon moment svp,simulation_facture
astuces eau proposées par la tde au niveau de mon compteur deupis un moment pourquoi svp,info_generale_tde
je souhaite un raccordement à la sociéét togolaise des eaux,demande_branchement
modifier les infos du compteur,modification_abonnement
expliquez moi les frais sur ma consommation d eau,info_tarif
on souffre un peu ici j aimerais comprendre est ce que vous pouvez m expliquer je veu avoir leau a domicile dans ma nouvelle maison svp,demande_branchement
c est kwa le traitement de l eau à la tde dans ma zone de résidence pourquoi veuillez m aider s il vs plaît,info_generale_tde
avoir un justificatif pour ma maison pourquoi svp,demande_document
mettre le compteur à mon nom à adidogomé dans mon quartier à lomé pourquoi merci,zone_couverture
je veux savoir où se trouve votre bureau à lomé,contact_service_client
combien coute leau,info_tarif
je ne comprends pas trop ce qui se passe chez moi franchement vous êtes où exactement à lomé edpuis quelques jours déjà ça me fatigue un peu je compte sur vs,contact_service_client
comment vous assurez l approvisionnement en eau potable sur toute l installation dans la maison pourquoi merci beaucoup,info_generale_tde
comment avoir ma facture d eau à lomé,info_tarif
salut je voulais me renseigner sur quelque chose franchement bonsoir je souhaite avoir la liste des documents administratifs disponibles à la tde pr ma maison ça me fatigue un peu merci,documents_generaux
est ce que vous pouvez m expliquer vous ouvrez kel heure on est environ 4 à utiliser le au,horaire_agence
changement de titulaire du compteur à la société togolaise des eaux dans mon quartier à lomé pourquoi merci hein,zone_couverture
zones desservies par la société togolaise des eaux par rapport à mon abonnement actuel pourquoi,zone_couverture
j ai vraiemnt besoin d une réponse rapide franchement je voudrais savoir les tarifs appliqués chez moi à adidogomé dans notre quarteir ici à tokoin ça me fatigue un peu merci beaucoup,info_tarif
bonjuor je comprends pas votre réponse pouvez vous expliquer encroe où la pression est très faible pouqruoi svp,fallback
depuis hier j ai un souci chez moi est ce que vs pouvez m expliquer à quelle heure je peux pasesr dans la maison que je viens de luoer veuillez m aider s il vous plaît,horaire_agence
quels papiers fournir à la tde pour avoir l eau,info_generale_tde
modifier les informations de mon abonnement,modification_abonnement
bonsoir je vous contacte parce que j ai une préoccupation franchement comment on peut réduire l eau sur toute l installation dans la maison ça me fatigue un peu,conseil_consommation
je veu resilier mon abonnement,resiliation
je suis vraiment fatigué de cette situation est ce que vous pouvez m expliquer quels documents sont exigés pour une résiliation d eau sur mon branchement acutel s il vous plaît,demande_branchement
quelles sont les pièces justificatives pour une résiliation d abonnement par rapport à mon abonnement actuel pourquoi,documents_branchement
dpeuis hier j ai un souci chez moi est ce que vous pouvze m expliquer bonjour je voudrais connaître les horaires d ouverture de votre agence chez nous dans le quartier aidez moi svp,zone_couverture
ça fait plusieurs jousr que j ai un problème franchement je suis un peu confus pouvez vous m expliquer claireemnt votre mission ça fait plusieurs jours maintenant ça me fatigue un peu,info_generale_tde
ça fait plusieurs jours que j ai un problème est ce que vs pouvez m expliquer comment se passe le branchement d eau chez moi à adidogomé pour une famille de 5 personnes aidez moi svp,demande_branchement
franchement ça devient compliqué sans eau je veux savoir quels papiers il faut pour remettre l eau,documents_reabonnement
chez nous dans le quartier pourquoi aidez moi svp,zone_couverture
je veux connecter ma maison à l eau au niveau de mon compteur depuis un moment pourquoi je compte sur vous,demande_branchement
ça fait plusieurs jours que j ai un problème franchement je veux connaître toutes les étapes nécessaires pour avoir l eau chez moi je suis nouveau dans cette zone ça me fatigue un peu,info_branchement
pièces pour arrêter le contrat,documents_branchement
je suis vraiment fatigué de cette situation est ce que vous pouvez m expliquer c est possible d avoir l eau chez moi même ici je compte sur vs,eligibilite_branchement
la société d eau là au togo vous faites quoi xeactement dans notre quartier ici à tokoin pourquoi,zone_couverture
je veux voir la liste de tous les documents disponibles,documents_branchement
comment faire pour entrer en contact avec vs je viens d emménager ici pourquoi,contact_service_client
quelles sont les étapes pour avoir l eau dans mon quartier au niveau de mon secteur ici pourquoi pardon pour le dérangement,info_branchement
comment faire pour remettre mon eau en service dans ma nouvelle maison pourquoi,info_reabonnement
je suis un peu perdu par rapport à tout ça est ce que vous pouvze m expliquer donnez moi votre numréo là je suis nouveau dans cette zone merci hein,zone_couverture
s il vous plaît c est assez urgent dans mon cas est ce que vous pouvez m expliquer je peux venir quand dans mon quartier à lomé depuis quelques jours merci,zone_couverture
bonsoir je vous contacte parce que j ai une préoccupation est ce que vs pouvez m expliquer comment réduire ma consomamtion d eau dpeuis hier soir merci hein,conseil_consommation
j ai vraiment besoin d une réponse rapide est ce que vous pouvez m expliquer l eau est sale nous sommes une grande famille ici veuillez m aider s il vous plaît,signaler_eau_sale
je peux avoir un justificatif,demande_document
franchement canalisation cassée à la société togolaise des eaux au niveau de mon compteur ça me fatigue un peu merci,signaler_fuite
bonjour j aurias besoin d un renseignement s il vous plaît franchement ouvrir un abonnement d eau nous sommes une grande famille ici ça me fatigue un peu je vous remercie,horaire_agence
franchement documents nécessaires pour un branchement à la société togolaise des eaux sur toute l installation dans la maison ça me fatigue un peu aidez moi svp,demande_branchement
je suis vraiment fatigué de cette situation est ce que vous pouvez m expliquer je veux transférer le compteur à mon nom depuis quelques jours déjà pardon pour le dérangement,modification_abonnement
je veux savoir si je peux avoir le au chez moi,eligibilite_branchement
obtenir une facture dans la maison que je viens de louer pourquoi,info_tarif
grand j ai un souci avec ça là franchement l eau n est pas propre dans la maison que je viens de louer ça me fatgiue un peu merci hein,fallback
ça fait plusieurs jours que j ai un problème franchmeent je veux comprendre la procédure pour une maison depuis ce matin ça me fatigue un peu s il vous plaît,info_branchement
je ne comprends pas trop ce qui se passe chez moi franchement il y a un problème sur ma facture là où l eau est un peu sale ça me fatigue un peu svp j ai besoin d aide,info_tarif
je suis un peu perdu par rapport à tout ça eske que vous pouvez m expliquer il y a de l eau qui s échappe chez nous ici là pardon pour le dérangement,signaler_fuite
franchement je veux comprendre pourquoi ma facture est élevée depuis quelques jours déjà ça me fatigue un peu je compte sur vous,reclamation_facture
je veux comprendre combien ça peut me coûter environ pour l eau dans une famille moyenne,info_tarif
j aimerais bien avoir des explications claires franchement tuyau gâté l eua coule là où je suis actuellement ça me fatigue un peu s il vous plaît,signaler_fuite
à quelle étape se trouve ma demande,suivi_demande_branchement
franchement ça commence à m inquiéter eske que vs pouvez m expliquer le montant de ma facture semble incorrect je reviens au pays récemment je vous remercie,info_tarif
rfanchement ça commence à m inquiéter eske que vous pouvez m expliquer vous ouvrez à quelle heure là où la pression est très faible aidez moi svp,horaire_agence
je veu vous joindre coment dans mon coin ici pourquoi s il vous plaît,contact_service_client
je vous écris pour avoir des informations précises franchement je veu comprendre vos service je reviens au pays récemment ça me ftaigue un peu merci,info_generale_tde
leau coule lenteman chez moi à adidogomé depuis ce matin pourquoi,signaler_basse_pression
quesl papiers pour reprendre l eau dans mon foyer je viens juste de prendre la maison pourquoi,documents_reabonnement
franchement je ne comprends pas comment ça fonctionne franchement je souhaite transférer l abonnement à mon nom car j ai repris la maison ça fait plusieurs jours maintenant ça me fatigue un peu merci beaucoup,modification_abonnement
je n ai plus d eau avec la tde dans la zone où je viens d emménager pourquoi s il vous plaît,info_generale_tde
j ai vraiment besoin d une réponse rapide est ce que vous pouvez m expliquer c est comment on connecte une maison à l eau pour mon habitation prnicipale svp,info_branchement
documents nécessaires pour mettre fin à mon contrat d eau chez nous dans le quartier pourquoi s il vous plaît,documents_branchement
on consomme combien d eau,info_consommation_moyenne
quels papiers dois je donner pour résilier l eau,resiliation
on fait comment pour remettre l eau là où la pression est très faible pourquoi veuillez m aider s il vous plaît,info_reabonnement
je vous écris pour avoir des informations précises franchement documents nécessaires pour avoir l eau chez nous ici là ça me fatigue un peu meric,documents_branchement
s il vous plaît c est assez urgent dans mon cas franchement remettre l eau après coupure je viens d emménager ici ça me fatigue un peu je compte sur vous,signaler_coupure
expliquez moi le service d eau au togo,info_generale_tde
j ai vraiment besoin d une réponse rapide ets ce que vous pouvez m expliquer ma factur est trop eleve chez moi à adidogomé,reclamation_facture
je ne comprends pas le montant qu on m a facturé dans la zone où je viens d emménager pourquoi je vous remercie,zone_couverture
est ce que vous pouvez m expliquer ma demadne pour ma maison est à quel nivaeu au niveau des robinets chez moi veuillez m aider s il vous plaît,suivi_demande_branchement
franchement j ai besoin d un document ofifciel pouvez vous me dire comment faire récemment j ai commencé à remarquer ça pourquoi je vous remercie,demande_document
comment faire pour avoir un branchement d eau,demande_branchement
bonsoir je vs contacte parce que j ai une préoccupation franchement information sur la couverture géographique du réseau d eau récemment j ai commencé à reamrquer ça ça me fatigue un peu svp,zone_couverture
je voudrais savoir pourquoi l eau est de mauvaise qualité chez moi,signaler_eau_sale
bonjour je voudrais avoir une estimation de ma facture d eau pr un foyer moyen afin de mieux prévoir mes dépenses mensuelles,info_tarif
bonjour excusez moi de vs déranger mais j ai une question est ce que vous pouvez m expliquer franchement je veux savoir quand je peux venir à vos bureaux je compte sur vous,horaire_agence
comment puis je joindre un agent de la tde rapidement dans mon foyer pourquoi merci beaucoup,info_generale_tde
s il vous lpaît c est assez urgent dans mon cas franchement je veux savoir l état de mon branchement dans mon quartier pr une famille de 5 personnes ça me fatigue un peu je vs remercie,demande_branchement
on souffre un peu ici j aimerais comprendre franchement de quels documents ai ej besoin pour faire un branchement dans mon foyer ça me fatigue un peu veuillez m aider s il vs plaît,demande_branchement
je ne comprends pas trop ce qui se passe chez moi est ce que vous pouvez m expliquer comment reabonner deau dans la zone où je viens d emménager je compte sur vous,zone_couverture
chef y a un problème ici chez nous franchement non je voulais dire autre chose ça me fatigue un peu,fallback
leau sort faiblement,signaler_basse_pression
picee pour remetre leau pour mon habitation principale pourquoi veuillez m aider s il vous plaît,documents_reabonnement
ma facture ne correspond pas à ma consommation,info_tarif
franchement pression faible dans mon quartier au niveau de l installation d eau ça me fatigue un peu merci,zone_couverture
on souffre un peu ici j aimerais comprendre est ce que vous pouvez m expliquer je dois amener quoi pour que l eau revienne chez moi ça fait plusieurs jours maintenant je compte sur vous,documents_reabonnement
demande de document à la soicété togolaise des eaux dans mon quartier à lomé depuis quelques jours pourquoi merci,demande_document
je souhaite arrêter mon contrat avec la tde,info_generale_tde
franchement ma facture est trop chère je veux comprendre pourquoi,info_tarif
j ai vraiment besoin d une réponse rapide franchement je veux suivre mon dossier de raccordement à lomé par rapport à mon abonnement actuel ça me fatigue un peu aidez moi svp,demande_branchement
c est important pour moi d avoir une solution est ce que vous pouvez m expliquer combien d eau une maison utilise par mois chez moi même ici veuillez m aider s il vs plaît,info_consommation_moyenne
franchement je ne comprends pas comment ça fonctionne est ce que vous pouvez m expliquer comment ça se passe pr reprendre l eau ça dure depuis un bon moment merci,info_reabonnement
à quelle étape se trouve ma demande,suivi_demande_branchement
quels papiers fournir à la tde pr réatciver mon abonnement chez moi même ici pourquoi merci d avance,info_generale_tde
fermer mon compteur à la société togolaise des eaux,resiliation
j aimerais bien avoir des explications claires franchement je peux avoir l eau ici au niveau de mon compteur depuis un moment ça me fatigue un peu svp,eligibilite_branchement
c est important pour moi d avoir une solution franchement fermer mon compteur dans mon quartier on est plusieurs à la maison ça me fatigue un peu merci d avance,zone_couverture
jours de travail de la société togolaise des eaux,horaire_agence
je souhaite connaître la consommation moyenne d eau par ofyer au niveau des robinets chez moi pourquoi merci hein,info_consommation_moyenne
franchement je veux savoir si je peux avoir l eau chez moi avant de faire une demande où l eau est un peu sale pourquoi je vous remercie,signaler_eau_sale
l eau est nettoyée comment avant d arriver chez nous,info_generale_tde
je souhaite mettre fin à mon contrat d eau,resiliation
liste des pièces à fournir pour arrêter mon contrat dans la zone où j habite actuellement pourquoi pardon pour le dérangement,documents_branchement
ça fait plusieurs juors que j ai un problème franchement mettre à jour mon abonnement pour ma maison on est plusieurs à la maison ça me fatigue un peu,modification_abonnement
bonsoir je voulais juste comprendre quelque chose rapidement est ce que vous pouvez m expliquer branchement possible ici chez moi avec ma famille merci d avance,demande_branchement
ça devient compliqué pour moi en ce moment franchement bonjour je souhaite résilier mon abonnement d eau car je ne suis plus sur place chez nous dans le quartier ça me fatigue un peu je compte sur vous,resiliation
je souhaite procéder à la résiliation de mon abonnement d eau dans mon foyer pourquoi merci d avance,documents_resiliation
comment faire pour remettre mon eau en service,info_reabonnement
pour une consommation moyenne combien coûte la facture d eau dans mon quartier à lomé depuis quelques jours pourquoi svp,info_tarif
chef y a un problème ici chez nous est ce que vous pouvez m expliquer vous pouvez m aider à créer un abonnement d eau dans notre quartier ici à tokoin pardon pour le dérangement,zone_couverture
franchement ça commence à m inquiéter est ce que vous pouvez m expliquer ça ne correspond pas dans mon foyer merci baeucoup,reclamation_facture
franchement ça commence à m inquiéter franchement l eau coule lentement chez moi avec ma famille ça me fatigue un peu svp,signaler_basse_pression
bjr svp il n y a pas d eau chez moi depuis ce matin pouvez vous vérifier merci,signaler_coupure
s il vous plaît c est assez urgent dans mon cas est ce que vous pouvez m expliquer on peut prendre quels docuemnts chez vous où l eau ne coule presque pas merci hein,fallback
je veux faire un raccordement pour mon terrain au niveau des robinets chez moi pourquoi,demande_branchement
je veux commencer les démarches pour avoir l aeu,demande_branchement
pouvez vous me dire l état d avancement de mon dossier au niveau des robinets chez moi pourquoi merci d avance,documents_branchement
donnez moi un document officiel,demande_document
j aimerais bien avoir des explications claires franchement procédure de modification d abonnement je viens d emménager ici ça me fatigue un peu svp,info_branchement
vous êtes les responsables de l eau dans tout lomé ou bien depuis quelques jours déjà pourquoi svp,info_generale_tde
simulation de consommation eau,simulation_facture
combien je vais payer pour une famille de 5 personnes dans ma zone de résidence pourquoi veiullez m aider s il vous plaît,zone_couverture
quelles sont les étapes pour raccorder une maison à l eau,info_branchement
problème de facturation dans mon foyer,reclamation_facture
est ce que vous pouvez m expliquer demande de vérification de faisabilité de raccordement dans norte qaurtier ici à tokoin pardon pour le dérangement,demande_branchement
grnad j ai un souci avec ça là eske que vs pouvez m expliquer il y a un problème avec ma facture depuis que je suis rentré à la maison,info_tarif
c est comment on connecte une maison à l eau,info_branchement
je veux résilier mon abonnement à la tde,info_generale_tde
j aimerais bien avoir des explications claires franchement je veux savoir si mon branchement est en cours chez moi à adidogomé ça me ftaigue un peu svp,demande_branchement
mon dossier avance comment,documents_branchement
on souffre un peu ici j aimerais comprnedre est ce que vs pouvez m expliquer le robinet donne peitt édbit nous sommes une grande famille ici svp j ai besoin d aide,signaler_basse_pression
je souhaite mettre fin à mon abonnement d eau,resiliation
je veux mettre à jour mon abonnement sur toute l installation dans la maison pourquoi svp,modification_abonnement
ça devient compliqué pr moi en ce momnet est ce que vs pouvez m expliquer svp pouvez vous me donner des informations sur l état d avancement de mon dossier de raccordement je viens juste de prendre la maison merci hein,demande_branchement
ça devient compliqué pour moi en ce moment est ce que vous pouvez m expliquer les frais d eau sont calculés comment où l eau est un peu sale s il vous plaît,signaler_eau_sale
chef y a un problème ici chez nous franchement est ce que vous avez commencé ma demande au niveau de mon secteur ici ça me fatigue un peu,suivi_demande_branchement
je veux un justificatif pour mon compteur dans mon quartier,demande_document
je voudrais savoir pourquoi l eau ne coule plus chez moi dans mon quartier à lomé depuis quelques jours pourquoi,zone_couverture
je veux savoir comment faire pour avoir l eau à domicile,demande_branchement
ça fait plusieurs jours que j ai un problème franchement svp quelle est la consommation moyenne d eau pr un foyer normal par rapport à mon abonnement actuel ça me fatigue un peu je vous remercie,info_consommation_moyenne
bonsoir je souhaite réactiver mon abonnement pouvez vous m expliquer la procédure dans mon quartier à lomé pourquoi merci d avance,info_branchement
où la pression est très faible pourquoi je vous remercie,info_tarif
,info_reabonnement
moyenne consomation eau,info_consommation_moyenne
donnez moi les documents que vous avez dans un foyer avec plusieurs enfants pourquoi veuillez m aider s il vs plaît,documents_branchement
depuis hier j ai un souci chez moi franchement je capte pas chez moi où la pression est très faible depuis plusieurs jours ça me fatigue un peu veuillez m aider s il vous plaît,fallback
je suis vraiment fatigué de ectte situation franchement mon habitation est elle éligible à la tde chez moi avec ma famille ça me fatigue un peu merci hein,info_generale_tde
je souhaite avoir des informations complètes sur le procesuss de raccordeemnt à l eau dans la zone où je viens d emménager pourquoi,zone_couverture
où se trouve vorte agence,contact_service_client
je suis un peu perdu par rapport à tout ça est ce que vous pouvez m expliquer bonjour je voudrais savior si je peux vaoir un branchement d eau chez moi où on a souvent des coupures merci beaucoup,demande_branchement
est ce que vous pouvez m expliquer liste des document pour branchement dans mon foyer pardon pour le dérangement,demande_branchement
installer compteur chez moi possible,demande_branchement
honnêtement je suis un peu confus est ce que vs pouvez m expliquer coment vous contacter au nvieau de mon secteur ici veuillez m aider s il vous plaît,contact_service_client
l eau ne sort pas du tout,signaler_coupure
grand j ai un souci avec ça là franchement ça n a rien à voir on est plusieurs à la maison ça me fatigue un peu je compte sur vous,fallback
quels documents pour résliier mon abonnement à adidogomé dans la zone où je viens d emménager pourquoi merci beaucoup,documents_branchement
je veux installer l eau via la société togolaise des eaux,demande_branchement
quelles sont les étapes pour avoir l eau dans mon quartier,info_branchement
je vous écris pour avoir des informatoins précises franchement je veux télécharger un document ça dure depuis un bon moment ça me fatigue un peu aprdon pour le dérangement,demande_document
c est quels documents qu il faut pour remettre l eau au niveau de mon compteur pourquoi s il vous plaît,documents_branchement
étapes pr réactiver mon abonenment à la société togolaise des eaux,info_branchement
comment avoir ce docmuent depuis hier soir pourquoi merci beaucoup,demande_document
je veu savoir combien sa va me couté dans ma zone de résidence pourquoi veuillez m aider s il vous plaît,zone_couverture
tu peux m aider sur autre chose par rapport à mon abonnement actuel pourquoi,fallback
ma demande est à quel niveau où l eau ne colue presque pas pourquoi,suivi_demande_branchement
ets ce que vous pouvez m expliquer non je voulais dire autre chose ça fait plusieurs jours maintenant merci beaucoup,fallback
chez moi même ici pourquoi aidez moi svp,documents_branchement
zone couverture tde où l eau ne coule presque pas pourquoi,info_generale_tde
consommation moyenne d eau par personne,info_consommation_moyenne
ma facture est trop chère là ça fait plusieurs jours maintenant pourquoi merci beaucoup,info_tarif
je dois fournir quoi pour avoir l eau,documents_branchement
bonjour excusez moi de vous déranger mais j ai une question franchement salut j ai besoin d eau chez moi maintenant je veux savoir comment faire une demande de raccordement depuis que je suis rentré à la maison ça me fatigue un peu merci beaucoup,demande_branchement
chef y a un problème ici chez nous est ce que vous pouvez m expliquer je veux suivre mon branchement où l eau est un peu sale veuillez m aider s il vous plaît,demande_branchement
chef y a un problème ici chez nous est ce que vous pouvez m expliquer je voudrais recevoir un justificatif de paiement dans mon quartier à lomé depuis quelques jours,demande_document
c est comment ça chez moi à adidogomé depuis ce matin pourquoi veuillez m aider s il vous plaît,fallback
j ai vraiment besoin d une réponse rapide est ce que vs pouvez m expliquer on tuilise combien d eau où l eau est un peu sale aidez moi svp,signaler_eau_sale
comment se passe le branchement d eau chez moi à adidogomé pourquoi merci hein,demande_branchement
bonjour je voudrais savoir combien coûte l eau dans mon quartier parce que je trouve que les montants sont un peu élevés merci au niveau de mon secteur ici pourquoi je compte sur vous,info_tarif
bonjuor j aurais besoin d un renseignement s il vous plaît est ce que vous pouvez m expliquer problème de qualité d eau avec la société togolaise des eaux dans mon coin ici merci hein,fallback
je veux une vraie réponse,fallback
franchement je veux comprendre comment l eau devient potable chez vous pour une famille de 5 personnes pourquoi merci,info_generale_tde
franchement je ne comprends pas comment ça fonctionne franchement comment on peut réduire l eau dans ma maison avec ma famille depuis hier ça me fatigue un peu aidez moi svp,conseil_consommation
je peux avori l eau ici au niveau de l installation d eau pourquoi merci,eligibilite_branchement
je vous écris pour avoir des informations précises eske que vous pouvez m expilquer vérification de l éligibilité au branchement d eau potable chez moi à adidogomé je vs remercie,demande_branchement
on donne quoi pour faire le dossier d eau,documents_branchement
bonjour svp je voudrais connaître tous les documents que vous proposez aux clients merci où l eau est un peu sale pourquoi merci beaucoup,documents_branchement
je dois fiare quoi pour remettre l eau là où je suis actuellement pourquio merci beaucoup,info_reabonnement
je veux qu on coupe mon eau pourquoi je vous remercie,resiliation
l eau est complètement coupée on est plusieurs à la maison pourquoi,signaler_coupure
comment fair pour avori leau chez moi,info_branchement
est ce que vous pouvez m expliquer il y a une erreur sur ma facture sur mon branchement actuel aidez moi svp,reclamation_facture
chef y a un problème ici chez nous est ce que vous pouvez m expliquer l eau sort faiblement au niveau de mon compteur depuis un moment meric hein,fallback
s il vous plaît c est assez urgent dans mon cas est ce que vs pouvez m expliquer vs ouvrez à quelle heure là dans ma nouvelle maison pardon pour le dérangement,horaire_agence
salut je voulais me renseigner sur quelque chose est ce que vous pouvez m expliquer coupez mon abonnement au niveau des robinets chez moi aidez moi svp,resiliation
on souffre un peu ici j aimerais comprendre franchement quelles sont les étapes de traitement de l eau je reviens au pays récememnt ça me fatigue un peu merci hein,info_branchement
je ne comprends pas trop ce qui se passe chez moi franchement quelles sont les étapes pr raccorder une maison à l eau dans mon quartier à lomé ça me fatigue un peu merci,info_branchement
comment avoir ma facutre d eau à lomé,demande_document
je ne comprends pas trop ce qui se passe chez moi franchement la tde a traité ma demande ou pas dans mon coin ici ça me fatigue un peu pardon pour le dérangement,info_generale_tde
bonsoir je vous contacte parce que j ai une préoccupation eske que vs pouvez m expliquer combien coûte l eau pour une utilisation normale chez moi où la pression est très faible depuis plusieurs jours merci beaucoup,info_tarif
svp pouvez vous me donner la liste complète des documents disponibles à la société togolaise des eaux,documents_branchement
je vous écris pour avoir des informations prcéises est ce que vous pouvez m expliquer modifier les informations liées à mon abonnement dans mon foyer aidez moi svp,modification_abonnement
le débit nest pas normal sur mon branchement actuel pourquoi merci hein,demande_branchement
bonjour je voudrais comprendre les différentes étapes pour faire un branchemetn d eua dans une miason là où je suis actuellement pourquoi je compte sur vs,info_branchement
j aimerais bien avoir des explications claires est ce que vous pouvez m expliquer quels docuemnts pour résiliation à la tde dans la zone où je viens d emménager merci beaucoup,info_generale_tde
pouvez vous me dire l état d avancement de mon dossier où on a souvent des coupures pourquoi s il vous plaît,documents_branchement
ça devient compliqué pr moi en ce moment franchement je ne comprends pas ma facture à lomé chez moi même ici ça me fatigue un peu svp,info_tarif
la tde peut esitmer ma facture d eau dans notre quartier ici à tokoin pourquoi je vs remercie,info_tarif
il y a de l eau partout depuis quelques jours déjà pourquoi merci,signaler_fuite
canalisation cassée à lomé chez nous dans le quartier pourquoi,signaler_fuite
optimiser l eau pour une famille de 5 personnes ça fait plusieurs jours maintenant pourquoi,conseil_consommation
l eau a une mauvaise qualité on est pluiseurs à la maison pourquoi,signaler_eau_sale
ça devient compliqué pour moi en ce moment est ce que vs pouvez m expliquer bonsoir je voudaris savoir quelles sont les pièces à ofurnir pour un raccordement à l eau dans ma maison sur mon branchemetn actuel merci hein,demande_branchement
c est comment on connecte une maison à l eau au niveau de mon compteur depuis un moment pourquio s il vs plaît,info_branchement
grand j ai un souci avec ça là franchement je veux télécharger un document où l eau ne coule presque pas ça me fatigue un peu je vous remercie,demande_document
je veux commencer la procédure pour avori l eau,info_branchement
bonsoir je voulais juste comprendre quelque chose rapidement est ce que vs pouvez m expliquer procedure de racordement c est quoi pr mon habitation principale svp,info_branchement
franchement ça commence à m inquiéter est ce que vous pouvez m exlpiquer je veux une simulation de facture à la société togolaise des eaux où l aeu est un peu sale merci beaucoup,info_tarif
je suis un peu perdu par rapport à tout ça est ce que vous pouvez m expliquer facture tro cher dans ma nouvelle maison s il vous plaît,info_tarif
on souffre un peu ici j aimerais comprendre franchement je souhaite savoir qules types de documents je peux obtenir auprès de vos services par rapport à mon abonnement actuel ça me fatigue un peu,documents_branchement
où on a souvent des coupurse pouruqoi,signaler_basse_pression
je veux obtenir un document pour mon abonnement à adidogomé ça dure depuis un bon moment pourquoi s il vous plaît,demande_document
franchement je veux palrer directement à quelqu un sur mon branchement actuel ça me fatigue un peu,demande_branchement
je voudrais apprendre à utiliser l eau de manière plus efficace dans la maison que je viens de louer pourquoi je vous remercie,conseil_consommation
demande de vérification de ma facture d eau où l eau est un peu sale pourquoi merci hein,info_tarif
la moyenne d eau c est combien,info_consommation_moyenne
quelle est la liste des documents administratifs disponibles chez moi où la pression est très faible depuis plusieurs jours pourquoi veuillez m aider s il vous plaît,documents_generaux
comment aovir ma facture d eau pour une famille de 5 pesronnes pourquoi veuillez m aider s il vous plaît,info_tarif
bonjour excusez moi de vous déranger mais j ai une question est ce que vous pouvez m expliquer ma demande est bloquée ou ça avance ça dure depusi un bon moment merci d avance,suivi_demande_branchement
s il vous plaît pouvez vous m aider à comprendre franchement je voudrais savoir comment faire un branchement d eau on est plusieurs à la maison ça me fatigue un peu svp,demande_branchement
s il vous plaît c est assez urgent dans mon cas eske que vous pouvez m expliquer je veux un document dans mon quartier à lomé svp j ai besoin d aide,demande_document
je suis un peu perdu par rapport à tout ça est ce que vous pouvez m expliquer eau trouble,signaler_eau_sale
bonjour j aurais besoin d un renseignement s il vous plaît eske que vs pouvez m expliquer faible pression d eau à adidogomé dans mon foyer s il vs plaît,signaler_basse_pression
je veux mettre l eau sur mon nom là dans mon foyer pourquoi,demande_abonnement
donnez moi une idée du montant à payer,simulation_facture
j ai vraiment besoin d une réponse rapide est ce que vous pouvez m expliquer données sur l utilisation moyenne de l eau chez nous ici là je vous remercie,info_consommation_moyenne
franchement ça commence à m inuqiéter est ce que vous pouvez m expliquer je doi fournir koi pour leau où la pression est très faible veuillez m aider s il vous plaît,documents_branchement
bonsoir je vous contacte parce que j ai une préoccupation franchement svp est ce que ma maison est éligible à un raccordement à l eau je suis nouveau dans cette zone ça me fatigue un peu merci,demande_branchement
donnez moi une estimation de facture chez la société togolaise des eaux dans la zone où je viens d emménager pourquoi aidez omi svp,info_tarif
je vous écris pr avoir des informations précises franchement quels papiers fournir à la tde pour réactiver mon abonnement on est plusieurs à la maison ça me fatigue un peu merci beaucoup,info_generale_tde
comment faire pour ne pas trop utiliser l eau pourquoi je vous remercie,conseil_consommation
je suis un peu perdu par rapport à tout ça est ce que vous pouvez m expliquer une famille consomme combien d eau en moyenne dans ma concession svp j ai besoin d aide,info_consommation_moyenne
bonsoir je vous cnotacte parce que j ai une préoccupation est ce que vs pouvez m expliquer l eau coule très doucement chez nous ici là je vous remercie,signaler_basse_pression
suivre ma demande de branchement dans la maison que je viens de louer pourquoi veuillez m aider s il vous platî,demande_branchement
svp pouvez vous me dire quels papiers sont nécessaires pour constituer un dossier de raccordement à l eau,demande_branchement
plus d eau depuis ce matni pour une famille de 5 personnes pourquoi merci hein,fallback
je comprends rien,fallback
je ne comprends pas le montant qu on m a facturé,reclamation_facture
vous facturez l eau comment exactement,info_tarif
c est quels papiers qu il faut pour le branchement,demande_branchement
j aimerais bien avoir des explications claires est ce que vous pouvez m expliquer je voudrais savoir les tarifs appliqués chez moi à adidogomé dans la maison que je viens de louer,info_tarif
svp pouvez vous ma ider à changer le nom du titulaire du compteur,modification_abonnement
j aimerais bien avoir des explications claires est ce que vous pouvez m expliquer quelles sont les étapes pour avoir l eau avec la tde chez moi avec ma famlile je compte sur vous,info_generale_tde
donnez moi mon document là,demande_document
salut j ai besoin d eau chez moi maintennat je veux savoir comment faire une demande de raccordement je suis nouveau dans cette zone pourquoi merci,demande_branchement
je peux installer un compteur ici récemment j ai commencé à remarquer ça pourquoi,demande_branchement
ça devient compliqéu pour moi en ce moment franchement je n ai pas compris dans ma nouvelle maison ça me fatigue un peu aidez moi svp,fallback
mettre compteur à mon nom,modification_abonnement
fuite d eau chez moi là où je suis actuellement pourquoi merci hein,signaler_fuite
ma zone a de l eau dans la zone où j habite actuellement pourquoi s il vs plaît,zone_couverture
on consomme combien d eau,info_consommation_moyenne
je veux comprendre la tde la société togolaise des eaux exactement depuis ce matin pourquoi merci hein,info_generale_tde
comment procéder pour réactiver un abonnement de au,documents_reabonnement
comment réduire consommation avec la société togolaise des eaux ça fait plusieurs jours maintenant pourquoi merci hein,conseil_consommation
y a pas d eau chez moi là,signaler_coupure
est ce que vous pouvez m expliquer combien d eau on utilise en général dans la zone où j habite actuellement merci beaucoup,zone_couverture
comment ça macrhe pour avoir l eau,info_branchement
franchement je ne comprends pas comment ça fonctionne est ce que vous pouvez m expliquer mettre l abonnement à mon nom pour mon habitation pricnipale je vous remercie,modification_abonnement
je ne comprends pas trop ce qui se passe chez moi franchement coupure d eau à la tde où on a souvent des coupures ça me fatigue un peu svp j ai besoin d aide,info_generale_tde
bonsoir je vous contacte parce que j ai une préoccupation franchement quantité d eau pour une famille de 5 personnes où on a souvent des coupures ça me fatigue un peu,signaler_coupure
plus d eau depuis ce matin,signaler_coupure
je ne comprends pas ma facture à lomé chez nous dans le quartier pourquoi je compte sur vous,info_tarif
est ce que vous pouvez m expliquer comment reabonner deau chez nous ici là emrci hein,fallback
je peux isntaller un compteur ici depuis ce matin pourquoi pardon pour le dérangement,eligibilite_branchement
je suis un peu perdu par rapport à tout ça est ce que vous pouvez m expliquer mon odssier est traité ou pas encore où l eau est un peu sale s il vous plaît,signaler_eau_sale
liste des ipèces pour arrêter mon contrat à lomé,documents_resiliation
svp aidez moi l eau est vraiment sale chez moi,signaler_eau_sale
bonsoir je vous contacte parce que j ai une préoccupation franchement type de document disponible dans un foyer avec plusieurs enfants ça me fatigue un peu merci hein,demande_document
je voudrais avoir accès à un docuemnt concernant mon abonnement d eau là où je suis actuellement pourquoi merci beaucoup,demande_document
où l eau ne coule presque pas pourquoi veuillez m aider s il vs plaît,demande_branchement
je ne veux pas m abonner je veux comprendre comment vous égrez l eau dans mon quartier à lomé pourquoi,zone_couverture
je voudrais fermer mon compteur d eau définitivement,resiliation
c est quoi la consommation normael d eau depuis quelques jours déjà pourquoi veuillez m aider s il vous plaît,info_consommation_moyenne
bonjour j aurais besoin d un renseignement s il vous plaît franchement combien coûte l eau par mois en moyenne depuis ce matin ça me fatigue un peu merci beaucoup,info_tarif
c est important pour moi d avoir une sloution eske que vous pouvez m expliquer je veux passer à votre agence pour un renseignement dans la maison que je viens de loeur merci beaucoup,contact_service_client
grand j ai un socui avec ça là franchement où est située votre agence au niveau de mon compteur ça me fatigue un peu svp j ai besoin d aide,contact_service_client
franchement bonjour svp je voudrais connaître tous les documents que vous proposez aux clients merci dans la amison que je viens de louer ça me fatigue un peu,documents_branchement
bonjour j aurais besoin d un renseignement s il vous plaît est ce que vous pouvez m expliquer où en est le traitement de mon branchement dans mon coin ici,demande_branchement
fuite d eua chez moi,signaler_fuite
franchement ça commence à m inquiéter franchement bonjour svp je voudrais connaître les horaires d ouverture de la tde merci dans ma maison avec ma famille depuis hier ça me fatigeu un peu merci d avance,info_generale_tde
comemnt réactiver mon compteur chez moi je viens juste de prendre la maison pourquoi svp,documents_reabonnement
je suis un peu perdu par rapport à tout ça franchement hein dans ma amison avec ma famille depuis hier ça me fatigue un peu veuillez m aider s il vous plaît,fallback
on souffre un peu ici j aimerais comprendre est ce que vous pouvez m expliquer documents nécessaires pr résilier dans mon quartier où l eau est un peu sale merci hein,documents_branchement
comment remettre l eau chez moi à adidgoomé après coupure,signaler_coupure
honnêtement je suis un peu confus est ce que vous pouvez m expliquer je veux comprendre votre système de distribution d eau au niveau des robinets chez moi aidez moi svp,info_generale_tde
il y a une erreur quelque part je viens d emménager ici pourquoi aidez moi svp,reclamation_facture
c koi les tarif de leau,info_tarif
je veux savoir à peu près combien ça va coûter,info_tarif
ça fait plusieurs jours que j ai un problème franchement svp quelle est la consommation moyenen deau pour un foyer normal dans ma maison avec ma famille depuis hier ça me fatigue un peu aidez moi svp,info_consommation_moyenne
combien coute leau,info_tarif
franchement demande de changement de titulaire du compteur là où je suis actuellement ça me fatigue un peu merci d avance,modification_abonnement
comment procéder pour réactiver un abonnement d eau je suis nouveau dans cette zone pourquoi,documents_reabonnement
je veux gérer mon eau moi même maintenant chez moi à adidogomé depuis ce matin pourquoi aidez moi svp,demande_abonnement
expliquez moi les frais sur ma consommation d eau là où je suis actuellement pourquoi,info_tarif
salut je voulias me renseigner sur quelque chose franchement où l eau ne coule presque pas ça me fatigue un peu,info_branchement
quels documents sont disponibles pour les clients à lomé je suis nouveau dans cette zone pourquoi,documents_branchement
je veux avoir un contrat d eau pour ma maison dans un foyer avec plusieurs enfants pourquoi je vous remercie,demande_abonnement
bonsoir je vous contacte parce que j ai une préoccupation eske que vous pouvez m expliquer au niveau de mon secteur ici s il vous plaît,documents_branchement
est ce que vous pouvez m expliquer tuyau percé je suis nouveau dans cette zone je vous remercie,zone_couverture
je dois préparer quoi pour que l eau revienne,documents_reabonnement
je ne veux pas des informations générales je veux un numéro pour vous appeler au niveau des robinets chez moi pourquoi,contact_service_client
je dois préparer quoi pour arrêter le contrat,documents_resiliation
coment vous contacter,contact_service_client
est ce que vous pouvez mexpliquer expliquez moi la procédure de branchement dans ontre quartier ici à tokoin merci beaucoup,demande_branchement
j aimerais bien avoir des explications claires franchement comment vous contacter pour mon habitation principale ça me fatigue un peu je vous remercie,contact_service_client
bonjour excusez moi de vous déranger mais j ai une question est ce que vous pouvez m expliquer optimiser utilisation deau pour ma maison merci,conseil_consommation
je veux faire un raccordement pour mon terrain,demande_branchement
c est important pour moi d avoir une solution franchement vous ouvrez à quelle heure là depuis ce maitn ça me fatigue un peu merci hein,horaire_agence
comment remettre l eau avec la tde,info_generale_tde
je suis un peu perdu par rapport à tout ça franchement au niveau de l installation d eau ça me fatigue un peu merci,modification_abonnement
pr ma maison pourquoi merci d avance,documents_resiliation
je vous écris pour avoir des informations précises franchement quels sont les documents éncessaires pour un branchement d eau on est environ 4 à utiliser l eau ça me fatigue un peu je compte sur vs,demande_branchement
comment fair pour avoir leau chez moi,info_branchement
franchement ça commence à m inquiéter franchement liset des pièces à fournir pour ma maison à lomé où on a souvent des coupures ça me fatigue un peu aidez moi svp,documents_branchement
comment fonctionne la facturation de l eau,info_tarif
depuis hier j ai un souci chez moi est ce que vous pouvez m expliquer comemnt avoir ce document dans mon quartier à lomé depuis quelques jours,demande_document
est ce que vous pouvez m expliquer je peux faire quoi pour l eau où l eau ne coule presque pas merci hein,fallback
depuis hier j ai un souci chez moi eske que vous pouvez m expliquer je veux prévoir ma facture selon ma consommation récemment j ai commencé à remarquer ça aidez moi svp,info_tarif
quels documents pour un branchement chez moi à adidogomé dans ma zone de résidence pourquoi je compte sur vous,demande_branchement
je suis un peu perdu par rapport à tout ça est ce que vous pouvez m expliuqer comment se passe le branchement on est plusieurs à la amison pardon pour le dérangement,demande_branchement
svp aidez moi à mieux gréer mon utilisation d eau chez moi même ici pourquoi je compte sur vous,conseil_consommation
documents nécessaires pr rouvrir mon abonnement chez nous ici là pourquoi svp j ai besoin d aide,documents_branchement
quels papiers pour arrêter l eau dans ma maison,documents_resiliation
c est important pour moi d avoir une solution franchement vous êtes où exactement à lomé ça fait plusieurs ojurs maintenant ça me ftaigue un peu je vous remercie,contact_service_client
c quoi la tde exactement,info_generale_tde
ma facture n est pas normale là où je suis actuellement pourqoui,info_tarif
franchement l eau ne sort pas bien dans ma concession ça me fatigue un peu,signaler_basse_pression
je voudrais entamer une procédure pour avoir l eau à domicile dans mon foyer ça fait plusieurs jours maintenant pourquoi veuillez m aider s il vous plaît,info_branchement
depuis hier j ai un souci chez moi franchement bonjour je voudrais avoir une estimation de ma facture d eau pour un foyer moyen afin de mieux prévoir mes dépenses mensuelles dans un foyer avec plusieurs enfants ça me fatigue un peu svp j ai besoin d aide,info_tarif
bonsoir je voulais juste comprendre quelqeu chose rapidement franchement absence d eau dans mon quartier dans la maison que je viens de louer ça me fatigue un peu merci hein,zone_couverture
je capte pas,fallback
liste des pièces demadnées par la société togolaise des eaux pour remettre l eau,documents_branchement
je suis vraiment fatigué de cette situation franchement je veux un branchement d eau chez moi à adidogomé dans ma zone de résidence ça me fatigue un peu je compte sur vous,demande_branchement
ça devient compliqué pour moi en ce moment estc e que vous pouvez m expliquer au niveau de mon sceteur ici merci,eligibilite_branchement
frnachement pression insuffisante dans notre quartier ici à tokoin ça me fatigue un peu svp j ai besoin d aide,zone_couverture
franchement ça commence à m inquiéter franchement je compren pa ma facture chez nous dans le quartier ça me fatigue un peu je compte sur vous,info_tarif
bonjour excusez moi de vous déranger mais j ai une question franchement je veux un justificatif de mon eau dans mon quartier à lomé depuis quelques jours ça me fatigue un peu merci beaucoup,demande_document
depuis hier j ai un souci chez moi franchement ma demande de branchement est rendue où depuis quelques jours déjà ça me fatigue un peu aidez mio svp,demande_branchement
leau fuit partout,signaler_fuite
francheemnt comment avoir ma facture d eau à lomé depuis hier soir ça me fatigue un peu s il vous plaît,info_tarif
bonjour svp je voudrais connaître les horaires d ouverture de la tde merci dans la maison que je viens de louer pourquoi,info_generale_tde
pas ça sur toute l installation dans la maison pourquoi svp j ai besoin d aide,fallback
bonsoir je vous contacte parce que j ai une préoccupatoin eske que vous pouvez m expliquer comment joindre la tde on est environ 4 à utiliser l eau svp,info_generale_tde
je suis un peu perdu par rapport à tout ça franchement je veux comprendre la tarification de l eau on est plusieurs à la maison ça me faitgue un peu svp,info_tarif
ça devient compliqué pour moi en ce moment est ce que vous pouvez m expliquer svp quelle est la consommation moyenne d eau pour un foyer normal je viens juste de prendre la maison,info_consommation_moyenne
salut je voulais me renseigner sur queqlue chose franchement aidez moi je veux préovir combien je vais payer ça me fatigue un peu veuillez m aider s il vous plaît,simulation_facture
je voudrais savoir si la tde couvre ma zone d habitation chez nous ici là pourquoi svp,info_generale_tde
francheemnt je ne comprends pas comment ça fonctionne franchement je n ai plus d eau avec la tde chez nous dans le quartier ça me fatigue un peu svp,info_generale_tde
liste des pièces demandées par la société togolaise des eaux pr remettre l eau,documents_branchement
j ai vraiment besoin d une réponse rapide est ce que vous pouvez m expliquer bonjour je voudrais comprendre les différentes étapes pour faire un branchement d eau dans une maison dans un foyer avec plusieurs enfants,demande_branchement
information sur la couverture géographique du réseau d eau,zone_couverture
kan ouvrir tde,info_generale_tde
svp donnez mio un numéro pour contacter le service client dans un foyer avec plusieurs enfants pourquoi s il vous plaît,contact_service_client
grand j ai un souci avec ça là est ce que vous pouvez m expliquer chez moi où la pression est très faible depuis plusieurs jousr merci,reclamation_facture
bonjour excusez moi de vous déranger mais j ai une question franchement mettre un abonnement à mon nom dans mon quartier à lomé ça me fatigue un peu merci,zone_couverture
demande de document à la société togolaise des eaux depuis que je suis rentré à la maison pourquoi pardon pour le dérangement,demande_document
je veux comprendre comment on obtient l eau à domicile on est plusieurs à la maison pourquoi s il vous plaît,info_branchement
vous êtes où exactement à lomé je suis nouveau dans cette zone pourquoi,zone_couverture
c est combien l eau ici à lomé au niveau des robinets chez moi pourquoi je compte sur vs,info_tarif
s il vous plaît opuvez vous m aider à comprendre franchement dans mon coin ici ça me ftaigue un peu merci d avance,reclamation_facture
salut je veux juste comprendre les étapes pour avoir l eau chez moi avant de afire une demande pour une faimlle de 5 personnes pourquoi merci beaucoup,info_branchement
s il vous plaît c est assez urgent dans mon cas est ce que vous pouvez m expliquer je veux comprendre la procédure pour une maison chez moi avec ma famille pradon pour le dérangement,info_branchement
je dois préparer quoi pour que l eau revienne dans la zone où j habite actuellement pourquoi je vous rmeercie,zone_couverture
l eau met du temps à sortir,signaler_basse_pression
comment rouvrir mon abonnement d eau,horaire_agence
l eau est bizarre nous sommes une gradne famille ici pourquoi svp,signaler_eau_sale
franchement j ai besoin d eau chez moi je veux savoir comment faire la demande de branchement pourquoi merci,demande_branchement
bonsoir je voulais juste comprendre quelque chose rapidement franchement c est possible d avoir l eau sur toute l installation dans la maison ça me fatigue un peu s il vous plaît,eligibilite_branchement
mauvaise qualité d eau dans mon quartier ça fait plusieurs jours maintenant pourquoi merci,zone_couverture
documents nécessaires pour résilier pour ma maison pourquoi pardon pour le dérangement,documents_branchement
là où je suis actuellement pourquoi,demande_document
aidez moi à mettre l eau chez moi dans ma zone de résidence pourquoi veuillez m aider s il vous plaît,zone_couverture
bonjour je voudrais savoir où en est ma demande de branchement que j ai déposée il y a quelques jours où l eau ne coule presque pas pourquoi svp j ai besoin d aide,demande_branchement
bonsoir est ce que vous fournissez de l eau dans mon quartier pour ma maison pourquoi merci,zone_couverture
je veux transférer le copmteur à mon nom chez moi à adidogomé pourquoi veuillez m aider s il vous plaît,modification_abonnement
j ai vraiment besoin d une réponse rapdie franchement il y a un problème avec ma facture où leau ne coule presque pas ça me fatigue un peu merci beaucoup,info_tarif
donnez moi votre numéro là,contact_service_client
ça devient compliqué pour moi en ce moment est ce que vous pouvez m expliquer ça ne coule plus du tout depuis que je suis rentré à la maison svp j ai besoin d aide,signaler_coupure
bonjour je voudrais savoir comment faire pour rmeettre l eau en service après une coupure,signaler_coupure
donnez moi un contact je viens juste de prendre la maison pourquoi je vous remercie,contact_service_client
on donne quoi pour faire le dossier d eau,documents_branchement
ça fait plusieurs jours que j ai un problème est ce que vous pouvez m expliquer vous êtes dans mon coin dans mon quratier à lomé merci d avance,zone_couverture
j ai vriament besoin d une réponse rapdie franchement à quelle heure je peux passer ça me fatigue un peu merci d avance,horaire_agence
j aimerais bien avoir des explications claires franchement je veux parler directement à quelqu un ça me fatigue un peu s il vous plaît,contact_service_client
je doi fournir koi pour leau depuis ce matin pourquoi aidez moi svp,documents_branchement
l eau est sale chez moi dans ma concession pourquoi svp,signaler_eau_sale
consommation moyenne o par mois ça fait plusieurs jours maintenant pourquoi,info_consommation_moyenne
chef y a un problème ici chez nous franchement signalement de fuite à la société togolaise des eaux au niveau des robinets chez moi ça me fatigue un peu svp j ai besoin d aide,signaler_fuite
franchement ça commence à m inquiéter franchement vous pouvez m expliquer votre organisation dans la zone où j habite actuellement ça me fatigue un peu,zone_couverture
est ec que vous pouvez m expliquer bonsoir je souhaite avoir des informations détaillées sur la procédure de raccordement à l eau potable dans ma nouvelle maison s il vous plîat,demande_branchement
je suis vraiment fatigué de cette situation franchement c est comment ça on est environ 4 à utiliser l eau ça me fatigue un peu je vous remercie,fallback
tu fais quoi,fallback
c est quels documents qu il faut pour remettre l eau,documents_branchement
consommer moins d eau dans mon foyer,conseil_consommation
y a t il de le au dans ma zone,zone_couverture
j ai vraiment besoin d une réponse rapide franchement pour ma maison ça me fatigue un peu merci hein,fallback
je vs écris pour avoir des informtaions précises franchement vs avez qules documents chez moi à adidogomé ça me fatigue un peu,documents_branchement
honnêtement je suis un peu confus franhcement fuite eau rue dans ma concession ça me fatigue un peu merci,signaler_fuite
je veux récupéerr mon documnet chez vous où la pression est très faible pourquoi,demande_document
bonsoir je vs contacte parce que j ai une préoccupation est ce que vous puovez m expliquer documents nécessaires pr résilier dans ma maison avec ma famille depuis hier,documents_branchement
je suis un peu perdu par rapport à tout ça franchement changer titulaire compteur je suis nouveau dans cette zone ça me fatigue un peu je compte sur vous,zone_couverture
bonjour j aurais besoin d un renseignement s il vous plaît est ce que vous pouvez m expliquer je peux installer le au dans mon quartier à lomé veuillez m aider s il vous plaît,demande_branchement
une famille utilise combien d eau,info_consommation_moyenne
peut on installer un compteur ici dans la zone où j habite actuellement pourquoi merci beaucoup,demande_branchement
honnêtement je suis un peu confus franchement coment faire un abonement tde dans mon coin ici ça me ftaigue un peu s il vous plaît,info_generale_tde
plu deau depuis matin,signaler_coupure
franchement je ne comprends pas comment ça fonctionne franchement je veux savoir combien je vais apyer pour l eau chez moi avec ma famille ça me fatigue un peu svp,info_tarif
on m a parlé de la tde mais j aimerais comprendre concrètement vos missions pour une famille de 5 personnes pourquoi,info_generale_tde
donnez moi les documents que vous avez,documents_branchement
franchement ça commence à m inquiéter est ce que vous pouvez m expliquer eau trouble à lomé sur mon branchement atcuel,demande_branchement
bonsoir à quelle heure est ce que vous ouvrez vos bureaux,horaire_agence
liste complète des documents pour résiliation dans ma nouvelle maison pourquoi,documents_branchement
je ne comprends pas trop ce qui se passe chez moi franchement je veux avoir l eau chez moi comment faire je suis nouveau dans cette zone ça me fatigue un peu pardon pr le dérangement,zone_couverture
bonsoir je voulais juste comprendre quelque chose rapidement franchement non je voulais dire autre chose pr mon habitation principale ça me fatigue un peu svp j ai besoin d aide,fallback
horaires agence tde pourquoi veuillez m aider s il vous plaît,info_generale_tde
je veux un compteur pour ma maison,demande_branchement
depuis hier j ai un souci chez moi franchement pièces pour arrêter le contrat où l eau est un peu sale ça me fatigue un peu pardon pour le dérangement,documents_branchement
je veu un branchement deau,demande_branchement
ça devient compliqué pour moi en ce moment est ce que vous pouvez m expliquer je viens juste de prendre la maison svp j ai besoin d aide,documents_reabonnement
je veux une simulation de afcture à la société togolaise des eaux,simulation_facture
j aimerais bien avoir des explications claires est ce que vous pouvez m expliquer quels papiers fournir à la tde pour arrêter mon contrat chez moi même ici s il vous plaît,info_generale_tde
svp donnez moi un numéro pour contacter le service clietn,contact_service_client
comment ça se passe pour installer un compteur d eau où l eau ne couel presque pas pourquoi veuillez m aider s il vous plaît,demande_branchement
je suis prêt à faire la demande de branchement,demande_branchement
eau trouble signalée dans ma zone,signaler_eau_sale
s il vs plaît pouvez vous m aider à comprendre franchement franchement ça devient compliqué sans eau je veux savoir quels papiers il faut pour remettre l eau chez moi à adidogomé ça me fatigue un peu je compte sur vous,documents_reabonnement
quelles sont les pièces justificatives pour un réabonnement dans ma nouvelle maison pourquoi,documents_branchement
je ne comprends pas trop ce qui se passe chez moi est ce que vous pouvez m expliquer bonjour svp je voudrais des conseils pour réduire ma consommation d eau merci au niveau des robinets chez moi svp,conseil_consommation
c est combien en général là où je suis actuellement pourquoi veuillez m aider s il vs platî,info_consommation_moyenne
depuis hier j ai un souci chez moi franchement combien coûte l eau par mois en moyenne au niveau de l installation d eau ça me fatigue un peu s il vs plaît,info_tarif
franchement j ai besoin d un dcoument officiel pouvez vous me dire comment faire,demande_document
cmoment on fait pour avoir l eua à la maison,info_branchement
expliquez moi le service d eau au togo,info_generale_tde
s il vs plaît c est assez urgent dans mon cas franchement vous êtes ouverts où l eau est un peu sale ça me fatigue un peu,signaler_eau_sale
document disponible a la tde,info_generale_tde
vs ouvrez à quelle heure là depuis ce matin pourquoi,horaire_agence
bjr svp ma facture d eau est trop élevée pouvez vous vérifier merci sur mon branchement actuel pourquoi svp j ai besoin d aide,reclamation_facture
chef y a un problème ici chez nous est ce que vs pouvez m expliquer quels documents sont disponibels pour les clients à lomé depuis hier soir aidez moi svp,documents_branchement
franchement ça devient compliqué sans eau je veux savoir quels papiers il faut pour remettre l eau dans notre quartier ici à tokoin pourquoi,zone_couverture
horaires de service de la société togolaise des eaux sur tuote l installation dans la maison pourquoi mreci d avance,horaire_agence
où l eau est un peu sale pourquoi pardon pour le dérangement,signaler_eau_sale
s il vous plaît pouvez vous m aider à comprendre est ce que vous pouvez m expliquer quels papiers pour réactiver mon compteur pour une famille de 5 personnes merci beaucoup,documents_reabonnement
je suis vraiment fatigué de cette situation est ce que vous pouvez m expliquer quels papiers il faut déposer pour que l eau revienne on est plusieurs à la maison,documents_reabonnement
canalisation cassée à lomé,signaler_fuite
fuite d eau constatée dans ma zone,signaler_fuite
salut je pense q uil y a une erreur sur ma facture d eau pour ma maison pourquoi je compte sur vous,reclamation_facture
bonsoir je vous contacte parce que j ai une préoccupation franchement statistiques de consommation eau société togolaise des eaux où on a souvent des coupures ça me fatigue un peu je compte sur vs,signaler_coupure
ça fait plusieurs jours que j ai un problème est ce que vous pouevz m expliquer je doi fournir koi pour leau dans mon foyer,documents_branchement
documents disponibles à la tde dans mon foyer pourquoi,info_generale_tde
je vous écris pour avoir des informations précises eske que vs pouvez m expliquer combien d eau une maison utilise par mois chez moi même ici pardon pr le dérangement,info_consommation_moyenne
documents pr résiliation dans la zone où je viens d emménager pourquoi svp,documents_branchement
quand ouvrir dans mon quartier chez nous ici là pourquoi svp,zone_couverture
horaires agence à lomé récemment j ai commencé à remarquer ça pourquoi,horaire_agence
coupure d eau à lomé,signaler_coupure
ma edmande là c est arrivé où je viens juste de prendre la maison pourquoi s il vous plaît,suivi_demande_branchement
où en est le traitement de mon branchement,demande_branchement
ça devient complqiué pour moi en ce moment est ce que vs pouvez m expliquer je veux savoir comment avoir l eau à domicile au niveau de mon compteur pardon pour le dérangement,info_branchement
comment faire pour utiliser moisn d eau,conseil_consommation
franchement je veux tout préparer à l avance dites moi quels papiers sont demandés pour un branchemetn dans ma maison avec ma famille depuis hier pourquoi,documents_branchement
pour brancher l eau là on demande quels papiers depuis quelques jours déjà pourquoi s il vs plaît,documents_branchement
je vous écris pr avoir des informations précises franchement c est quels documents qu il faut pour remettre l eau dans ma concession ça me fatigue un peu pardon pour le dérangement,documents_branchement
bonjour svp je voudrais conanître les horaires d ouverture de la tde merci dans mon coin ici pourquoi aidez moi svp,info_generale_tde
svp aidez moi à savoir si mon habitation est éligible,eligibilite_branchement
ça devient compliqué pour moi en ce moment franchement je veux savoir l état de mon branchement dans mon quartier sur mon branchement actuel ça me fatigue un peu svp j ai besoin d aide,demande_branchement
où la tde fournit de l eau,info_generale_tde
les étapes pour avori l eau dans la zone où je viens d emménager pourquoi je compte sur vs,info_branchement
franchement remettre l eau après coupure au niveau de l installation d eau ça me fatigue un peu merci,signaler_coupure
bonjour j aurais besoin d un renseignement s il vous plaît eske que vous pouvez m expliquer je veux un papier dans la zone où j habite actuellement je vous remercie,zone_couverture
s il vous plaît pouvez vous m aider à comprenrde franchement dossier à constituer chez nous dans le quartier ça me fatigue un peu merci hein,documents_branchement
chef y a un problème ici chez nous est ce que vous pouvez m expliquer vous êtes le fournisseur d eau national c est ça s il vous plaît,info_generale_tde
j aimerais bien avoir des explications claires eske que vous pouvez m expliquer il n y a rien qui sort dans ma maison avec ma famille depuis hier merci,signaler_coupure
franchement je veux comprendre votre système de distribution d eau dans mon quartier à lomé depuis quelques jours ça me fatigue un peu veuillez m aider s il vous plaît,zone_couverture
je souhaite un raccordement à la société togolaise des eaux,demande_branchement
salut je souhaite avoir un justificatif de mon abonnement d eau,demande_document
les étapes pour avoir l eau,info_branchement
le débit n est pas normal,signaler_basse_pression
c est important pr moi d avoir une solution est ce que vs pouvez m expliquer franchement ça devient compliqué sans eau je veux savoir comment faire pour la remettre dans la maison que je viens de louer merci hein,fallback
je vous écris pour avoir des informations précises franchement combien je risque de payer pour ma consommation d eau on est environ 4 à utiliser l eau ça me fatigue un peu je vous remercie,simulation_facture
honnêtement je suis un peu confus franchement quoi dans la zone où je viens d emménager ça me fatigue un peu merci hein,zone_couverture
ça fait plusieurs jours que j ai un problème franchement liste complète des documents à fournir pour un branchement d eau on est environ 4 à uitliser l eau ça me fatigue un peu merci hein,demande_branchement
comment ça depuis hier soir pourquoi je vous remercie,fallback
liste des odcuments administratifs,documents_generaux
ça devient compliqué pour moi en ce moment franchement une famille consomme combien d eau en moyenne on est lpusieurs à la maison ça me fatigue un peu merci d avance,info_consommation_moyenne
je veux savoir si ça avance pourquoi pardon pour le édrangement,suivi_demande_branchement
je suis un peu perdu par rapport à tout ça franchement franchement je veux savoir si je peux avoir l eau chez moi avant de faire une demande dans mon foeyr ça me fatigue un peu,eligibilite_branchement
bonjour j aurais besoin d un renseignement s il vs plaît franchement quels papiers pour reprendre l eau dans mon quartier à lomé depuis quelques jours ça me fatigue un peu je compte sur vous,zone_couverture
ma facture est trop élevée au niveau de l installation d eau pourquoi merci hein,reclamation_facture
grand j ai un souci avec ça là est ce que vous pouvez m expliquer consommation moyenne d eau par personne dans mon coin ici veuillez m aider s il vous plaît,info_consommation_moyenne
recommandations pour réduire l utilisation d eau dans mon foyer pourquoi pardon pour le dérangement,conseil_consommation
s il vous platî c est assez urgent dans mon cas franchement expliquez moi comment fonctionne le raccordement à l eau chez nous ici là ça me fatigue un peu s il vous plaît,demande_branchement
document pour branchement deau depuis que je suis rentré à la maison pourquoi je vous remercie,demande_branchement
je suis vraimnet fatigué de cette situation franchement comment se réabonner à la tde au niveau des robinets chez moi ça me fatigue un peu,info_generale_tde
honnêtement je suis un peu confus franchement depuis hier soir ça me fatigue un peu svp j ai besoin d aide,zone_couverture
je veux faire une demande de branchement où l eau est un peu sale pourquoi padron pour le dérangement,demande_branchement
bonjour svp l eau coule très lentement chez moi pouvez vous vérifier emrci je viens d emménager ici pourquoi aidez moi svp,signaler_basse_pression
ma demande est a kel niveau dans ma maison avec ma famlile depuis hier pourquoi je compte sur vous,suivi_demande_branchement
honnêtement je suis un peu confus est ce que vous pouvez m expliquer changer titulaire compteur où on a souvent des coupures je compte sur vous,signaler_coupure
franchement ça commence à m inquiéter franchement je ne comprends pas le montant qu on m a facturé là où je suis actuellement ça me fatigue un peu pardon pour le dérangement,reclamation_facture
liste des pièces demandées par la société togolaise des eaux pour résilier un abonnement depuis ce matin pourquoi svp,documents_branchement
franchement je veux mettre le compteur à mon nom là chez moi à adidogomé ça me fatigue un peu aidez moi svp,modification_abonnement
salut je veux vérifier si ma zone est desservie par votre réseau,zone_couverture
j aimerais bien avoir des explicatinos claires est ce que vous pouvez m expliquer je voudrais me déplacer dans votre agence pour un renseignement pouvez vous me dire l adresse ça dure depuis un bon moment merci hein,fallback
bonsoir je vous contacte parce que j ai une préoccupation franchement est ce que je peux avoir l eau chez moi dans la zone où j habite actuellement ça me fatigue un peu merci,zone_couverture
salut je n ai pas compris ce que vous avez dit,fallback
bonjour j aurais besoin d un renseignement s il vous plaît est ce que vous pouvez m expliquer mon odssier est traité ou pas encore pour ma maison pardon pour le dérangement,suivi_demande_branchement
bonsoir je veux arrêter mon contrat deau pouvez vous m aider,resiliation
grand j ai un souci avec ça là est ce que vous pouvez m expliquer je souhaite mettre à jour les informations de mon contrat pour ma maison je vous remercie,modification_abonnement
problème de fuite avec la tde dans la zone où je viesn d emménager pourquoi aidez moi svp,info_generale_tde
societe togolaise des o c est quoi,info_generale_tde
eau trouble signalée dans ma zone dans ma zone de résidence pourquoi aidez moi svp,signaler_eau_sale
ma zone a de l eau depuis hier soir pourquoi aidez moi svp,zone_couverture
le robinet donne petit débit chez nous ici là pouqruoi pardon pour le dérangemetn,signaler_basse_pression
bonjour svp je souhaite résilier mon abonnement d eau pouvez vous me dire quels documents fournir merci chez moi à adidogomé pourquoi s il vous plaît,documents_branchement
documents nécessaires pour résilier,documents_branchement
svp pouvez vous me donner la liste complète des documents disponibles à la société togolaise des eaux,documents_branchement
ça devient compliqué pr moi en ce moment eske que vous pouvez m expliquer comment fair pour avoir leau chez moi là où je suis actuellement aidez moi svp,info_branchement
tde couvre ma zone,info_generale_tde
l eau n est pas claire récemment j ai commencé à remarquer ça pourquoi je compte sur vs,signaler_eau_sale
je peux avoir un compteur chez moi pourquoi merci,eligibilite_branchement
franchement ça commence à mi nquiéter est ce que vous pouvez m expliquer bonjour svp je voudrais savoir la consommation moyenne d eau pour une famille merci chez moi avec ma famille s il vous plaît,info_consommation_moyenne
s il vous plaît c est assez urgent dans mon cas fracnhement résilier mon abonnement pr ma maison chez moi avec ma famille ça me fatigue un peu je vous remercie,resiliation
je voudrais savoir si la tde couvre ma zone d habitation,info_generale_tde
ouvrir un contrat d eau potable dans ma concession pourquoi je compte sur vous,horaire_agence
donnez moi votre numéro là,contact_service_client
je veux savoir l état de mon branchement dans mon quartier au niveau des robinets chez moi pourquoi svp j ai besoin d aide,demande_branchement
je veu voir les document que vous avez pr mon habitation principale pourquoi merci,demande_document
salut je voulais me renseigner sur quelque chose franchement vous ouvrez quand au niveau des robinets chez moi ça me faitgue un peu je vs remercie,horaire_agence
franchement bonjour svp je souhaite résilier mon abonnement d eau merci dans mon coin ici ça me fatigue un peu je vous remercie,resiliation
franchement je fais comment pr remettre l eau ça dure depuis un bon moment ça me fatigue un peu pardon pour le dérangement,info_reabonnement
on souffre un peu ici j aimerais comprendre franchement bonsoir eske que vous fournissez de l eau dans mon quartier dans la zone où je viens d emménager ça me fatigue un peu svp,zone_couverture
fermer mon compteur,resiliation
je n ai pas compris nous sommes une grande famille ici pourquoi s il vous plaît,fallback
on souffre un peu ici j aimerais comprendre franchement liste des document administratif depuis que je suis rentré à la maison ça me fatigue un peu veuillez m aider s il vous plaît,documents_generaux
dans la zone où j habite actuellement pourquoi aidez moi svp,zone_couverture
je voudrais avoir les détails sur les pièces justificatives demandées pour un branhcement d eau,documents_branchement
chef y a un problème ici chez nous franchement vous pouvez reformuler je viens d emménager ici ça me fatigue un peu je compte sur vous,fallback
grand j ai un souci avec ça là est ce que vous pouvez m expliquer je souhaite avoir des informations complètes sur le processus de raccordement à l eau je vous remercie,demande_branchement
ça devient compliqué pr moi en ce moment est ce que vous pouvez m expliquer débit d eau anormalement faible pour mon habitation principale je compte sur vous,signaler_basse_pression
bonjour j aurais besoin d un renseignement s il vous plaît set ce que vs pouvez m expliquer je veux qu on arrête mon o par rapport à mon abonnement actuel pardon pr le dérangement,resiliation
horaires société togolaies des eaux,horaire_agence
je veux faire une demande de branchemetn à la tde je viens d emménager ici pourquoi pardon pour le dérangement,info_generale_tde
depuis hier j ai un souci chez moi franchement je veux avoir une idée du montant de ma facture chez moi même ici ça me fatigue un peu svp,info_tarif
l eau coule partout à cause d une fuite par arpport à mon abonnement actuel pourquoi je vous remercie,signaler_fuite
franchement je ne comprends pas comment ça fonctionne est ce que vous pouvez m expliquer bonjour je voudrais avoir une estimation de ma facture d eau pour un foyer moyen afin de mieux prévoir mes dépenses mensuelles dans mon coin ici merci,info_tarif
bonsoir je vs contacte parce que j ai une préoccupation est ce que vous pouvez m expliquer ça coule dans la rue où la pression est très faible merci beaucoup,signaler_fuite
depuis que je suis rentré à la maison pourquoi merci beaucoup,info_generale_tde
est ce que vous pouvez m expliquer je peux avoir quels types de papiers chez moi où la pression est très faible depuis plusieurs jours pardon pr le dérangement,documents_generaux
salut je voulais me renseigner sur quelque chose est ce que vous pouvez me xpliquer on demande quoi pr réactiver l eau par rapport à mon abonnement actuel veuillez m aider s il vous plaît,documents_reabonnement
svp adiez moi à savior si ma zone est couverte,zone_couverture
je veux autre chose depuis hier soir pourquoi merci d avance,fallback
est ce que vous pouvez m expliquer ça ocule dans la rue chez moi à adidogomé svp,signaler_fuite
franchement ça commence à m inquiéter franchement je souhaite vérifier si ma zone est desservie par le réseau d eau chez moi même ici ça me fatigue un peu,zone_couverture
chef y a un problème ici chez nous franchement je veux savoir quels documents vous sortez depuis quelques jours déjà ça me fatigue un peu svp j ai besoin d aide,documents_branchement
présence de la tde dans mon quartier,info_generale_tde
ça fait plusieurs jours que j ai un problème est ce que vous pouvez m expliquer on est sans eau ici dans notre quratier ici à tokoin merci beaucoup,signaler_coupure
bonjour il y a une fuite d eau importante devant chez moi pouvez vous intervenir sur toute l installation dans la maison pourquoi,signaler_fuite
je veux changer mon abonnement,modification_abonnement
je veux comprendre pourquoi ma facture est élevée,reclamation_facture
je vous écris pr avoir des infomrations précises franchement je veux joindre un agent pas avoir des explications pr ma maison ça me fatigue un peu,contact_service_client
bonjour j aurais besoin d un renseignement s il vous plaît franchement je toruve ma afcture d eau trop élevée dans mon foyer ça me fatigue un peu pardon pour le dérangement,reclamation_facture
je vs écris pour avoir des informations précises est ce que vous pouvez m expliquer ma demande est a kel niveau au niveau de mon secteur ici svp,suivi_demande_branchement
honnêtement je suis un peu confus est ce que vous pouvez m expliquer depuis ce matin veuillez m aider s il vous plaît,signaler_coupure
comment vous contacter,contact_service_client
voter numero c koi dans notre quartier ici à tokoin pourquoi merci hein,zone_couverture
s il vous plaît pouvez vous m aider à comprendre franchement horaire travail tde sur mon branchement actule ça me fatigue un peu merci d avance,info_generale_tde
expliquez moi comment m abonner à l eau potable,demande_abonnement
ça devient compliqué pour moi en ce moment fracnhement salut je veux vérifier si je peux installer un compteur chez moi je viens juste de prendre la maison ça me fatigue un peu je vous remercie,demande_branchement
franchement je cherche des astuces pour réduire ma consommation d eau,conseil_consommation
franchement au inveau des robinets chez moi ça me fatigue un peu s il vous plaît,simulation_facture
je veu savoir comen leau devien potable,info_generale_tde
salut je veux transférer l abonnement à mon nom car j occupe maintenant la maison on est environ 4 à utiliser l eau pouruqoi veuillez m aider s il vous plaît,modification_abonnement
honnêtement je suis un peu confus franhcement je veux prévoir ma facture ça me fatigue un peu,info_tarif
depuis hier j ai un souci chez moi franchement combien eau famille dans mon foyer ça me fatigue un peu svp,info_consommation_moyenne
comment joindre la tde,info_generale_tde
depuis hier j ai un souci chez moi franchement on est environ 4 à utiliser l eau ça me fatigue un peu svp j ai besoin d aide,suivi_demande_branchement
bonjour j aurais besoin d un renseignement s il vous plaît est ce que vous pouvez m expliquer je veux commencer à payer l eau à mon nom chez nous ici là pardon pour le dérangement,demande_abonnement
bonjour j aurais besoin d un renseignement s il vous palît est ce que vs pouvez m expliquer je souhaiet connaître les zones de couverture de la tde où l eau ne coule presque pas,info_generale_tde
s il vous plaît pouvez vous m aider à comprendre franchement bonjour svp je voudrais savoir si ma zone est couverte par la tde merci ça fait plusieurs jours maintenant ça me ftaigue un peu aidez moi svp,info_generale_tde
mon habitation est elle éligible à la tde nous sommes une grande famille ici pourquoi emrci beaucoup,info_generale_tde
il y a une erreur quelque part,reclamation_facture
je ne comprends pas ma facture à lomé chez moi avec ma famille pourquoi je compte sur vous,info_tarif
bonsoir je voulais juste comprendre quelque chose rapidement franchement documents nécessaires pour rouvrir mon abonnement depuis quelques jours déjà ça me fatigue un peu aidez moi svp,documents_branchement
bonsoir je voulais juste comprendre quelque chose rapidement franchement on peut estimer ça à combien chez vous dans notre quartier ici à tokoin ça me fatigue un peu merci hein,simulation_facture
jours de travail de la société togolaise des eaux,horaire_agence
signalement d une eau impropre à la consommation depuis quelques jours déjà pourquoi aidez moi svp,signaler_eau_sale
j ai vraiment besoin d une réponse rapide franchement absence d eau dans mon quartier récemment j ai commencé à remarquer ça ça me fatigue un peu,zone_couverture
s il vs plaît pouvez vous m aider à comprendre franchement bonjour svp je voudrais connaître tous les documents que vous proposez aux clients merci chez moi où la pression est très faible depuis plusieurs jousr ça me fatigue un peu merci hein,documents_branchement
franchement ça fait deux jours qu on n a pas d eau ça devient compliqué,signaler_coupure
ça fait plusieurs jours que j ai un problème est ce que vous pouvez m expliquer je peux vous joindre comment rapidement par rapport à mon abonnement actuel je vous rmeercie,contact_service_client
chef y a un problème ici chez nous est ce que vous pouvez m expliquer optimiser l eau pour une famille de 5 personnes dans notre quartier ici à tokoin merci,zone_couverture
vous faite quoi exactement a la tde,info_generale_tde
quand est ce que vous êtes ouverts,horaire_agence
s il vous plaît c est assez urgent dans mon cas franchement démarches à suivre pour un réabonnement dans ma concession ça me fatigue un peu veuillez m aider s il vous plaît,documents_reabonnement
franchement leau coule lenteman depuis hier soir ça me fatigue un peu je compte sur vous,signaler_basse_pression
demander un papier officiel,demande_document
est ce que vous pouvez m expliquer franchement je veux savoir si on peut avoir de l eau dans mon quartier svp,zone_couverture
vous gérez comment l approvisionnement en eau,info_generale_tde
je suis un peu perdu par rapport à tout ça franchement document pr reabonnement deau récemment j ai commencé à remarquer ça ça me fatigue un peu merci,demande_document
franchement ma facture est trop chère je veux comprendre pourquoi,info_tarif
combien je peut payer environ,simulation_facture
quels documents fournir pour résilier mon abonnement d eau,documents_branchement
zones desservies par la tde,info_generale_tde
expliquez moi les frais sur ma consommation d eau chez moi même ici pourquoi,info_tarif
je suis un peu perdu par rapport à tout ça est ce que vs pouvez m expliquer faible pression deau chez moi à adidogomé,signaler_basse_pression
de quels documents ai je besoin pour reprendre l eau je viens juste de prendre la maison pourquoi,documents_branchement
honnêtement je suis un peu confus est ce que vous pouvez m expliquer quartiers desservis à lomé dans mon quartier à lomé depuis uqelques jours je compte sur vs,zone_couverture
franchemetn ça commence à m inquiéter franchement avoir un justificatif je reviens au pays récemment ça me fatigue un peu je vous remercie,demande_document
j aimerais bien avoir des explications claires est ce que vous pouvez m expliquer ça ne coule pas correctement dans mon quartier à lomé depuis quelques jours veuillez m aider s il vous plaît,zone_couverture
l eau est bizarre sur toute l installation dans la maison poruquoi je compte sur vous,signaler_eau_sale
c ets pas clair depuis hier soir pourquoi aidez omi svp,fallback
est ce que vous pouvez m expliquer simulation facture deau svp chez moi à adidogomé merci,info_tarif
pièces pr remettre l eau là où je suis actuellement pourquoi meric,documents_branchement
s il vous plaît c est assez urgent dans mon cas est ce que vous pouvez m expliquer procédure de raccordement dans ma concession je vous remercie,demande_branchement
quel dossier dois je préparer pr un raccordement,demande_branchement
j ai vraiment besoin d une réponse rapide est ce que vous pouvez m expliquer on ne peut pas boire cette eau dans mon quartier à lomé depuis quelques jours merci,zone_couverture
qu est ce que vous fournissez comme documents sur mon branchement actuel pourquoi,demande_branchement
franchement je ne comprends pas comment ça fonctionne franchement bjr l eau coule très lentement chez moi pouvez vous vériifer la pression dans la zone où j habite catuellement ça me fatigue un peu mreci hein,zone_couverture
je osuhaite connaître les horaires d ouverture des agences dans la zone où je viens d emménager pourquoi merci,zone_couverture
franchement je ne comprends pas ma facture d eau elle est trop chère pour moi,info_tarif
est ce que vous pouvez m expliquer modifier les informations liées à mon abonnement dans ma concession veuillez m aider s il vs plaît,modification_abonnement
consommation normale c est combien au niveau de mon secteur ici pourquoi,info_consommation_moyenne
aidez moi je veux prévoir combien je vais payer,simulation_facture
,simulation_facture
vs êtes la tde donc la société d eau du togo c est ça,info_generale_tde
je passe à quelle heure dans mon quartier à lomé pourquoi,zone_couverture
salut l eau est coupée chez moi pouvez vous m aider on est environ 4 à utiliser l eau pourquoi veuillez m aider s il vous plaît,signaler_coupure
je vous écris pour avoir des informations précises franchement je souhaite transférer l abonnemetn à mon nom car j ai repris la maison dans la zone où j habite actuellement ça me fatigue un peu merci,zone_couverture
franchement ça commence à m inquiéter franchement je souhaite savoir quels types de documents je peux obtenir auprès de vos serviecs dans mon foyer ça me fatigue un peu je vous remercie,documents_branchement
signalement d une eau impropre à la consommation dans ma nouvelle maison pourquoi aidez moi svp,signaler_eau_sale
franchement ça commence à m inquiéter franchement combien je vais payer environ pr une famille de 5 personnes ça me fatigue un peu veuillez m aider s il vous plaît,simulation_facture
je comprends touojurs pas,fallback
aidez moi je veux prévoir combien je vais payer,simulation_facture
j aimerais bien avoir des explications claries franchement leau coule lenteman chez nous dans le quartier ça me fatigue un peu veuillez m aider s il vous plaît,zone_couverture
comment se déroule la procédure de branchement,demande_branchement
je suis vraiment fatigué de cette situation franchement changez le nom sur le compteur pr moi dans mon quartier à lomé ça me fatigue un peu je vous remercie,zone_couverture
franchement ça commence à m inquiéter est ce que vous pouvez m expliquer dossier de réactivation où on a souvent des coupures aidez moi svp,documents_branchement
s il vous plaît pouvez vous m aidre à comprendre est ce que vous pouvez m expliquer on paie l eau comment chez vous je vs remerice,info_tarif
je veux comprendre votre système de distribution d eau pour ma maison pourquoi svp,info_generale_tde
je vous écris pr avoir des informations précises eske que vous pouvez m expliquer quels papiers pr abonnement au niveau de l installation d eau je compte sur vous,documents_branchement
bonsoir je vous contacte parce que j ai une préoccupation franchement il y a de l eau partout chez moi à adidogomé ça me fatigue un peu merci beaucoup,signaler_fuite
j ai vraiment besoin d une réponse rapide franchement modifier mon abonnement à la tde là où je suis actuellement ça me fatigue un peu svp,info_generale_tde
bonjour je voudrais svaoir si mon quartier est couvert par la tde dans mon quartier à lomé depuis quelques jours pourquoi aidez mio svp,info_generale_tde
svp donnez moi un numéro pour contacter le service client,contact_service_client
franchement l eau est complètement coupée ça me fatigue un peu je vous remercie,signaler_coupure
honnêtement je suis un peu confus est ce que vous pouvez m expliquer ou se trouve votre agence dans mon quartier à lomé depius quelques jours merci d avance,zone_couverture
je veux autre chose,fallback
ça devient compliqué pour moi en ce moment franchement francheemnt je veux éviter les allers retours dites moi tous les documents nécessaires pour un branchement ça dure depuis un bon moment ça me fatigue un peu,demande_branchement
est ce que vous pouvez m expliquer obtenir un document pour mon foyer dans mon foyer je vous remercie,demande_document
franchement je ne comprends pas comment ça fonctionne franchement les tarifs de consommation deau pour une famille de 5 personnes ça me fatgiue un peu pardon pour le dérangement,info_tarif
je veux voir l évolution de ma demande dans ma concession pourquoi merci beaucoup,suivi_demande_branchement
honnêtement je suis un peu confus est ce que vs pouvez m exlpiquer je veux récupérer un document dans ma maison avec ma famille depuis hier je vous remercie,demande_document
liste complète des documents pour résiliation où l eau ne coule presque pas pourquoi pardon pour le dérangement,documents_branchement
je souhaite signaler une mauvaise qualité de l eau,signaler_eau_sale
il faut quels documents pour résilier,documents_branchement
ça devient compliqué pour moi en ce moment est ce que vous pouvez m expliquer hein dans la zone où je viens d emménager merci beaucoup,zone_couverture
c est important pour moi d avoir une solution franchement pour une consommation moyenne combien coûte la facture d eau je suis nouveau dans cette zone ça me fatigue un peu veuillez m aider s il vous palît,info_tarif
franchement je ne comprends pas comment ça fonctionne est ce que vous pouvez m expliquer svp je ne comprends pas comment vous calculez les tarifs de l eau chez moi pouvez vous m expliquer clairemnet par rapport à mon abonnement actuel merci beaucoup,info_tarif
je veux passer à l action pour avoir l eau,demande_branchement
est ce que vous pouvez m expliquer quels sont les tarifs de l eau pour ma maison svp j ai besoin d aide,info_tarif
fracnhement je ne comprends pas comment ça fonctionne franchement modifier les informations de mon abonnement chez moi même ici ça me fatigue un peu svp,modification_abonnement
liste des documents que je peux demander dans mon quartier,documents_branchement
comment fonctionne votre serviec au quotidien,info_generale_tde
s il vous plaît pouvez vous m aider à comprendre eske que vous pouvez m expliquer on prend combien d eau par mois aidez moi svp,info_consommation_moyenne
au niveau de mon secteur ici pourquoi aidez moi svp,info_generale_tde
je ne comprends pas trop ce qui se passe chez moi eske que vous opuvez m expliquer bonjour je voudrais savoir comment faire pour remettre l eau en service après une coupure sur toute l intsallation dans la maison svp j ai besoin d aide,signaler_coupure
salut je ovulais me renseigner sur quelque chose franchement horaires de service de la société togolaise des eaux dans la zone où je viens d emménager ça me fatigue un peu je vous remercie,zone_couverture
c est quoi votre mode de fonctionnement au niveau de mon secteur ici pourquoi merci beaucoup,info_generale_tde
c est important pour moi d avoir une solution franchement kel document vous fournissez dans ma nouvelle maison ça me fatigue un peu,demande_document
svp aidez moi je comprends rien,fallback
on souffre un peu ici j aimerais comprendre eske que vous pouvez m expliquer je voudrais recevoir un justificatif de paiement dans mon foyer svp j ai besoin d aide,demande_document
quels sont les tarifs de l eau,info_tarif
faible pression deau,signaler_basse_pression
chef y a un problème ici chez nous franchement svp est ce que ma maison est éligible à un raccordement à l eau au niveau de l installation d eau ça me fatigue un peu,demande_branchement
franchement ça commence à m inquiéter eske que vous pouvez m expliquer leau sort faiblement dans ma nouvelle maison svp,signaler_basse_pression
vous pouvez expliquer imeux,fallback
est ce que vous pouvez m expliquer bonnes pratiques pour une consommation d eau responsable chez moi avec ma famille merci,conseil_consommation
le débit n est pas normal chez moi à adidogomé pourquoi svp j ai besoin d aide,signaler_basse_pression
pour arrêter l eau là on demande quels papiers chez nous ici là pourquoi je compte sur vs,documents_resiliation
je suis un peu perdu par rapport à tout ça franchement gerer eau maison chez nous dans le quartier ça me fatigue un peu merci,zone_couverture
je voudrais obtenir un document je suis nouveau dans ctete zone pourquoi merci,demande_document
ma zone a de l eau,zone_couverture
problème sur ma facture avec la société togolaise des eaux chez nous dans le quartier pourquoi,info_tarif
types de documents disponibles,documents_branchement
on demande quoi pour résilier chez nous dans le quartier pourqoui s il vous platî,resiliation
bonjour je voudrais savoir si mon quartier est couvert par la tde,info_generale_tde
il y a de l eau qui s échappe depuis que je suis rentré à la maison pourquoi svp j ai besoin d aied,signaler_fuite
salut je voulais me renseigner sur quelque chose est ce que vous pouvez m expliquer franchement je veux mettre à jour les informations liées à mon abonnement d eau par rapport à mon abonnement actuel svp j ai besoin d aide,modification_abonnement
depuis hier j ai un souci chez moi franchement je veux activer un abonnement d eau dans mon logement je suis nouveau dans cette zone ça me fatigue un peu s il vous plaît,zone_couverture
liste des pièces pour résiliation on est pluiseurs à la maison pourquoi aidez moi svp,documents_branchement
je veux un justificatif pour mon compteur dans mon quartier dans ma maison avec ma famille depuis hier pourquoi,demande_document
demande de résiliation à la société togolaise des eaux pour ma maison pourquoi merci hein,documents_resiliation
bonsoir je souhaite réactiver mon abonnement pouvez vous m expliquer la procédure dans ma maison avec ma famille depuis hier pourquoi merci d avance,info_branchement
je suis vraiment fatigué de cette situation franchement c est kwa la procédure pr ouvrir un abonnement à la tde chez moi où la pression est très faible depuis plusieurs jours ça me fatigue un peu,info_generale_tde
on souffre un peu ici j aimerais comprendre eske que vous pouvez m expliquer depuis hier soir je vous remercie,simulation_facture
je veux modifier les infos de mon abonnement,modification_abonnement
franchement ça commence à m inquiéter franchement installer compteur chez moi possible où l eau ne coule presque pas ça me fatigue un peu veuillez m aider s il vous plaît,demande_branchement
bonjour excusez moi de vous déranger mais j ai une question est ce que vous pouvez m expliquer omyenne eau à adidogomé on est plusieurs à la maison merci d avance,info_consommation_moyenne
j ai vramient besoin d une réponse rapide est ce que vous pouvez m expliquer documents nécessaires pr résiliation à la société togolaise des eaux au niveau de mon compteur veuillez m aider s il vous plaît,documents_branchement
bonsior je vous contacte parce que j ai une préoccupation est ce que vous pouvez m expliuqer je voudrais une estimation pour une famille moyenne chez moi je viens d emménager ici svp,simulation_facture
je veux connaître les prix de l eau,info_tarif
gradn j ai un socui avec ça là franchement quels sont les tarifs de la tde dans mon coin ici ça me fatigue un peu merci hein,info_tarif
c est importatn pour moi d avoir une solution franchement dans un foyer avec plusieurs enfants ça me fatigue un peu merci hein,fallback
bonjour j aurais besoin d un renseignement s il vous plaît franchement l eau est sale chez nous dans le quartier ça me fatigue un peu merci beaucoup,signaler_eau_sale
quelles sont les étapes pr raccorder une maison à l eau au niveau de mon compteur depuis un moment pourquoi je compte sur vous,info_branchement
franchement ma facture est élevée je veux savoir comment consommer moins d eau au niveau des robinets chez moi pourquoi je compte sur vous,reclamation_facture
documents nécessaires pour résiliation à la société togolaise des eaux,documents_branchement
grand j ai un souci avec ça là est ce que vous pouvez m expliquer je veu suivre mon dossier je ivens d emménager ici,documents_branchement
on consomme combien chez nous,info_consommation_moyenne
grand j ai un souci avec ça là franchement eske possible d avoir un branchement au niveau des robinets chez moi ça me fatigue un peu merci d avance,demande_branchement
je veux savoir comment obtenir un abonenment d eau,demande_abonnement
ma facture n est pas normale depuis que je suis rentré à la maison pourquoi pardon pour le dérangement,info_tarif
je suis un peu perdu par rapport à tout ça est ce que vous pouvez m expliquer problème de qualité de l eau distribuée là où je suis actuellement merci d avance,signaler_eau_sale
bonjour svp je voudrais savoir la consommation moyenne d eau pour une famille merci depuis hier soir pourquoi svp,info_consommation_moyenne
jours de travail de la société togolaise des eaux où on a souvent des coupures pourquoi s il vs plaît,signaler_coupure
s il vous palît c est assez urgent dans mon cas franchement franchement j ai besoin d aide mais je préfère parler à un agent directement comment vous contacter depuis quelques jours déjà ça me ftaigue un peu merci hein,contact_service_client
bonjour excusez moi de vous déranger mais j ai une question est ce que vous pouvez m expliquer quels papiers dois je fournir pour avoir un compteur dans ma zone de résidence je vs remercie,zone_couverture
combien je peux payer pour l eau dans ma maison chaque mois,info_tarif
grand j ai un souci avec ça là eske que vous pouvez m expliquer la tde c est quelle structure au juste dans mon quartier à lomé depuis quelques jours mecri hein,info_generale_tde
on souffre un peu ici j aimerais comprendre est ce que vous pouvez m expliquer pour une consommation normale dans ma maison comiben ça fait sur mon branchement actuel s il vous plaît,demande_branchement
depuis hier j ai un souci chez moi est ce que vous pouvez m expliquer je ne comprends pas les montants qu on me demande de payer svp,info_tarif
grand j ai un souci avec ça là est ce que vous pouvez m expliquer je voudrais recevoir un justificatif de paiement là où je suis actuellement aidez moi svp,demande_document
je veux résilier mon abonnement on est environ 4 à utiliser l eau pourquoi je vs remercie,resiliation
bonsoir je voulais juste comprendre quelque chose rapidement franchement je peux avoir l eau ici on est environ 4 à uitliser l eau ça me fatigue un peu aidez moi svp,eligibilite_branchement
ma zone a l eau ou pas là où je suis actuellement pourquoi meric beaucoup,zone_couverture
c est pas clair dans mon quartier à lomé depuis quelques jours pourquoi s il vous plaît,zone_couverture
,reclamation_facture
où la tde fourint de l eau,info_generale_tde
vous êtes présents dans mon quartier,zone_couverture
demande de résiliation d abnonement là où je suis actuellement pourquoi merci d avance,documents_resiliation
je voudrais comparer ma consommation avec la moyenne,info_consommation_moyenne
honnêtement je suis un peu cnofus franchement stratégies d économie d eau au niveau domestique on est plusieurs à la maison ça me fatigue un peu,conseil_consommation
bonsoir je vs contacte parce que j ai une préoccupation eske que vous pouvez m expliquer je veux avoir un contrat d eau pour ma maison par rapport à mon abonnement actuel je compte sur vous,demande_abonnement
franchement ça fait longtemps que j attends je veux savoir si ma demande a évolué ou pas,suivi_demande_branchement
vous ouvrez quand,horaire_agence
je suis vraiment fatigué de cette situation est ce que vous pouvez m expliquer mon quartier est il desservi en eau dans un foyer avec plusieurs enfants merci beaucoup,zone_couverture
et uassi je veux connaître le statut de ma demande à la société togolaise des eaux,suivi_demande_branchement
q uest ce que vous fournissez comme documents,documents_branchement
comemnt sont fixés les prix de l eau où la pression est très faible pourquoi svp,info_tarif
je veux parler à un agent tde je viens juste de prendre la maison pourquoi je vous remrecie,info_generale_tde
je ne comprends pas trop ce qui se passe chez moi franchement franchement je veux mettre à jour les informations liées à mon abonnement d eau on est plusieurs à la maison ça me fatigue un peu adiez moi svp,modification_abonnement
grand j ai un souci avec ça là est ce que vous pouvez m expliquer bonsoir je souhaite suivre l évolution de ma demande de raccordement pour savior si elle avance dans mon foyer svp j ai besoin d aide,demande_branchement
bonjour j aurais besoin d un renseignement s il vous plaît est ce que vous pouvez m expliquer ça dure depuis un bon moment s il vous plaît,suivi_demande_branchement
bojnour j aurais besoin d un renseignement s il vous plaît franchement je veux connaître les prix de l eau pour mon habitation principale ça me fatigue un peu svp,info_tarif
franchement ça commence à m inquiéter franchement détails sur le branchement dans notre quartier ici à tokoin ça me fatigue un peu aidez moi svp,demande_branchement
comment avoir ce document on est plusieurs à la maison pourquoi veuillez m aider s il vous plaît,demande_document
franchement ça commence à m inquiéter eske que vs pouvez m expliquer dans ma concession,documents_reabonnement
s il vous plaît c est assez urgent dans mon cas eske que vous pouvez m expliquer je voudrais avoir accès à un document concernant mon abonnement d eau merci beaucoup,demande_document
je suis un peu perdu par rapport à tout ça est ce que vous pouvez m expliquer je ne veux pas des informations génréales je veux un numéro pour vs appeler chez moi même ici je compte sur vs,contact_service_client
est ec que vous pouvez m expliquer vous êtes présents dans mon quartier on est plusieurs à la maison pardno pour le dérangement,zone_couverture
s il vous plaît pouvez vous m aider à comprendre farnchement je veux utiliser moins dans notre quartier ici à tokoin ça me fatigue un peu,zone_couverture
,info_consommation_moyenne
quartiers desservis à lomé,zone_couverture
on fait comment pour remettre l eau là,info_reabonnement
depuis hier j ai un souci chez moi eske que vous pouvez m expliquer salut il y a de l eau qui fuit devant chez moi pouvez vous vérifier pour ma maison aidez moi svp,signaler_fuite
je veux avoir l eua dans mon quartier dans la maison que je viens de louer pourquoi veuillez m aider s il vous plaît,zone_couverture
donnez moi la liste des documents administratifs je viens juste de prendre la maison pourquoi je vous remercie,documents_generaux
l eau ne sort pas du tout,signaler_coupure
bonsoir je voulais juste comprendre quelque cohse rapidement est ce que vous pouvez m expliquer changer le titulaire du compteur à lomé dans la zone où j habite actuelleemnt aidez moi svp,zone_couverture
franchement je ne comprends pas comment ça fonctionne est ce que vous pouvez m expliquer farnchement ça devient compliqué sans eau je veux savoir quels papiers il faut pour remettre l eau dans ma maison avec ma famille depuis hier svp j ai besoin d aide,documents_reabonnement
vous gérez comment l approvisionnement en eau pr ma maison pourquoi merci beaucoup,info_generale_tde
cehf y a un problème ici chez nous eske que vous pouvez m expliquer canalisation casse eau chez moi à adidogomé depuis ce matin s il vs plaît,signaler_fuite
je ne veux plus de l eau là chez moi,resiliation
depuis hier j ai un souci chez moi franhcement je veux faire une demande de branchement dans mon quartier à lomé depuis quelques jours ça me ftaigue un peu merci d avance,demande_branchement
s il vous plaît c est assez urgent dans mon cas franchement bnosoir est ce que vous fournissez de l eau dans mon quartier dans mon quariter à lomé depuis quelques jours ça me fatigue un peu,zone_couverture
documents disponibles à la société togolaise des eaux ça dure depuis un bon momnet pourquoi s il vous plaît,documents_branchement
je vs écris pour avoir des informations précises est ce que vs pouvez m expliquer on cnosomme combien d eau,info_consommation_moyenne
les étapes pour avoir l eau pourquoi,info_branchement
je souhaite déposer une demande de branchement,demande_branchement
éligibilité branchement à adidogomé depuis que je suis rentré à la maison pourquoi,demande_branchement
consommation moyenne d une famille,info_consommation_moyenne
donnez moi votre numéro là ça dure depuis un bon moment pourquoi svp j ai besoin d aide,contact_service_client
j aimerais bien avoir des explications claires franchement je souhaite signaler une fuite d eau je viens d emménager ici ça me faitgue un peu je compte sur vous,signaler_fuite
j aimerais bien avoir des explications claires franchement je veux l eau chez moi avec un abonnement à mon nom où leau ne coule presque pas ça me fatigue un peu je compte sur vous,demande_abonnement
atsuces pr économiser l eau ça fait plusieurs jours maintenant pourquoi je vous remercie,conseil_consommation
honnêtement je suis un peu confus est ce que vous pouvez m expliquer vous avez exagéré sur ma facture pr une famille de 5 personnes merci beaucoup,info_tarif
c est important pour moi d avoir une solution est ce que vous pouvez m expliquer quels justificatifs pour un branchement dans mon quartier où l eau ne coule presque pas veuillez m aider s il vs plaît,demande_branchement
franchement ça commence à m inquiéter franchement franchement il y a beaucoup d eau qui se perd à cause d une fuite près de chez moi chez moi où la pression est très faible depuis plusieurs jours ça me fatigue un peu s il vous plaît,signaler_fuite
s il vous plîat c est assez urgent dans mon cas franchement je ve souscrir un contra deau dans ma concession ça me fatigue un peu,demande_abonnement
problème de fuite avec la tde pour ma maison pourquoi veuillez m aider s il vous plaît,info_generale_tde
bonsoir je vous contacte parce que j ai une préoccupation franchement je voudrais consulter la liste des documents disponibles avant de faire une demande dans un foyer avec plusieurs enfants ça me fatigue un peu je compte sur vous,documents_branchement
depuis hier j ai un souci chez moi franchement bonjour je voudrias connaître la liste complète des documents nécessaires pour résilier mon abonnement d eau depuis ce matin ça me fatigue un peu svp j ai besoin d adie,documents_branchement
je souhaite suivre ma demande de branchement pr savoir si elle est en cours de traitement,demande_branchement
j aimerais bien aovir des explications claires franchmeent plus d eau à adidogomé dans ma maison avec ma famille depuis hier ça me fatigue un peu svp,signaler_coupure
changez le nom sur le compteur pour moi ça dure depuis un bon moment pourquoi pardon pour le dérangement,modification_abonnement
où est située votre agence,contact_service_client
bonsoir je voulais juste comprendre quelque chsoe rpaidement franchement procedure pour remetre leau dans ma maiosn avec ma famille depuis hier ça me fatigue un peu,info_reabonnement
documents pour réabonnement,documents_branchement
ma factur est trop eleve,reclamation_facture
je veux comprendre comment on obtient l eau à domicile,info_branchement
on consomme combien d eau,info_consommation_moyenne
je veu un justificatif,demande_document
ça fait plusieurs jours que j ai un problème franchement je voudrais savoir les tarifs appliqués chez moi à adidogomé je viens juste de prendre la maison ça me fatigue un peu merci,info_tarif
je veux un branchement d eau,demande_branchement
j aimerais bien avoir des explications claires franchement demande de résiliation d abonnement ça me fatigue un peu,documents_resiliation
fuite dans ma rue dans un foyer avec plusieurs enfants pourquoi,signaler_fuite
bonjour excusez moi de vs déranger mais j ai une question est ce que vous pouvez m expliquer chez nous dans le quartier merci,zone_couverture
svp pouvez vous me dire quels papiers sont demandés pour arrêter mon contrat d eau,documents_resiliation
ça devient compliqué pour moi en ce moment franchement vérification de la couverture en eau dans ma zone pour une famille de 5 personnes ça me fatigue un peu s il vous plaît,zone_couverture
sur toute l installation dans la maison pourquoi s il vs plaît,documents_reabonnement
liste des pièces demandées par la société togolaise des eaux pour résilier un abonnement là où je suis actuellement pourquoi je compte sur vs,documents_branchement
je veux changer mon abonnement sur mon branchement actuel pourquoi,demande_branchement
s il vous plaît c est asesz urgent dans mon cas est ce que vous pouvez m expliquer on consomme combien chez nous sur mon branchement actuel,demande_branchement
ma zone a l eau ou pas où l eau ne coule presque pas pourqoui je vous remercie,zone_couverture
bonsoir je voulais juste comprendre quelque chose rapidement franchement changer nom compteur eau dans un foyer avec plusieurs enfants ça me fatigue un peu s il vous plaît,modification_abonnement
on demande quoi pr résilier pour mon habitation principale pourquoi s il vous plaît,resiliation
leau fuit partout,signaler_fuite
