text,intent,service,response,guide,entities
"Bonjour, je vous contacte car depuis hier il n'y a plus d'eau du tout dans mon quartier à Tsévié, pouvez-vous vérifier s'il y a une panne ?",signaler_coupure,Technique,Réponse automatique générée.,,lieu=Tsévié
"Bonjour, je vous contacte car depuis hier il n'y a plus d'eau du tout dans mon quartier à Agoè, pouvez-vous vérifier s'il y a une panne ?",signaler_coupure,Technique,Réponse automatique générée.,,lieu=Agoè
"Bonjour, je vous contacte car depuis hier il n'y a plus d'eau du tout dans mon quartier à Lomé, pouvez-vous vérifier s'il y a une panne ?",signaler_coupure,Technique,Réponse automatique générée.,,lieu=Lomé
"Bonjour, je vous contacte car depuis hier il n'y a plus d'eau du tout dans mon quartier à Adidogomé, pouvez-vous vérifier s'il y a une panne ?",signaler_coupure,Technique,Réponse automatique générée.,,lieu=Adidogomé
"Bonjour, je vous contacte car depuis hier il n'y a plus d'eau du tout dans mon quartier à Tsévié, pouvez-vous vérifier s'il y a une panne ?",signaler_coupure,Technique,Réponse automatique générée.,,lieu=Tsévié
"Bonjour, je vous contacte car depuis hier il n'y a plus d'eau du tout dans mon quartier à Aného, pouvez-vous vérifier s'il y a une panne ?",signaler_coupure,Technique,Réponse automatique générée.,,lieu=Aného
"Bonjour, je vous contacte car depuis hier il n'y a plus d'eau du tout dans mon quartier à Lomé, pouvez-vous vérifier s'il y a une panne ?",signaler_coupure,Technique,Réponse automatique générée.,,lieu=Lomé
"Bonjour, je vous contacte car depuis hier il n'y a plus d'eau du tout dans mon quartier à Kegue, pouvez-vous vérifier s'il y a une panne ?",signaler_coupure,Technique,Réponse automatique générée.,,lieu=Kegue
"Bonjour, je vous contacte car depuis hier il n'y a plus d'eau du tout dans mon quartier à Aného, pouvez-vous vérifier s'il y a une panne ?",signaler_coupure,Technique,Réponse automatique générée.,,lieu=Aného
"Bonjour, je vous contacte car depuis hier il n'y a plus d'eau du tout dans mon quartier à Lomé, pouvez-vous vérifier s'il y a une panne ?",signaler_coupure,Technique,Réponse automatique générée.,,lieu=Lomé
"Bonjour, je vous contacte car depuis hier il n'y a plus d'eau du tout dans mon quartier à Kegue, pouvez-vous vérifier s'il y a une panne ?",signaler_coupure,Technique,Réponse automatique générée.,,lieu=Kegue
"Bonjour, je vous contacte car depuis hier il n'y a plus d'eau du tout dans mon quartier à Adidogomé, pouvez-vous vérifier s'il y a une panne ?",signaler_coupure,Technique,Réponse automatique générée.,,lieu=Adidogomé
"Bonjour, je vous contacte car depuis hier il n'y a plus d'eau du tout dans mon quartier à Agoè, pouvez-vous vérifier s'il y a une panne ?",signaler_coupure,Technique,Réponse automatique générée.,,lieu=Agoè
"Bonjour, je vous contacte car depuis hier il n'y a plus d'eau du tout dans mon quartier à Adidogomé, pouvez-vous vérifier s'il y a une panne ?",signaler_coupure,Technique,Réponse automatique générée.,,lieu=Adidogomé
"Bonjour, je vous contacte car depuis hier il n'y a plus d'eau du tout dans mon quartier à Tsévié, pouvez-vous vérifier s'il y a une panne ?",signaler_coupure,Technique,Réponse automatique générée.,,lieu=Tsévié
"Bonjour, je vous contacte car depuis hier il n'y a plus d'eau du tout dans mon quartier à Aného, pouvez-vous vérifier s'il y a une panne ?",signaler_coupure,Technique,Réponse automatique générée.,,lieu=Aného
"Bonjour, je vous contacte car depuis hier il n'y a plus d'eau du tout dans mon quartier à Kegue, pouvez-vous vérifier s'il y a une panne ?",signaler_coupure,Technique,Réponse automatique générée.,,lieu=Kegue
"Bonjour, je vous contacte car depuis hier il n'y a plus d'eau du tout dans mon quartier à Adidogomé, pouvez-vous vérifier s'il y a une panne ?",signaler_coupure,Technique,Réponse automatique générée.,,lieu=Adidogomé
"Bonjour, je vous contacte car depuis hier il n'y a plus d'eau du tout dans mon quartier à Tsévié, pouvez-vous vérifier s'il y a une panne ?",signaler_coupure,Technique,Réponse automatique générée.,,lieu=Tsévié
"Bonjour, je vous contacte car depuis hier il n'y a plus d'eau du tout dans mon quartier à Lomé, pouvez-vous vérifier s'il y a une panne ?",signaler_coupure,Technique,Réponse automatique générée.,,lieu=Lomé
"Bonjour, je vous contacte car depuis hier il n'y a plus d'eau du tout dans mon quartier à Tsévié, pouvez-vous vérifier s'il y a une panne ?",signaler_coupure,Technique,Réponse automatique générée.,,lieu=Tsévié
"Bonjour, je vous contacte car depuis hier il n'y a plus d'eau du tout dans mon quartier à Kegue, pouvez-vous vérifier s'il y a une panne ?",signaler_coupure,Technique,Réponse automatique générée.,,lieu=Kegue
"Bonjour, je vous contacte car depuis hier il n'y a plus d'eau du tout dans mon quartier à Lomé, pouvez-vous vérifier s'il y a une panne ?",signaler_coupure,Technique,Réponse automatique générée.,,lieu=Lomé
"Bonjour, je vous contacte car depuis hier il n'y a plus d'eau du tout dans mon quartier à Tsévié, pouvez-vous vérifier s'il y a une panne ?",signaler_coupure,Technique,Réponse automatique générée.,,lieu=Tsévié
"Bonjour, je vous contacte car depuis hier il n'y a plus d'eau du tout dans mon quartier à Aného, pouvez-vous vérifier s'il y a une panne ?",signaler_coupure,Technique,Réponse automatique générée.,,lieu=Aného
"Bonjour, je vous contacte car depuis hier il n'y a plus d'eau du tout dans mon quartier à Agoè, pouvez-vous vérifier s'il y a une panne ?",signaler_coupure,Technique,Réponse automatique générée.,,lieu=Agoè
"Bonjour, je vous contacte car depuis hier il n'y a plus d'eau du tout dans mon quartier à Aného, pouvez-vous vérifier s'il y a une panne ?",signaler_coupure,Technique,Réponse automatique générée.,,lieu=Aného
"Bonjour, je vous contacte car depuis hier il n'y a plus d'eau du tout dans mon quartier à Kegue, pouvez-vous vérifier s'il y a une panne ?",signaler_coupure,Technique,Réponse automatique générée.,,lieu=Kegue
"Bonjour, je vous contacte car depuis hier il n'y a plus d'eau du tout dans mon quartier à Adidogomé, pouvez-vous vérifier s'il y a une panne ?",signaler_coupure,Technique,Réponse automatique générée.,,lieu=Adidogomé
"Bonjour, je vous contacte car depuis hier il n'y a plus d'eau du tout dans mon quartier à Adidogomé, pouvez-vous vérifier s'il y a une panne ?",signaler_coupure,Technique,Réponse automatique générée.,,lieu=Adidogomé
"Bonjour, je vous contacte car depuis hier il n'y a plus d'eau du tout dans mon quartier à Kegue, pouvez-vous vérifier s'il y a une panne ?",signaler_coupure,Technique,Réponse automatique générée.,,lieu=Kegue
"Bonjour, je vous contacte car depuis hier il n'y a plus d'eau du tout dans mon quartier à Kegue, pouvez-vous vérifier s'il y a une panne ?",signaler_coupure,Technique,Réponse automatique générée.,,lieu=Kegue
"Bonjour, je vous contacte car depuis hier il n'y a plus d'eau du tout dans mon quartier à Aného, pouvez-vous vérifier s'il y a une panne ?",signaler_coupure,Technique,Réponse automatique générée.,,lieu=Aného
"Bonjour, je vous contacte car depuis hier il n'y a plus d'eau du tout dans mon quartier à Aného, pouvez-vous vérifier s'il y a une panne ?",signaler_coupure,Technique,Réponse automatique générée.,,lieu=Aného
"Bonjour, je vous contacte car depuis hier il n'y a plus d'eau du tout dans mon quartier à Agoè, pouvez-vous vérifier s'il y a une panne ?",signaler_coupure,Technique,Réponse automatique générée.,,lieu=Agoè
"Bonjour, je vous contacte car depuis hier il n'y a plus d'eau du tout dans mon quartier à Agoè, pouvez-vous vérifier s'il y a une panne ?",signaler_coupure,Technique,Réponse automatique générée.,,lieu=Agoè
"Bonjour, je vous contacte car depuis hier il n'y a plus d'eau du tout dans mon quartier à Lomé, pouvez-vous vérifier s'il y a une panne ?",signaler_coupure,Technique,Réponse automatique générée.,,lieu=Lomé
"Bonjour, je vous contacte car depuis hier il n'y a plus d'eau du tout dans mon quartier à Aného, pouvez-vous vérifier s'il y a une panne ?",signaler_coupure,Technique,Réponse automatique générée.,,lieu=Aného
"Bonjour, je vous contacte car depuis hier il n'y a plus d'eau du tout dans mon quartier à Adidogomé, pouvez-vous vérifier s'il y a une panne ?",signaler_coupure,Technique,Réponse automatique générée.,,lieu=Adidogomé
"Bonjour, je vous contacte car depuis hier il n'y a plus d'eau du tout dans mon quartier à Aného, pouvez-vous vérifier s'il y a une panne ?",signaler_coupure,Technique,Réponse automatique générée.,,lieu=Aného
"Bonjour, je vous contacte car depuis hier il n'y a plus d'eau du tout dans mon quartier à Tsévié, pouvez-vous vérifier s'il y a une panne ?",signaler_coupure,Technique,Réponse automatique générée.,,lieu=Tsévié
"Bonjour, je vous contacte car depuis hier il n'y a plus d'eau du tout dans mon quartier à Adidogomé, pouvez-vous vérifier s'il y a une panne ?",signaler_coupure,Technique,Réponse automatique générée.,,lieu=Adidogomé
"Bonjour, je vous contacte car depuis hier il n'y a plus d'eau du tout dans mon quartier à Agoè, pouvez-vous vérifier s'il y a une panne ?",signaler_coupure,Technique,Réponse automatique générée.,,lieu=Agoè
"Bonjour, je vous contacte car depuis hier il n'y a plus d'eau du tout dans mon quartier à Adidogomé, pouvez-vous vérifier s'il y a une panne ?",signaler_coupure,Technique,Réponse automatique générée.,,lieu=Adidogomé
"Bonjour, je vous contacte car depuis hier il n'y a plus d'eau du tout dans mon quartier à Lomé, pouvez-vous vérifier s'il y a une panne ?",signaler_coupure,Technique,Réponse automatique générée.,,lieu=Lomé
"Bonjour, je vous contacte car depuis hier il n'y a plus d'eau du tout dans mon quartier à Lomé, pouvez-vous vérifier s'il y a une panne ?",signaler_coupure,Technique,Réponse automatique générée.,,lieu=Lomé
"Bonjour, je vous contacte car depuis hier il n'y a plus d'eau du tout dans mon quartier à Adidogomé, pouvez-vous vérifier s'il y a une panne ?",signaler_coupure,Technique,Réponse automatique générée.,,lieu=Adidogomé
"Bonjour, je vous contacte car depuis hier il n'y a plus d'eau du tout dans mon quartier à Agoè, pouvez-vous vérifier s'il y a une panne ?",signaler_coupure,Technique,Réponse automatique générée.,,lieu=Agoè
"Bonjour, je vous contacte car depuis hier il n'y a plus d'eau du tout dans mon quartier à Kegue, pouvez-vous vérifier s'il y a une panne ?",signaler_coupure,Technique,Réponse automatique générée.,,lieu=Kegue
"Bonjour, je vous contacte car depuis hier il n'y a plus d'eau du tout dans mon quartier à Lomé, pouvez-vous vérifier s'il y a une panne ?",signaler_coupure,Technique,Réponse automatique générée.,,lieu=Lomé
"Bonjour, je vous contacte car depuis hier il n'y a plus d'eau du tout dans mon quartier à Kegue, pouvez-vous vérifier s'il y a une panne ?",signaler_coupure,Technique,Réponse automatique générée.,,lieu=Kegue
"Bonjour, je vous contacte car depuis hier il n'y a plus d'eau du tout dans mon quartier à Kegue, pouvez-vous vérifier s'il y a une panne ?",signaler_coupure,Technique,Réponse automatique générée.,,lieu=Kegue
"Bonjour, je vous contacte car depuis hier il n'y a plus d'eau du tout dans mon quartier à Adidogomé, pouvez-vous vérifier s'il y a une panne ?",signaler_coupure,Technique,Réponse automatique générée.,,lieu=Adidogomé
"Bonjour, je vous contacte car depuis hier il n'y a plus d'eau du tout dans mon quartier à Kegue, pouvez-vous vérifier s'il y a une panne ?",signaler_coupure,Technique,Réponse automatique générée.,,lieu=Kegue
"Bonjour, je vous contacte car depuis hier il n'y a plus d'eau du tout dans mon quartier à Tsévié, pouvez-vous vérifier s'il y a une panne ?",signaler_coupure,Technique,Réponse automatique générée.,,lieu=Tsévié
"Bonjour, je vous contacte car depuis hier il n'y a plus d'eau du tout dans mon quartier à Aného, pouvez-vous vérifier s'il y a une panne ?",signaler_coupure,Technique,Réponse automatique générée.,,lieu=Aného
"Bonjour, je vous contacte car depuis hier il n'y a plus d'eau du tout dans mon quartier à Tsévié, pouvez-vous vérifier s'il y a une panne ?",signaler_coupure,Technique,Réponse automatique générée.,,lieu=Tsévié
"Bonjour, je vous contacte car depuis hier il n'y a plus d'eau du tout dans mon quartier à Tsévié, pouvez-vous vérifier s'il y a une panne ?",signaler_coupure,Technique,Réponse automatique générée.,,lieu=Tsévié
"Bonjour, je vous contacte car depuis hier il n'y a plus d'eau du tout dans mon quartier à Tsévié, pouvez-vous vérifier s'il y a une panne ?",signaler_coupure,Technique,Réponse automatique générée.,,lieu=Tsévié
"Bonjour, je vous contacte car depuis hier il n'y a plus d'eau du tout dans mon quartier à Kegue, pouvez-vous vérifier s'il y a une panne ?",signaler_coupure,Technique,Réponse automatique générée.,,lieu=Kegue
"Bonjour, je vous contacte car depuis hier il n'y a plus d'eau du tout dans mon quartier à Tsévié, pouvez-vous vérifier s'il y a une panne ?",signaler_coupure,Technique,Réponse automatique générée.,,lieu=Tsévié
"Bonjour, je vous contacte car depuis hier il n'y a plus d'eau du tout dans mon quartier à Kegue, pouvez-vous vérifier s'il y a une panne ?",signaler_coupure,Technique,Réponse automatique générée.,,lieu=Kegue
"Bonjour, je vous contacte car depuis hier il n'y a plus d'eau du tout dans mon quartier à Agoè, pouvez-vous vérifier s'il y a une panne ?",signaler_coupure,Technique,Réponse automatique générée.,,lieu=Agoè
"Bonjour, je vous contacte car depuis hier il n'y a plus d'eau du tout dans mon quartier à Lomé, pouvez-vous vérifier s'il y a une panne ?",signaler_coupure,Technique,Réponse automatique générée.,,lieu=Lomé
"Bonjour, je vous contacte car depuis hier il n'y a plus d'eau du tout dans mon quartier à Kegue, pouvez-vous vérifier s'il y a une panne ?",signaler_coupure,Technique,Réponse automatique générée.,,lieu=Kegue
"Bonjour, je vous contacte car depuis hier il n'y a plus d'eau du tout dans mon quartier à Kegue, pouvez-vous vérifier s'il y a une panne ?",signaler_coupure,Technique,Réponse automatique générée.,,lieu=Kegue
"Bonjour, je vous contacte car depuis hier il n'y a plus d'eau du tout dans mon quartier à Adidogomé, pouvez-vous vérifier s'il y a une panne ?",signaler_coupure,Technique,Réponse automatique générée.,,lieu=Adidogomé
"Bonjour, je vous contacte car depuis hier il n'y a plus d'eau du tout dans mon quartier à Kegue, pouvez-vous vérifier s'il y a une panne ?",signaler_coupure,Technique,Réponse automatique générée.,,lieu=Kegue
"Bonjour, je vous contacte car depuis hier il n'y a plus d'eau du tout dans mon quartier à Lomé, pouvez-vous vérifier s'il y a une panne ?",signaler_coupure,Technique,Réponse automatique générée.,,lieu=Lomé
"Bonjour, je vous contacte car depuis hier il n'y a plus d'eau du tout dans mon quartier à Tsévié, pouvez-vous vérifier s'il y a une panne ?",signaler_coupure,Technique,Réponse automatique générée.,,lieu=Tsévié
"Je tiens à signaler une fuite importante d'eau en pleine rue à Kegue, cela risque d'inonder les environs si rien n'est fait rapidement.",signaler_fuite,Technique,Réponse automatique générée.,,lieu=Kegue
"Je tiens à signaler une fuite importante d'eau en pleine rue à Lomé, cela risque d'inonder les environs si rien n'est fait rapidement.",signaler_fuite,Technique,Réponse automatique générée.,,lieu=Lomé
"Je tiens à signaler une fuite importante d'eau en pleine rue à Kegue, cela risque d'inonder les environs si rien n'est fait rapidement.",signaler_fuite,Technique,Réponse automatique générée.,,lieu=Kegue
"Je tiens à signaler une fuite importante d'eau en pleine rue à Tsévié, cela risque d'inonder les environs si rien n'est fait rapidement.",signaler_fuite,Technique,Réponse automatique générée.,,lieu=Tsévié
"Je tiens à signaler une fuite importante d'eau en pleine rue à Agoè, cela risque d'inonder les environs si rien n'est fait rapidement.",signaler_fuite,Technique,Réponse automatique générée.,,lieu=Agoè
"Je tiens à signaler une fuite importante d'eau en pleine rue à Adidogomé, cela risque d'inonder les environs si rien n'est fait rapidement.",signaler_fuite,Technique,Réponse automatique générée.,,lieu=Adidogomé
"Je tiens à signaler une fuite importante d'eau en pleine rue à Aného, cela risque d'inonder les environs si rien n'est fait rapidement.",signaler_fuite,Technique,Réponse automatique générée.,,lieu=Aného
"Je tiens à signaler une fuite importante d'eau en pleine rue à Adidogomé, cela risque d'inonder les environs si rien n'est fait rapidement.",signaler_fuite,Technique,Réponse automatique générée.,,lieu=Adidogomé
"Je tiens à signaler une fuite importante d'eau en pleine rue à Aného, cela risque d'inonder les environs si rien n'est fait rapidement.",signaler_fuite,Technique,Réponse automatique générée.,,lieu=Aného
"Je tiens à signaler une fuite importante d'eau en pleine rue à Tsévié, cela risque d'inonder les environs si rien n'est fait rapidement.",signaler_fuite,Technique,Réponse automatique générée.,,lieu=Tsévié
"Je tiens à signaler une fuite importante d'eau en pleine rue à Aného, cela risque d'inonder les environs si rien n'est fait rapidement.",signaler_fuite,Technique,Réponse automatique générée.,,lieu=Aného
"Je tiens à signaler une fuite importante d'eau en pleine rue à Adidogomé, cela risque d'inonder les environs si rien n'est fait rapidement.",signaler_fuite,Technique,Réponse automatique générée.,,lieu=Adidogomé
"Je tiens à signaler une fuite importante d'eau en pleine rue à Adidogomé, cela risque d'inonder les environs si rien n'est fait rapidement.",signaler_fuite,Technique,Réponse automatique générée.,,lieu=Adidogomé
"Je tiens à signaler une fuite importante d'eau en pleine rue à Aného, cela risque d'inonder les environs si rien n'est fait rapidement.",signaler_fuite,Technique,Réponse automatique générée.,,lieu=Aného
"Je tiens à signaler une fuite importante d'eau en pleine rue à Agoè, cela risque d'inonder les environs si rien n'est fait rapidement.",signaler_fuite,Technique,Réponse automatique générée.,,lieu=Agoè
"Je tiens à signaler une fuite importante d'eau en pleine rue à Tsévié, cela risque d'inonder les environs si rien n'est fait rapidement.",signaler_fuite,Technique,Réponse automatique générée.,,lieu=Tsévié
"Je tiens à signaler une fuite importante d'eau en pleine rue à Lomé, cela risque d'inonder les environs si rien n'est fait rapidement.",signaler_fuite,Technique,Réponse automatique générée.,,lieu=Lomé
"Je tiens à signaler une fuite importante d'eau en pleine rue à Kegue, cela risque d'inonder les environs si rien n'est fait rapidement.",signaler_fuite,Technique,Réponse automatique générée.,,lieu=Kegue
"Je tiens à signaler une fuite importante d'eau en pleine rue à Tsévié, cela risque d'inonder les environs si rien n'est fait rapidement.",signaler_fuite,Technique,Réponse automatique générée.,,lieu=Tsévié
"Je tiens à signaler une fuite importante d'eau en pleine rue à Lomé, cela risque d'inonder les environs si rien n'est fait rapidement.",signaler_fuite,Technique,Réponse automatique générée.,,lieu=Lomé
"Je tiens à signaler une fuite importante d'eau en pleine rue à Aného, cela risque d'inonder les environs si rien n'est fait rapidement.",signaler_fuite,Technique,Réponse automatique générée.,,lieu=Aného
"Je tiens à signaler une fuite importante d'eau en pleine rue à Aného, cela risque d'inonder les environs si rien n'est fait rapidement.",signaler_fuite,Technique,Réponse automatique générée.,,lieu=Aného
"Je tiens à signaler une fuite importante d'eau en pleine rue à Tsévié, cela risque d'inonder les environs si rien n'est fait rapidement.",signaler_fuite,Technique,Réponse automatique générée.,,lieu=Tsévié
"Je tiens à signaler une fuite importante d'eau en pleine rue à Tsévié, cela risque d'inonder les environs si rien n'est fait rapidement.",signaler_fuite,Technique,Réponse automatique générée.,,lieu=Tsévié
"Je tiens à signaler une fuite importante d'eau en pleine rue à Kegue, cela risque d'inonder les environs si rien n'est fait rapidement.",signaler_fuite,Technique,Réponse automatique générée.,,lieu=Kegue
"Je tiens à signaler une fuite importante d'eau en pleine rue à Lomé, cela risque d'inonder les environs si rien n'est fait rapidement.",signaler_fuite,Technique,Réponse automatique générée.,,lieu=Lomé
"Je tiens à signaler une fuite importante d'eau en pleine rue à Lomé, cela risque d'inonder les environs si rien n'est fait rapidement.",signaler_fuite,Technique,Réponse automatique générée.,,lieu=Lomé
"Je tiens à signaler une fuite importante d'eau en pleine rue à Kegue, cela risque d'inonder les environs si rien n'est fait rapidement.",signaler_fuite,Technique,Réponse automatique générée.,,lieu=Kegue
"Je tiens à signaler une fuite importante d'eau en pleine rue à Kegue, cela risque d'inonder les environs si rien n'est fait rapidement.",signaler_fuite,Technique,Réponse automatique générée.,,lieu=Kegue
"Je tiens à signaler une fuite importante d'eau en pleine rue à Aného, cela risque d'inonder les environs si rien n'est fait rapidement.",signaler_fuite,Technique,Réponse automatique générée.,,lieu=Aného
"Je tiens à signaler une fuite importante d'eau en pleine rue à Agoè, cela risque d'inonder les environs si rien n'est fait rapidement.",signaler_fuite,Technique,Réponse automatique générée.,,lieu=Agoè
"Je tiens à signaler une fuite importante d'eau en pleine rue à Agoè, cela risque d'inonder les environs si rien n'est fait rapidement.",signaler_fuite,Technique,Réponse automatique générée.,,lieu=Agoè
"Je tiens à signaler une fuite importante d'eau en pleine rue à Kegue, cela risque d'inonder les environs si rien n'est fait rapidement.",signaler_fuite,Technique,Réponse automatique générée.,,lieu=Kegue
"Je tiens à signaler une fuite importante d'eau en pleine rue à Kegue, cela risque d'inonder les environs si rien n'est fait rapidement.",signaler_fuite,Technique,Réponse automatique générée.,,lieu=Kegue
"Je tiens à signaler une fuite importante d'eau en pleine rue à Aného, cela risque d'inonder les environs si rien n'est fait rapidement.",signaler_fuite,Technique,Réponse automatique générée.,,lieu=Aného
"Je tiens à signaler une fuite importante d'eau en pleine rue à Tsévié, cela risque d'inonder les environs si rien n'est fait rapidement.",signaler_fuite,Technique,Réponse automatique générée.,,lieu=Tsévié
"Je tiens à signaler une fuite importante d'eau en pleine rue à Aného, cela risque d'inonder les environs si rien n'est fait rapidement.",signaler_fuite,Technique,Réponse automatique générée.,,lieu=Aného
"Je tiens à signaler une fuite importante d'eau en pleine rue à Adidogomé, cela risque d'inonder les environs si rien n'est fait rapidement.",signaler_fuite,Technique,Réponse automatique générée.,,lieu=Adidogomé
"Je tiens à signaler une fuite importante d'eau en pleine rue à Lomé, cela risque d'inonder les environs si rien n'est fait rapidement.",signaler_fuite,Technique,Réponse automatique générée.,,lieu=Lomé
"Je tiens à signaler une fuite importante d'eau en pleine rue à Adidogomé, cela risque d'inonder les environs si rien n'est fait rapidement.",signaler_fuite,Technique,Réponse automatique générée.,,lieu=Adidogomé
"Je tiens à signaler une fuite importante d'eau en pleine rue à Agoè, cela risque d'inonder les environs si rien n'est fait rapidement.",signaler_fuite,Technique,Réponse automatique générée.,,lieu=Agoè
"Je tiens à signaler une fuite importante d'eau en pleine rue à Tsévié, cela risque d'inonder les environs si rien n'est fait rapidement.",signaler_fuite,Technique,Réponse automatique générée.,,lieu=Tsévié
"Je tiens à signaler une fuite importante d'eau en pleine rue à Tsévié, cela risque d'inonder les environs si rien n'est fait rapidement.",signaler_fuite,Technique,Réponse automatique générée.,,lieu=Tsévié
"Je tiens à signaler une fuite importante d'eau en pleine rue à Lomé, cela risque d'inonder les environs si rien n'est fait rapidement.",signaler_fuite,Technique,Réponse automatique générée.,,lieu=Lomé
"Je tiens à signaler une fuite importante d'eau en pleine rue à Agoè, cela risque d'inonder les environs si rien n'est fait rapidement.",signaler_fuite,Technique,Réponse automatique générée.,,lieu=Agoè
"Je tiens à signaler une fuite importante d'eau en pleine rue à Adidogomé, cela risque d'inonder les environs si rien n'est fait rapidement.",signaler_fuite,Technique,Réponse automatique générée.,,lieu=Adidogomé
"Je tiens à signaler une fuite importante d'eau en pleine rue à Aného, cela risque d'inonder les environs si rien n'est fait rapidement.",signaler_fuite,Technique,Réponse automatique générée.,,lieu=Aného
"Je tiens à signaler une fuite importante d'eau en pleine rue à Aného, cela risque d'inonder les environs si rien n'est fait rapidement.",signaler_fuite,Technique,Réponse automatique générée.,,lieu=Aného
"Je tiens à signaler une fuite importante d'eau en pleine rue à Lomé, cela risque d'inonder les environs si rien n'est fait rapidement.",signaler_fuite,Technique,Réponse automatique générée.,,lieu=Lomé
"Je tiens à signaler une fuite importante d'eau en pleine rue à Adidogomé, cela risque d'inonder les environs si rien n'est fait rapidement.",signaler_fuite,Technique,Réponse automatique générée.,,lieu=Adidogomé
"Je tiens à signaler une fuite importante d'eau en pleine rue à Adidogomé, cela risque d'inonder les environs si rien n'est fait rapidement.",signaler_fuite,Technique,Réponse automatique générée.,,lieu=Adidogomé
"Je tiens à signaler une fuite importante d'eau en pleine rue à Aného, cela risque d'inonder les environs si rien n'est fait rapidement.",signaler_fuite,Technique,Réponse automatique générée.,,lieu=Aného
"Je tiens à signaler une fuite importante d'eau en pleine rue à Lomé, cela risque d'inonder les environs si rien n'est fait rapidement.",signaler_fuite,Technique,Réponse automatique générée.,,lieu=Lomé
"Je tiens à signaler une fuite importante d'eau en pleine rue à Adidogomé, cela risque d'inonder les environs si rien n'est fait rapidement.",signaler_fuite,Technique,Réponse automatique générée.,,lieu=Adidogomé
"Je tiens à signaler une fuite importante d'eau en pleine rue à Tsévié, cela risque d'inonder les environs si rien n'est fait rapidement.",signaler_fuite,Technique,Réponse automatique générée.,,lieu=Tsévié
"Je tiens à signaler une fuite importante d'eau en pleine rue à Adidogomé, cela risque d'inonder les environs si rien n'est fait rapidement.",signaler_fuite,Technique,Réponse automatique générée.,,lieu=Adidogomé
"Je tiens à signaler une fuite importante d'eau en pleine rue à Agoè, cela risque d'inonder les environs si rien n'est fait rapidement.",signaler_fuite,Technique,Réponse automatique générée.,,lieu=Agoè
"Je tiens à signaler une fuite importante d'eau en pleine rue à Aného, cela risque d'inonder les environs si rien n'est fait rapidement.",signaler_fuite,Technique,Réponse automatique générée.,,lieu=Aného
"Je tiens à signaler une fuite importante d'eau en pleine rue à Adidogomé, cela risque d'inonder les environs si rien n'est fait rapidement.",signaler_fuite,Technique,Réponse automatique générée.,,lieu=Adidogomé
"Je tiens à signaler une fuite importante d'eau en pleine rue à Agoè, cela risque d'inonder les environs si rien n'est fait rapidement.",signaler_fuite,Technique,Réponse automatique générée.,,lieu=Agoè
"Je tiens à signaler une fuite importante d'eau en pleine rue à Aného, cela risque d'inonder les environs si rien n'est fait rapidement.",signaler_fuite,Technique,Réponse automatique générée.,,lieu=Aného
"Je tiens à signaler une fuite importante d'eau en pleine rue à Agoè, cela risque d'inonder les environs si rien n'est fait rapidement.",signaler_fuite,Technique,Réponse automatique générée.,,lieu=Agoè
"Je tiens à signaler une fuite importante d'eau en pleine rue à Aného, cela risque d'inonder les environs si rien n'est fait rapidement.",signaler_fuite,Technique,Réponse automatique générée.,,lieu=Aného
"Je tiens à signaler une fuite importante d'eau en pleine rue à Lomé, cela risque d'inonder les environs si rien n'est fait rapidement.",signaler_fuite,Technique,Réponse automatique générée.,,lieu=Lomé
"Je tiens à signaler une fuite importante d'eau en pleine rue à Tsévié, cela risque d'inonder les environs si rien n'est fait rapidement.",signaler_fuite,Technique,Réponse automatique générée.,,lieu=Tsévié
"Je tiens à signaler une fuite importante d'eau en pleine rue à Adidogomé, cela risque d'inonder les environs si rien n'est fait rapidement.",signaler_fuite,Technique,Réponse automatique générée.,,lieu=Adidogomé
"Je tiens à signaler une fuite importante d'eau en pleine rue à Agoè, cela risque d'inonder les environs si rien n'est fait rapidement.",signaler_fuite,Technique,Réponse automatique générée.,,lieu=Agoè
"Je tiens à signaler une fuite importante d'eau en pleine rue à Adidogomé, cela risque d'inonder les environs si rien n'est fait rapidement.",signaler_fuite,Technique,Réponse automatique générée.,,lieu=Adidogomé
"Je tiens à signaler une fuite importante d'eau en pleine rue à Tsévié, cela risque d'inonder les environs si rien n'est fait rapidement.",signaler_fuite,Technique,Réponse automatique générée.,,lieu=Tsévié
"Je tiens à signaler une fuite importante d'eau en pleine rue à Lomé, cela risque d'inonder les environs si rien n'est fait rapidement.",signaler_fuite,Technique,Réponse automatique générée.,,lieu=Lomé
"Depuis quelques jours à Adidogomé, la pression de l'eau est très faible, au point que nos appareils ne fonctionnent plus correctement.",signaler_basse_pression,Technique,Réponse automatique générée.,,lieu=Adidogomé
"Depuis quelques jours à Kegue, la pression de l'eau est très faible, au point que nos appareils ne fonctionnent plus correctement.",signaler_basse_pression,Technique,Réponse automatique générée.,,lieu=Kegue
"Depuis quelques jours à Aného, la pression de l'eau est très faible, au point que nos appareils ne fonctionnent plus correctement.",signaler_basse_pression,Technique,Réponse automatique générée.,,lieu=Aného
"Depuis quelques jours à Lomé, la pression de l'eau est très faible, au point que nos appareils ne fonctionnent plus correctement.",signaler_basse_pression,Technique,Réponse automatique générée.,,lieu=Lomé
"Depuis quelques jours à Kegue, la pression de l'eau est très faible, au point que nos appareils ne fonctionnent plus correctement.",signaler_basse_pression,Technique,Réponse automatique générée.,,lieu=Kegue
"Depuis quelques jours à Tsévié, la pression de l'eau est très faible, au point que nos appareils ne fonctionnent plus correctement.",signaler_basse_pression,Technique,Réponse automatique générée.,,lieu=Tsévié
"Depuis quelques jours à Tsévié, la pression de l'eau est très faible, au point que nos appareils ne fonctionnent plus correctement.",signaler_basse_pression,Technique,Réponse automatique générée.,,lieu=Tsévié
"Depuis quelques jours à Tsévié, la pression de l'eau est très faible, au point que nos appareils ne fonctionnent plus correctement.",signaler_basse_pression,Technique,Réponse automatique générée.,,lieu=Tsévié
"Depuis quelques jours à Tsévié, la pression de l'eau est très faible, au point que nos appareils ne fonctionnent plus correctement.",signaler_basse_pression,Technique,Réponse automatique générée.,,lieu=Tsévié
"Depuis quelques jours à Kegue, la pression de l'eau est très faible, au point que nos appareils ne fonctionnent plus correctement.",signaler_basse_pression,Technique,Réponse automatique générée.,,lieu=Kegue
"Depuis quelques jours à Tsévié, la pression de l'eau est très faible, au point que nos appareils ne fonctionnent plus correctement.",signaler_basse_pression,Technique,Réponse automatique générée.,,lieu=Tsévié
"Depuis quelques jours à Kegue, la pression de l'eau est très faible, au point que nos appareils ne fonctionnent plus correctement.",signaler_basse_pression,Technique,Réponse automatique générée.,,lieu=Kegue
"Depuis quelques jours à Aného, la pression de l'eau est très faible, au point que nos appareils ne fonctionnent plus correctement.",signaler_basse_pression,Technique,Réponse automatique générée.,,lieu=Aného
"Depuis quelques jours à Agoè, la pression de l'eau est très faible, au point que nos appareils ne fonctionnent plus correctement.",signaler_basse_pression,Technique,Réponse automatique générée.,,lieu=Agoè
"Depuis quelques jours à Agoè, la pression de l'eau est très faible, au point que nos appareils ne fonctionnent plus correctement.",signaler_basse_pression,Technique,Réponse automatique générée.,,lieu=Agoè
"Depuis quelques jours à Agoè, la pression de l'eau est très faible, au point que nos appareils ne fonctionnent plus correctement.",signaler_basse_pression,Technique,Réponse automatique générée.,,lieu=Agoè
"Depuis quelques jours à Adidogomé, la pression de l'eau est très faible, au point que nos appareils ne fonctionnent plus correctement.",signaler_basse_pression,Technique,Réponse automatique générée.,,lieu=Adidogomé
"Depuis quelques jours à Adidogomé, la pression de l'eau est très faible, au point que nos appareils ne fonctionnent plus correctement.",signaler_basse_pression,Technique,Réponse automatique générée.,,lieu=Adidogomé
"Depuis quelques jours à Tsévié, la pression de l'eau est très faible, au point que nos appareils ne fonctionnent plus correctement.",signaler_basse_pression,Technique,Réponse automatique générée.,,lieu=Tsévié
"Depuis quelques jours à Lomé, la pression de l'eau est très faible, au point que nos appareils ne fonctionnent plus correctement.",signaler_basse_pression,Technique,Réponse automatique générée.,,lieu=Lomé
"Depuis quelques jours à Aného, la pression de l'eau est très faible, au point que nos appareils ne fonctionnent plus correctement.",signaler_basse_pression,Technique,Réponse automatique générée.,,lieu=Aného
"Depuis quelques jours à Tsévié, la pression de l'eau est très faible, au point que nos appareils ne fonctionnent plus correctement.",signaler_basse_pression,Technique,Réponse automatique générée.,,lieu=Tsévié
"Depuis quelques jours à Kegue, la pression de l'eau est très faible, au point que nos appareils ne fonctionnent plus correctement.",signaler_basse_pression,Technique,Réponse automatique générée.,,lieu=Kegue
"Depuis quelques jours à Tsévié, la pression de l'eau est très faible, au point que nos appareils ne fonctionnent plus correctement.",signaler_basse_pression,Technique,Réponse automatique générée.,,lieu=Tsévié
"Depuis quelques jours à Lomé, la pression de l'eau est très faible, au point que nos appareils ne fonctionnent plus correctement.",signaler_basse_pression,Technique,Réponse automatique générée.,,lieu=Lomé
"Depuis quelques jours à Adidogomé, la pression de l'eau est très faible, au point que nos appareils ne fonctionnent plus correctement.",signaler_basse_pression,Technique,Réponse automatique générée.,,lieu=Adidogomé
"Depuis quelques jours à Lomé, la pression de l'eau est très faible, au point que nos appareils ne fonctionnent plus correctement.",signaler_basse_pression,Technique,Réponse automatique générée.,,lieu=Lomé
"Depuis quelques jours à Lomé, la pression de l'eau est très faible, au point que nos appareils ne fonctionnent plus correctement.",signaler_basse_pression,Technique,Réponse automatique générée.,,lieu=Lomé
"Depuis quelques jours à Aného, la pression de l'eau est très faible, au point que nos appareils ne fonctionnent plus correctement.",signaler_basse_pression,Technique,Réponse automatique générée.,,lieu=Aného
"Depuis quelques jours à Agoè, la pression de l'eau est très faible, au point que nos appareils ne fonctionnent plus correctement.",signaler_basse_pression,Technique,Réponse automatique générée.,,lieu=Agoè
"Depuis quelques jours à Adidogomé, la pression de l'eau est très faible, au point que nos appareils ne fonctionnent plus correctement.",signaler_basse_pression,Technique,Réponse automatique générée.,,lieu=Adidogomé
"Depuis quelques jours à Agoè, la pression de l'eau est très faible, au point que nos appareils ne fonctionnent plus correctement.",signaler_basse_pression,Technique,Réponse automatique générée.,,lieu=Agoè
"Depuis quelques jours à Tsévié, la pression de l'eau est très faible, au point que nos appareils ne fonctionnent plus correctement.",signaler_basse_pression,Technique,Réponse automatique générée.,,lieu=Tsévié
"Depuis quelques jours à Adidogomé, la pression de l'eau est très faible, au point que nos appareils ne fonctionnent plus correctement.",signaler_basse_pression,Technique,Réponse automatique générée.,,lieu=Adidogomé
"Depuis quelques jours à Agoè, la pression de l'eau est très faible, au point que nos appareils ne fonctionnent plus correctement.",signaler_basse_pression,Technique,Réponse automatique générée.,,lieu=Agoè
"Depuis quelques jours à Agoè, la pression de l'eau est très faible, au point que nos appareils ne fonctionnent plus correctement.",signaler_basse_pression,Technique,Réponse automatique générée.,,lieu=Agoè
"Depuis quelques jours à Adidogomé, la pression de l'eau est très faible, au point que nos appareils ne fonctionnent plus correctement.",signaler_basse_pression,Technique,Réponse automatique générée.,,lieu=Adidogomé
"Depuis quelques jours à Kegue, la pression de l'eau est très faible, au point que nos appareils ne fonctionnent plus correctement.",signaler_basse_pression,Technique,Réponse automatique générée.,,lieu=Kegue
"Depuis quelques jours à Agoè, la pression de l'eau est très faible, au point que nos appareils ne fonctionnent plus correctement.",signaler_basse_pression,Technique,Réponse automatique générée.,,lieu=Agoè
"Depuis quelques jours à Aného, la pression de l'eau est très faible, au point que nos appareils ne fonctionnent plus correctement.",signaler_basse_pression,Technique,Réponse automatique générée.,,lieu=Aného
"Depuis quelques jours à Adidogomé, la pression de l'eau est très faible, au point que nos appareils ne fonctionnent plus correctement.",signaler_basse_pression,Technique,Réponse automatique générée.,,lieu=Adidogomé
"Depuis quelques jours à Kegue, la pression de l'eau est très faible, au point que nos appareils ne fonctionnent plus correctement.",signaler_basse_pression,Technique,Réponse automatique générée.,,lieu=Kegue
"Depuis quelques jours à Agoè, la pression de l'eau est très faible, au point que nos appareils ne fonctionnent plus correctement.",signaler_basse_pression,Technique,Réponse automatique générée.,,lieu=Agoè
"Depuis quelques jours à Aného, la pression de l'eau est très faible, au point que nos appareils ne fonctionnent plus correctement.",signaler_basse_pression,Technique,Réponse automatique générée.,,lieu=Aného
"Depuis quelques jours à Adidogomé, la pression de l'eau est très faible, au point que nos appareils ne fonctionnent plus correctement.",signaler_basse_pression,Technique,Réponse automatique générée.,,lieu=Adidogomé
"Depuis quelques jours à Kegue, la pression de l'eau est très faible, au point que nos appareils ne fonctionnent plus correctement.",signaler_basse_pression,Technique,Réponse automatique générée.,,lieu=Kegue
"Depuis quelques jours à Aného, la pression de l'eau est très faible, au point que nos appareils ne fonctionnent plus correctement.",signaler_basse_pression,Technique,Réponse automatique générée.,,lieu=Aného
"Depuis quelques jours à Lomé, la pression de l'eau est très faible, au point que nos appareils ne fonctionnent plus correctement.",signaler_basse_pression,Technique,Réponse automatique générée.,,lieu=Lomé
"Depuis quelques jours à Adidogomé, la pression de l'eau est très faible, au point que nos appareils ne fonctionnent plus correctement.",signaler_basse_pression,Technique,Réponse automatique générée.,,lieu=Adidogomé
"Depuis quelques jours à Kegue, la pression de l'eau est très faible, au point que nos appareils ne fonctionnent plus correctement.",signaler_basse_pression,Technique,Réponse automatique générée.,,lieu=Kegue
"Depuis quelques jours à Lomé, la pression de l'eau est très faible, au point que nos appareils ne fonctionnent plus correctement.",signaler_basse_pression,Technique,Réponse automatique générée.,,lieu=Lomé
"Depuis quelques jours à Agoè, la pression de l'eau est très faible, au point que nos appareils ne fonctionnent plus correctement.",signaler_basse_pression,Technique,Réponse automatique générée.,,lieu=Agoè
"Depuis quelques jours à Lomé, la pression de l'eau est très faible, au point que nos appareils ne fonctionnent plus correctement.",signaler_basse_pression,Technique,Réponse automatique générée.,,lieu=Lomé
"Depuis quelques jours à Agoè, la pression de l'eau est très faible, au point que nos appareils ne fonctionnent plus correctement.",signaler_basse_pression,Technique,Réponse automatique générée.,,lieu=Agoè
"Depuis quelques jours à Adidogomé, la pression de l'eau est très faible, au point que nos appareils ne fonctionnent plus correctement.",signaler_basse_pression,Technique,Réponse automatique générée.,,lieu=Adidogomé
"Depuis quelques jours à Adidogomé, la pression de l'eau est très faible, au point que nos appareils ne fonctionnent plus correctement.",signaler_basse_pression,Technique,Réponse automatique générée.,,lieu=Adidogomé
"Depuis quelques jours à Adidogomé, la pression de l'eau est très faible, au point que nos appareils ne fonctionnent plus correctement.",signaler_basse_pression,Technique,Réponse automatique générée.,,lieu=Adidogomé
"Depuis quelques jours à Tsévié, la pression de l'eau est très faible, au point que nos appareils ne fonctionnent plus correctement.",signaler_basse_pression,Technique,Réponse automatique générée.,,lieu=Tsévié
"Depuis quelques jours à Lomé, la pression de l'eau est très faible, au point que nos appareils ne fonctionnent plus correctement.",signaler_basse_pression,Technique,Réponse automatique générée.,,lieu=Lomé
"Depuis quelques jours à Aného, la pression de l'eau est très faible, au point que nos appareils ne fonctionnent plus correctement.",signaler_basse_pression,Technique,Réponse automatique générée.,,lieu=Aného
"Depuis quelques jours à Agoè, la pression de l'eau est très faible, au point que nos appareils ne fonctionnent plus correctement.",signaler_basse_pression,Technique,Réponse automatique générée.,,lieu=Agoè
"Depuis quelques jours à Lomé, la pression de l'eau est très faible, au point que nos appareils ne fonctionnent plus correctement.",signaler_basse_pression,Technique,Réponse automatique générée.,,lieu=Lomé
"Depuis quelques jours à Kegue, la pression de l'eau est très faible, au point que nos appareils ne fonctionnent plus correctement.",signaler_basse_pression,Technique,Réponse automatique générée.,,lieu=Kegue
"Depuis quelques jours à Kegue, la pression de l'eau est très faible, au point que nos appareils ne fonctionnent plus correctement.",signaler_basse_pression,Technique,Réponse automatique générée.,,lieu=Kegue
"Depuis quelques jours à Kegue, la pression de l'eau est très faible, au point que nos appareils ne fonctionnent plus correctement.",signaler_basse_pression,Technique,Réponse automatique générée.,,lieu=Kegue
"Depuis quelques jours à Aného, la pression de l'eau est très faible, au point que nos appareils ne fonctionnent plus correctement.",signaler_basse_pression,Technique,Réponse automatique générée.,,lieu=Aného
"Depuis quelques jours à Tsévié, la pression de l'eau est très faible, au point que nos appareils ne fonctionnent plus correctement.",signaler_basse_pression,Technique,Réponse automatique générée.,,lieu=Tsévié
"Depuis quelques jours à Kegue, la pression de l'eau est très faible, au point que nos appareils ne fonctionnent plus correctement.",signaler_basse_pression,Technique,Réponse automatique générée.,,lieu=Kegue
"Depuis quelques jours à Kegue, la pression de l'eau est très faible, au point que nos appareils ne fonctionnent plus correctement.",signaler_basse_pression,Technique,Réponse automatique générée.,,lieu=Kegue
"Depuis quelques jours à Tsévié, la pression de l'eau est très faible, au point que nos appareils ne fonctionnent plus correctement.",signaler_basse_pression,Technique,Réponse automatique générée.,,lieu=Tsévié
"Je remarque que l'eau qui sort du robinet à Lomé est trouble et a une couleur inhabituelle, est-elle potable ?",signaler_eau_sale,Technique,Réponse automatique générée.,,lieu=Lomé
"Je remarque que l'eau qui sort du robinet à Adidogomé est trouble et a une couleur inhabituelle, est-elle potable ?",signaler_eau_sale,Technique,Réponse automatique générée.,,lieu=Adidogomé
"Je remarque que l'eau qui sort du robinet à Kegue est trouble et a une couleur inhabituelle, est-elle potable ?",signaler_eau_sale,Technique,Réponse automatique générée.,,lieu=Kegue
"Je remarque que l'eau qui sort du robinet à Lomé est trouble et a une couleur inhabituelle, est-elle potable ?",signaler_eau_sale,Technique,Réponse automatique générée.,,lieu=Lomé
"Je remarque que l'eau qui sort du robinet à Tsévié est trouble et a une couleur inhabituelle, est-elle potable ?",signaler_eau_sale,Technique,Réponse automatique générée.,,lieu=Tsévié
"Je remarque que l'eau qui sort du robinet à Lomé est trouble et a une couleur inhabituelle, est-elle potable ?",signaler_eau_sale,Technique,Réponse automatique générée.,,lieu=Lomé
"Je remarque que l'eau qui sort du robinet à Aného est trouble et a une couleur inhabituelle, est-elle potable ?",signaler_eau_sale,Technique,Réponse automatique générée.,,lieu=Aného
"Je remarque que l'eau qui sort du robinet à Aného est trouble et a une couleur inhabituelle, est-elle potable ?",signaler_eau_sale,Technique,Réponse automatique générée.,,lieu=Aného
"Je remarque que l'eau qui sort du robinet à Agoè est trouble et a une couleur inhabituelle, est-elle potable ?",signaler_eau_sale,Technique,Réponse automatique générée.,,lieu=Agoè
"Je remarque que l'eau qui sort du robinet à Lomé est trouble et a une couleur inhabituelle, est-elle potable ?",signaler_eau_sale,Technique,Réponse automatique générée.,,lieu=Lomé
"Je remarque que l'eau qui sort du robinet à Lomé est trouble et a une couleur inhabituelle, est-elle potable ?",signaler_eau_sale,Technique,Réponse automatique générée.,,lieu=Lomé
"Je remarque que l'eau qui sort du robinet à Agoè est trouble et a une couleur inhabituelle, est-elle potable ?",signaler_eau_sale,Technique,Réponse automatique générée.,,lieu=Agoè
"Je remarque que l'eau qui sort du robinet à Tsévié est trouble et a une couleur inhabituelle, est-elle potable ?",signaler_eau_sale,Technique,Réponse automatique générée.,,lieu=Tsévié
"Je remarque que l'eau qui sort du robinet à Agoè est trouble et a une couleur inhabituelle, est-elle potable ?",signaler_eau_sale,Technique,Réponse automatique générée.,,lieu=Agoè
"Je remarque que l'eau qui sort du robinet à Kegue est trouble et a une couleur inhabituelle, est-elle potable ?",signaler_eau_sale,Technique,Réponse automatique générée.,,lieu=Kegue
"Je remarque que l'eau qui sort du robinet à Agoè est trouble et a une couleur inhabituelle, est-elle potable ?",signaler_eau_sale,Technique,Réponse automatique générée.,,lieu=Agoè
"Je remarque que l'eau qui sort du robinet à Aného est trouble et a une couleur inhabituelle, est-elle potable ?",signaler_eau_sale,Technique,Réponse automatique générée.,,lieu=Aného
"Je remarque que l'eau qui sort du robinet à Aného est trouble et a une couleur inhabituelle, est-elle potable ?",signaler_eau_sale,Technique,Réponse automatique générée.,,lieu=Aného
"Je remarque que l'eau qui sort du robinet à Aného est trouble et a une couleur inhabituelle, est-elle potable ?",signaler_eau_sale,Technique,Réponse automatique générée.,,lieu=Aného
"Je remarque que l'eau qui sort du robinet à Adidogomé est trouble et a une couleur inhabituelle, est-elle potable ?",signaler_eau_sale,Technique,Réponse automatique générée.,,lieu=Adidogomé
"Je remarque que l'eau qui sort du robinet à Kegue est trouble et a une couleur inhabituelle, est-elle potable ?",signaler_eau_sale,Technique,Réponse automatique générée.,,lieu=Kegue
"Je remarque que l'eau qui sort du robinet à Agoè est trouble et a une couleur inhabituelle, est-elle potable ?",signaler_eau_sale,Technique,Réponse automatique générée.,,lieu=Agoè
"Je remarque que l'eau qui sort du robinet à Aného est trouble et a une couleur inhabituelle, est-elle potable ?",signaler_eau_sale,Technique,Réponse automatique générée.,,lieu=Aného
"Je remarque que l'eau qui sort du robinet à Tsévié est trouble et a une couleur inhabituelle, est-elle potable ?",signaler_eau_sale,Technique,Réponse automatique générée.,,lieu=Tsévié
"Je remarque que l'eau qui sort du robinet à Kegue est trouble et a une couleur inhabituelle, est-elle potable ?",signaler_eau_sale,Technique,Réponse automatique générée.,,lieu=Kegue
"Je remarque que l'eau qui sort du robinet à Tsévié est trouble et a une couleur inhabituelle, est-elle potable ?",signaler_eau_sale,Technique,Réponse automatique générée.,,lieu=Tsévié
"Je remarque que l'eau qui sort du robinet à Agoè est trouble et a une couleur inhabituelle, est-elle potable ?",signaler_eau_sale,Technique,Réponse automatique générée.,,lieu=Agoè
"Je remarque que l'eau qui sort du robinet à Kegue est trouble et a une couleur inhabituelle, est-elle potable ?",signaler_eau_sale,Technique,Réponse automatique générée.,,lieu=Kegue
"Je remarque que l'eau qui sort du robinet à Agoè est trouble et a une couleur inhabituelle, est-elle potable ?",signaler_eau_sale,Technique,Réponse automatique générée.,,lieu=Agoè
"Je remarque que l'eau qui sort du robinet à Kegue est trouble et a une couleur inhabituelle, est-elle potable ?",signaler_eau_sale,Technique,Réponse automatique générée.,,lieu=Kegue
"Je remarque que l'eau qui sort du robinet à Adidogomé est trouble et a une couleur inhabituelle, est-elle potable ?",signaler_eau_sale,Technique,Réponse automatique générée.,,lieu=Adidogomé
"Je remarque que l'eau qui sort du robinet à Adidogomé est trouble et a une couleur inhabituelle, est-elle potable ?",signaler_eau_sale,Technique,Réponse automatique générée.,,lieu=Adidogomé
"Je remarque que l'eau qui sort du robinet à Tsévié est trouble et a une couleur inhabituelle, est-elle potable ?",signaler_eau_sale,Technique,Réponse automatique générée.,,lieu=Tsévié
"Je remarque que l'eau qui sort du robinet à Tsévié est trouble et a une couleur inhabituelle, est-elle potable ?",signaler_eau_sale,Technique,Réponse automatique générée.,,lieu=Tsévié
"Je remarque que l'eau qui sort du robinet à Lomé est trouble et a une couleur inhabituelle, est-elle potable ?",signaler_eau_sale,Technique,Réponse automatique générée.,,lieu=Lomé
"Je remarque que l'eau qui sort du robinet à Agoè est trouble et a une couleur inhabituelle, est-elle potable ?",signaler_eau_sale,Technique,Réponse automatique générée.,,lieu=Agoè
"Je remarque que l'eau qui sort du robinet à Tsévié est trouble et a une couleur inhabituelle, est-elle potable ?",signaler_eau_sale,Technique,Réponse automatique générée.,,lieu=Tsévié
"Je remarque que l'eau qui sort du robinet à Agoè est trouble et a une couleur inhabituelle, est-elle potable ?",signaler_eau_sale,Technique,Réponse automatique générée.,,lieu=Agoè
"Je remarque que l'eau qui sort du robinet à Kegue est trouble et a une couleur inhabituelle, est-elle potable ?",signaler_eau_sale,Technique,Réponse automatique générée.,,lieu=Kegue
"Je remarque que l'eau qui sort du robinet à Agoè est trouble et a une couleur inhabituelle, est-elle potable ?",signaler_eau_sale,Technique,Réponse automatique générée.,,lieu=Agoè
"Je remarque que l'eau qui sort du robinet à Agoè est trouble et a une couleur inhabituelle, est-elle potable ?",signaler_eau_sale,Technique,Réponse automatique générée.,,lieu=Agoè
"Je remarque que l'eau qui sort du robinet à Tsévié est trouble et a une couleur inhabituelle, est-elle potable ?",signaler_eau_sale,Technique,Réponse automatique générée.,,lieu=Tsévié
"Je remarque que l'eau qui sort du robinet à Adidogomé est trouble et a une couleur inhabituelle, est-elle potable ?",signaler_eau_sale,Technique,Réponse automatique générée.,,lieu=Adidogomé
"Je remarque que l'eau qui sort du robinet à Adidogomé est trouble et a une couleur inhabituelle, est-elle potable ?",signaler_eau_sale,Technique,Réponse automatique générée.,,lieu=Adidogomé
"Je remarque que l'eau qui sort du robinet à Lomé est trouble et a une couleur inhabituelle, est-elle potable ?",signaler_eau_sale,Technique,Réponse automatique générée.,,lieu=Lomé
"Je remarque que l'eau qui sort du robinet à Tsévié est trouble et a une couleur inhabituelle, est-elle potable ?",signaler_eau_sale,Technique,Réponse automatique générée.,,lieu=Tsévié
"Je remarque que l'eau qui sort du robinet à Tsévié est trouble et a une couleur inhabituelle, est-elle potable ?",signaler_eau_sale,Technique,Réponse automatique générée.,,lieu=Tsévié
"Je remarque que l'eau qui sort du robinet à Aného est trouble et a une couleur inhabituelle, est-elle potable ?",signaler_eau_sale,Technique,Réponse automatique générée.,,lieu=Aného
"Je remarque que l'eau qui sort du robinet à Aného est trouble et a une couleur inhabituelle, est-elle potable ?",signaler_eau_sale,Technique,Réponse automatique générée.,,lieu=Aného
"Je remarque que l'eau qui sort du robinet à Aného est trouble et a une couleur inhabituelle, est-elle potable ?",signaler_eau_sale,Technique,Réponse automatique générée.,,lieu=Aného
"Je remarque que l'eau qui sort du robinet à Agoè est trouble et a une couleur inhabituelle, est-elle potable ?",signaler_eau_sale,Technique,Réponse automatique générée.,,lieu=Agoè
"Je remarque que l'eau qui sort du robinet à Lomé est trouble et a une couleur inhabituelle, est-elle potable ?",signaler_eau_sale,Technique,Réponse automatique générée.,,lieu=Lomé
"Je remarque que l'eau qui sort du robinet à Tsévié est trouble et a une couleur inhabituelle, est-elle potable ?",signaler_eau_sale,Technique,Réponse automatique générée.,,lieu=Tsévié
"Je remarque que l'eau qui sort du robinet à Agoè est trouble et a une couleur inhabituelle, est-elle potable ?",signaler_eau_sale,Technique,Réponse automatique générée.,,lieu=Agoè
"Je remarque que l'eau qui sort du robinet à Tsévié est trouble et a une couleur inhabituelle, est-elle potable ?",signaler_eau_sale,Technique,Réponse automatique générée.,,lieu=Tsévié
"Je remarque que l'eau qui sort du robinet à Lomé est trouble et a une couleur inhabituelle, est-elle potable ?",signaler_eau_sale,Technique,Réponse automatique générée.,,lieu=Lomé
"Je remarque que l'eau qui sort du robinet à Lomé est trouble et a une couleur inhabituelle, est-elle potable ?",signaler_eau_sale,Technique,Réponse automatique générée.,,lieu=Lomé
"Je remarque que l'eau qui sort du robinet à Kegue est trouble et a une couleur inhabituelle, est-elle potable ?",signaler_eau_sale,Technique,Réponse automatique générée.,,lieu=Kegue
"Je remarque que l'eau qui sort du robinet à Adidogomé est trouble et a une couleur inhabituelle, est-elle potable ?",signaler_eau_sale,Technique,Réponse automatique générée.,,lieu=Adidogomé
"Je remarque que l'eau qui sort du robinet à Tsévié est trouble et a une couleur inhabituelle, est-elle potable ?",signaler_eau_sale,Technique,Réponse automatique générée.,,lieu=Tsévié
"Je remarque que l'eau qui sort du robinet à Kegue est trouble et a une couleur inhabituelle, est-elle potable ?",signaler_eau_sale,Technique,Réponse automatique générée.,,lieu=Kegue
"Je remarque que l'eau qui sort du robinet à Agoè est trouble et a une couleur inhabituelle, est-elle potable ?",signaler_eau_sale,Technique,Réponse automatique générée.,,lieu=Agoè
"Je remarque que l'eau qui sort du robinet à Agoè est trouble et a une couleur inhabituelle, est-elle potable ?",signaler_eau_sale,Technique,Réponse automatique générée.,,lieu=Agoè
"Je remarque que l'eau qui sort du robinet à Agoè est trouble et a une couleur inhabituelle, est-elle potable ?",signaler_eau_sale,Technique,Réponse automatique générée.,,lieu=Agoè
"Je remarque que l'eau qui sort du robinet à Aného est trouble et a une couleur inhabituelle, est-elle potable ?",signaler_eau_sale,Technique,Réponse automatique générée.,,lieu=Aného
"Je remarque que l'eau qui sort du robinet à Lomé est trouble et a une couleur inhabituelle, est-elle potable ?",signaler_eau_sale,Technique,Réponse automatique générée.,,lieu=Lomé
"Je remarque que l'eau qui sort du robinet à Agoè est trouble et a une couleur inhabituelle, est-elle potable ?",signaler_eau_sale,Technique,Réponse automatique générée.,,lieu=Agoè
"Je remarque que l'eau qui sort du robinet à Agoè est trouble et a une couleur inhabituelle, est-elle potable ?",signaler_eau_sale,Technique,Réponse automatique générée.,,lieu=Agoè
"Je remarque que l'eau qui sort du robinet à Agoè est trouble et a une couleur inhabituelle, est-elle potable ?",signaler_eau_sale,Technique,Réponse automatique générée.,,lieu=Agoè
"Je remarque que l'eau qui sort du robinet à Tsévié est trouble et a une couleur inhabituelle, est-elle potable ?",signaler_eau_sale,Technique,Réponse automatique générée.,,lieu=Tsévié
Je voudrais savoir s'il est possible de payer ma facture d'eau via T-Money ou Flooz sans me déplacer en agence.,paiement_facture,Facturation,Réponse automatique générée.,,
Je voudrais savoir s'il est possible de payer ma facture d'eau via T-Money ou Flooz sans me déplacer en agence.,paiement_facture,Facturation,Réponse automatique générée.,,
Je voudrais savoir s'il est possible de payer ma facture d'eau via T-Money ou Flooz sans me déplacer en agence.,paiement_facture,Facturation,Réponse automatique générée.,,
Je voudrais savoir s'il est possible de payer ma facture d'eau via T-Money ou Flooz sans me déplacer en agence.,paiement_facture,Facturation,Réponse automatique générée.,,
Je voudrais savoir s'il est possible de payer ma facture d'eau via T-Money ou Flooz sans me déplacer en agence.,paiement_facture,Facturation,Réponse automatique générée.,,
Je voudrais savoir s'il est possible de payer ma facture d'eau via T-Money ou Flooz sans me déplacer en agence.,paiement_facture,Facturation,Réponse automatique générée.,,
Je voudrais savoir s'il est possible de payer ma facture d'eau via T-Money ou Flooz sans me déplacer en agence.,paiement_facture,Facturation,Réponse automatique générée.,,
Je voudrais savoir s'il est possible de payer ma facture d'eau via T-Money ou Flooz sans me déplacer en agence.,paiement_facture,Facturation,Réponse automatique générée.,,
Je voudrais savoir s'il est possible de payer ma facture d'eau via T-Money ou Flooz sans me déplacer en agence.,paiement_facture,Facturation,Réponse automatique générée.,,
Je voudrais savoir s'il est possible de payer ma facture d'eau via T-Money ou Flooz sans me déplacer en agence.,paiement_facture,Facturation,Réponse automatique générée.,,
Je voudrais savoir s'il est possible de payer ma facture d'eau via T-Money ou Flooz sans me déplacer en agence.,paiement_facture,Facturation,Réponse automatique générée.,,
Je voudrais savoir s'il est possible de payer ma facture d'eau via T-Money ou Flooz sans me déplacer en agence.,paiement_facture,Facturation,Réponse automatique générée.,,
Je voudrais savoir s'il est possible de payer ma facture d'eau via T-Money ou Flooz sans me déplacer en agence.,paiement_facture,Facturation,Réponse automatique générée.,,
Je voudrais savoir s'il est possible de payer ma facture d'eau via T-Money ou Flooz sans me déplacer en agence.,paiement_facture,Facturation,Réponse automatique générée.,,
Je voudrais savoir s'il est possible de payer ma facture d'eau via T-Money ou Flooz sans me déplacer en agence.,paiement_facture,Facturation,Réponse automatique générée.,,
Je voudrais savoir s'il est possible de payer ma facture d'eau via T-Money ou Flooz sans me déplacer en agence.,paiement_facture,Facturation,Réponse automatique générée.,,
Je voudrais savoir s'il est possible de payer ma facture d'eau via T-Money ou Flooz sans me déplacer en agence.,paiement_facture,Facturation,Réponse automatique générée.,,
Je voudrais savoir s'il est possible de payer ma facture d'eau via T-Money ou Flooz sans me déplacer en agence.,paiement_facture,Facturation,Réponse automatique générée.,,
Je voudrais savoir s'il est possible de payer ma facture d'eau via T-Money ou Flooz sans me déplacer en agence.,paiement_facture,Facturation,Réponse automatique générée.,,
Je voudrais savoir s'il est possible de payer ma facture d'eau via T-Money ou Flooz sans me déplacer en agence.,paiement_facture,Facturation,Réponse automatique générée.,,
Je voudrais savoir s'il est possible de payer ma facture d'eau via T-Money ou Flooz sans me déplacer en agence.,paiement_facture,Facturation,Réponse automatique générée.,,
Je voudrais savoir s'il est possible de payer ma facture d'eau via T-Money ou Flooz sans me déplacer en agence.,paiement_facture,Facturation,Réponse automatique générée.,,
Je voudrais savoir s'il est possible de payer ma facture d'eau via T-Money ou Flooz sans me déplacer en agence.,paiement_facture,Facturation,Réponse automatique générée.,,
Je voudrais savoir s'il est possible de payer ma facture d'eau via T-Money ou Flooz sans me déplacer en agence.,paiement_facture,Facturation,Réponse automatique générée.,,
Je voudrais savoir s'il est possible de payer ma facture d'eau via T-Money ou Flooz sans me déplacer en agence.,paiement_facture,Facturation,Réponse automatique générée.,,
Je voudrais savoir s'il est possible de payer ma facture d'eau via T-Money ou Flooz sans me déplacer en agence.,paiement_facture,Facturation,Réponse automatique générée.,,
Je voudrais savoir s'il est possible de payer ma facture d'eau via T-Money ou Flooz sans me déplacer en agence.,paiement_facture,Facturation,Réponse automatique générée.,,
Je voudrais savoir s'il est possible de payer ma facture d'eau via T-Money ou Flooz sans me déplacer en agence.,paiement_facture,Facturation,Réponse automatique générée.,,
Je voudrais savoir s'il est possible de payer ma facture d'eau via T-Money ou Flooz sans me déplacer en agence.,paiement_facture,Facturation,Réponse automatique générée.,,
Je voudrais savoir s'il est possible de payer ma facture d'eau via T-Money ou Flooz sans me déplacer en agence.,paiement_facture,Facturation,Réponse automatique générée.,,
Je voudrais savoir s'il est possible de payer ma facture d'eau via T-Money ou Flooz sans me déplacer en agence.,paiement_facture,Facturation,Réponse automatique générée.,,
Je voudrais savoir s'il est possible de payer ma facture d'eau via T-Money ou Flooz sans me déplacer en agence.,paiement_facture,Facturation,Réponse automatique générée.,,
Je voudrais savoir s'il est possible de payer ma facture d'eau via T-Money ou Flooz sans me déplacer en agence.,paiement_facture,Facturation,Réponse automatique générée.,,
Je voudrais savoir s'il est possible de payer ma facture d'eau via T-Money ou Flooz sans me déplacer en agence.,paiement_facture,Facturation,Réponse automatique générée.,,
Je voudrais savoir s'il est possible de payer ma facture d'eau via T-Money ou Flooz sans me déplacer en agence.,paiement_facture,Facturation,Réponse automatique générée.,,
Je voudrais savoir s'il est possible de payer ma facture d'eau via T-Money ou Flooz sans me déplacer en agence.,paiement_facture,Facturation,Réponse automatique générée.,,
Je voudrais savoir s'il est possible de payer ma facture d'eau via T-Money ou Flooz sans me déplacer en agence.,paiement_facture,Facturation,Réponse automatique générée.,,
Je voudrais savoir s'il est possible de payer ma facture d'eau via T-Money ou Flooz sans me déplacer en agence.,paiement_facture,Facturation,Réponse automatique générée.,,
Je voudrais savoir s'il est possible de payer ma facture d'eau via T-Money ou Flooz sans me déplacer en agence.,paiement_facture,Facturation,Réponse automatique générée.,,
Je voudrais savoir s'il est possible de payer ma facture d'eau via T-Money ou Flooz sans me déplacer en agence.,paiement_facture,Facturation,Réponse automatique générée.,,
Je voudrais savoir s'il est possible de payer ma facture d'eau via T-Money ou Flooz sans me déplacer en agence.,paiement_facture,Facturation,Réponse automatique générée.,,
Je voudrais savoir s'il est possible de payer ma facture d'eau via T-Money ou Flooz sans me déplacer en agence.,paiement_facture,Facturation,Réponse automatique générée.,,
Je voudrais savoir s'il est possible de payer ma facture d'eau via T-Money ou Flooz sans me déplacer en agence.,paiement_facture,Facturation,Réponse automatique générée.,,
Je voudrais savoir s'il est possible de payer ma facture d'eau via T-Money ou Flooz sans me déplacer en agence.,paiement_facture,Facturation,Réponse automatique générée.,,
Je voudrais savoir s'il est possible de payer ma facture d'eau via T-Money ou Flooz sans me déplacer en agence.,paiement_facture,Facturation,Réponse automatique générée.,,
Je voudrais savoir s'il est possible de payer ma facture d'eau via T-Money ou Flooz sans me déplacer en agence.,paiement_facture,Facturation,Réponse automatique générée.,,
Je voudrais savoir s'il est possible de payer ma facture d'eau via T-Money ou Flooz sans me déplacer en agence.,paiement_facture,Facturation,Réponse automatique générée.,,
Je voudrais savoir s'il est possible de payer ma facture d'eau via T-Money ou Flooz sans me déplacer en agence.,paiement_facture,Facturation,Réponse automatique générée.,,
Je voudrais savoir s'il est possible de payer ma facture d'eau via T-Money ou Flooz sans me déplacer en agence.,paiement_facture,Facturation,Réponse automatique générée.,,
Je voudrais savoir s'il est possible de payer ma facture d'eau via T-Money ou Flooz sans me déplacer en agence.,paiement_facture,Facturation,Réponse automatique générée.,,
Je voudrais savoir s'il est possible de payer ma facture d'eau via T-Money ou Flooz sans me déplacer en agence.,paiement_facture,Facturation,Réponse automatique générée.,,
Je voudrais savoir s'il est possible de payer ma facture d'eau via T-Money ou Flooz sans me déplacer en agence.,paiement_facture,Facturation,Réponse automatique générée.,,
Je voudrais savoir s'il est possible de payer ma facture d'eau via T-Money ou Flooz sans me déplacer en agence.,paiement_facture,Facturation,Réponse automatique générée.,,
Je voudrais savoir s'il est possible de payer ma facture d'eau via T-Money ou Flooz sans me déplacer en agence.,paiement_facture,Facturation,Réponse automatique générée.,,
Je voudrais savoir s'il est possible de payer ma facture d'eau via T-Money ou Flooz sans me déplacer en agence.,paiement_facture,Facturation,Réponse automatique générée.,,
Je voudrais savoir s'il est possible de payer ma facture d'eau via T-Money ou Flooz sans me déplacer en agence.,paiement_facture,Facturation,Réponse automatique générée.,,
Je voudrais savoir s'il est possible de payer ma facture d'eau via T-Money ou Flooz sans me déplacer en agence.,paiement_facture,Facturation,Réponse automatique générée.,,
Je voudrais savoir s'il est possible de payer ma facture d'eau via T-Money ou Flooz sans me déplacer en agence.,paiement_facture,Facturation,Réponse automatique générée.,,
Je voudrais savoir s'il est possible de payer ma facture d'eau via T-Money ou Flooz sans me déplacer en agence.,paiement_facture,Facturation,Réponse automatique générée.,,
Je voudrais savoir s'il est possible de payer ma facture d'eau via T-Money ou Flooz sans me déplacer en agence.,paiement_facture,Facturation,Réponse automatique générée.,,
Je voudrais savoir s'il est possible de payer ma facture d'eau via T-Money ou Flooz sans me déplacer en agence.,paiement_facture,Facturation,Réponse automatique générée.,,
Je voudrais savoir s'il est possible de payer ma facture d'eau via T-Money ou Flooz sans me déplacer en agence.,paiement_facture,Facturation,Réponse automatique générée.,,
Je voudrais savoir s'il est possible de payer ma facture d'eau via T-Money ou Flooz sans me déplacer en agence.,paiement_facture,Facturation,Réponse automatique générée.,,
Je voudrais savoir s'il est possible de payer ma facture d'eau via T-Money ou Flooz sans me déplacer en agence.,paiement_facture,Facturation,Réponse automatique générée.,,
Je voudrais savoir s'il est possible de payer ma facture d'eau via T-Money ou Flooz sans me déplacer en agence.,paiement_facture,Facturation,Réponse automatique générée.,,
Je voudrais savoir s'il est possible de payer ma facture d'eau via T-Money ou Flooz sans me déplacer en agence.,paiement_facture,Facturation,Réponse automatique générée.,,
Je voudrais savoir s'il est possible de payer ma facture d'eau via T-Money ou Flooz sans me déplacer en agence.,paiement_facture,Facturation,Réponse automatique générée.,,
Je voudrais savoir s'il est possible de payer ma facture d'eau via T-Money ou Flooz sans me déplacer en agence.,paiement_facture,Facturation,Réponse automatique générée.,,
Je voudrais savoir s'il est possible de payer ma facture d'eau via T-Money ou Flooz sans me déplacer en agence.,paiement_facture,Facturation,Réponse automatique générée.,,
Je voudrais savoir s'il est possible de payer ma facture d'eau via T-Money ou Flooz sans me déplacer en agence.,paiement_facture,Facturation,Réponse automatique générée.,,
"Je ne comprends pas pourquoi ma facture est aussi élevée alors que ma consommation n'a pas changé, pourriez-vous vérifier cela ?",reclamation_facture,Facturation,Réponse automatique générée.,,
"Je ne comprends pas pourquoi ma facture est aussi élevée alors que ma consommation n'a pas changé, pourriez-vous vérifier cela ?",reclamation_facture,Facturation,Réponse automatique générée.,,
"Je ne comprends pas pourquoi ma facture est aussi élevée alors que ma consommation n'a pas changé, pourriez-vous vérifier cela ?",reclamation_facture,Facturation,Réponse automatique générée.,,
"Je ne comprends pas pourquoi ma facture est aussi élevée alors que ma consommation n'a pas changé, pourriez-vous vérifier cela ?",reclamation_facture,Facturation,Réponse automatique générée.,,
"Je ne comprends pas pourquoi ma facture est aussi élevée alors que ma consommation n'a pas changé, pourriez-vous vérifier cela ?",reclamation_facture,Facturation,Réponse automatique générée.,,
"Je ne comprends pas pourquoi ma facture est aussi élevée alors que ma consommation n'a pas changé, pourriez-vous vérifier cela ?",reclamation_facture,Facturation,Réponse automatique générée.,,
"Je ne comprends pas pourquoi ma facture est aussi élevée alors que ma consommation n'a pas changé, pourriez-vous vérifier cela ?",reclamation_facture,Facturation,Réponse automatique générée.,,
"Je ne comprends pas pourquoi ma facture est aussi élevée alors que ma consommation n'a pas changé, pourriez-vous vérifier cela ?",reclamation_facture,Facturation,Réponse automatique générée.,,
"Je ne comprends pas pourquoi ma facture est aussi élevée alors que ma consommation n'a pas changé, pourriez-vous vérifier cela ?",reclamation_facture,Facturation,Réponse automatique générée.,,
"Je ne comprends pas pourquoi ma facture est aussi élevée alors que ma consommation n'a pas changé, pourriez-vous vérifier cela ?",reclamation_facture,Facturation,Réponse automatique générée.,,
"Je ne comprends pas pourquoi ma facture est aussi élevée alors que ma consommation n'a pas changé, pourriez-vous vérifier cela ?",reclamation_facture,Facturation,Réponse automatique générée.,,
"Je ne comprends pas pourquoi ma facture est aussi élevée alors que ma consommation n'a pas changé, pourriez-vous vérifier cela ?",reclamation_facture,Facturation,Réponse automatique générée.,,
"Je ne comprends pas pourquoi ma facture est aussi élevée alors que ma consommation n'a pas changé, pourriez-vous vérifier cela ?",reclamation_facture,Facturation,Réponse automatique générée.,,
"Je ne comprends pas pourquoi ma facture est aussi élevée alors que ma consommation n'a pas changé, pourriez-vous vérifier cela ?",reclamation_facture,Facturation,Réponse automatique générée.,,
"Je ne comprends pas pourquoi ma facture est aussi élevée alors que ma consommation n'a pas changé, pourriez-vous vérifier cela ?",reclamation_facture,Facturation,Réponse automatique générée.,,
"Je ne comprends pas pourquoi ma facture est aussi élevée alors que ma consommation n'a pas changé, pourriez-vous vérifier cela ?",reclamation_facture,Facturation,Réponse automatique générée.,,
"Je ne comprends pas pourquoi ma facture est aussi élevée alors que ma consommation n'a pas changé, pourriez-vous vérifier cela ?",reclamation_facture,Facturation,Réponse automatique générée.,,
"Je ne comprends pas pourquoi ma facture est aussi élevée alors que ma consommation n'a pas changé, pourriez-vous vérifier cela ?",reclamation_facture,Facturation,Réponse automatique générée.,,
"Je ne comprends pas pourquoi ma facture est aussi élevée alors que ma consommation n'a pas changé, pourriez-vous vérifier cela ?",reclamation_facture,Facturation,Réponse automatique générée.,,
"Je ne comprends pas pourquoi ma facture est aussi élevée alors que ma consommation n'a pas changé, pourriez-vous vérifier cela ?",reclamation_facture,Facturation,Réponse automatique générée.,,
"Je ne comprends pas pourquoi ma facture est aussi élevée alors que ma consommation n'a pas changé, pourriez-vous vérifier cela ?",reclamation_facture,Facturation,Réponse automatique générée.,,
"Je ne comprends pas pourquoi ma facture est aussi élevée alors que ma consommation n'a pas changé, pourriez-vous vérifier cela ?",reclamation_facture,Facturation,Réponse automatique générée.,,
"Je ne comprends pas pourquoi ma facture est aussi élevée alors que ma consommation n'a pas changé, pourriez-vous vérifier cela ?",reclamation_facture,Facturation,Réponse automatique générée.,,
"Je ne comprends pas pourquoi ma facture est aussi élevée alors que ma consommation n'a pas changé, pourriez-vous vérifier cela ?",reclamation_facture,Facturation,Réponse automatique générée.,,
"Je ne comprends pas pourquoi ma facture est aussi élevée alors que ma consommation n'a pas changé, pourriez-vous vérifier cela ?",reclamation_facture,Facturation,Réponse automatique générée.,,
"Je ne comprends pas pourquoi ma facture est aussi élevée alors que ma consommation n'a pas changé, pourriez-vous vérifier cela ?",reclamation_facture,Facturation,Réponse automatique générée.,,
"Je ne comprends pas pourquoi ma facture est aussi élevée alors que ma consommation n'a pas changé, pourriez-vous vérifier cela ?",reclamation_facture,Facturation,Réponse automatique générée.,,
"Je ne comprends pas pourquoi ma facture est aussi élevée alors que ma consommation n'a pas changé, pourriez-vous vérifier cela ?",reclamation_facture,Facturation,Réponse automatique générée.,,
"Je ne comprends pas pourquoi ma facture est aussi élevée alors que ma consommation n'a pas changé, pourriez-vous vérifier cela ?",reclamation_facture,Facturation,Réponse automatique générée.,,
"Je ne comprends pas pourquoi ma facture est aussi élevée alors que ma consommation n'a pas changé, pourriez-vous vérifier cela ?",reclamation_facture,Facturation,Réponse automatique générée.,,
"Je ne comprends pas pourquoi ma facture est aussi élevée alors que ma consommation n'a pas changé, pourriez-vous vérifier cela ?",reclamation_facture,Facturation,Réponse automatique générée.,,
"Je ne comprends pas pourquoi ma facture est aussi élevée alors que ma consommation n'a pas changé, pourriez-vous vérifier cela ?",reclamation_facture,Facturation,Réponse automatique générée.,,
"Je ne comprends pas pourquoi ma facture est aussi élevée alors que ma consommation n'a pas changé, pourriez-vous vérifier cela ?",reclamation_facture,Facturation,Réponse automatique générée.,,
"Je ne comprends pas pourquoi ma facture est aussi élevée alors que ma consommation n'a pas changé, pourriez-vous vérifier cela ?",reclamation_facture,Facturation,Réponse automatique générée.,,
"Je ne comprends pas pourquoi ma facture est aussi élevée alors que ma consommation n'a pas changé, pourriez-vous vérifier cela ?",reclamation_facture,Facturation,Réponse automatique générée.,,
"Je ne comprends pas pourquoi ma facture est aussi élevée alors que ma consommation n'a pas changé, pourriez-vous vérifier cela ?",reclamation_facture,Facturation,Réponse automatique générée.,,
"Je ne comprends pas pourquoi ma facture est aussi élevée alors que ma consommation n'a pas changé, pourriez-vous vérifier cela ?",reclamation_facture,Facturation,Réponse automatique générée.,,
"Je ne comprends pas pourquoi ma facture est aussi élevée alors que ma consommation n'a pas changé, pourriez-vous vérifier cela ?",reclamation_facture,Facturation,Réponse automatique générée.,,
"Je ne comprends pas pourquoi ma facture est aussi élevée alors que ma consommation n'a pas changé, pourriez-vous vérifier cela ?",reclamation_facture,Facturation,Réponse automatique générée.,,
"Je ne comprends pas pourquoi ma facture est aussi élevée alors que ma consommation n'a pas changé, pourriez-vous vérifier cela ?",reclamation_facture,Facturation,Réponse automatique générée.,,
"Je ne comprends pas pourquoi ma facture est aussi élevée alors que ma consommation n'a pas changé, pourriez-vous vérifier cela ?",reclamation_facture,Facturation,Réponse automatique générée.,,
"Je ne comprends pas pourquoi ma facture est aussi élevée alors que ma consommation n'a pas changé, pourriez-vous vérifier cela ?",reclamation_facture,Facturation,Réponse automatique générée.,,
"Je ne comprends pas pourquoi ma facture est aussi élevée alors que ma consommation n'a pas changé, pourriez-vous vérifier cela ?",reclamation_facture,Facturation,Réponse automatique générée.,,
"Je ne comprends pas pourquoi ma facture est aussi élevée alors que ma consommation n'a pas changé, pourriez-vous vérifier cela ?",reclamation_facture,Facturation,Réponse automatique générée.,,
"Je ne comprends pas pourquoi ma facture est aussi élevée alors que ma consommation n'a pas changé, pourriez-vous vérifier cela ?",reclamation_facture,Facturation,Réponse automatique générée.,,
"Je ne comprends pas pourquoi ma facture est aussi élevée alors que ma consommation n'a pas changé, pourriez-vous vérifier cela ?",reclamation_facture,Facturation,Réponse automatique générée.,,
"Je ne comprends pas pourquoi ma facture est aussi élevée alors que ma consommation n'a pas changé, pourriez-vous vérifier cela ?",reclamation_facture,Facturation,Réponse automatique générée.,,
"Je ne comprends pas pourquoi ma facture est aussi élevée alors que ma consommation n'a pas changé, pourriez-vous vérifier cela ?",reclamation_facture,Facturation,Réponse automatique générée.,,
"Je ne comprends pas pourquoi ma facture est aussi élevée alors que ma consommation n'a pas changé, pourriez-vous vérifier cela ?",reclamation_facture,Facturation,Réponse automatique générée.,,
"Je ne comprends pas pourquoi ma facture est aussi élevée alors que ma consommation n'a pas changé, pourriez-vous vérifier cela ?",reclamation_facture,Facturation,Réponse automatique générée.,,
"Je ne comprends pas pourquoi ma facture est aussi élevée alors que ma consommation n'a pas changé, pourriez-vous vérifier cela ?",reclamation_facture,Facturation,Réponse automatique générée.,,
"Je ne comprends pas pourquoi ma facture est aussi élevée alors que ma consommation n'a pas changé, pourriez-vous vérifier cela ?",reclamation_facture,Facturation,Réponse automatique générée.,,
"Je ne comprends pas pourquoi ma facture est aussi élevée alors que ma consommation n'a pas changé, pourriez-vous vérifier cela ?",reclamation_facture,Facturation,Réponse automatique générée.,,
"Je ne comprends pas pourquoi ma facture est aussi élevée alors que ma consommation n'a pas changé, pourriez-vous vérifier cela ?",reclamation_facture,Facturation,Réponse automatique générée.,,
"Je ne comprends pas pourquoi ma facture est aussi élevée alors que ma consommation n'a pas changé, pourriez-vous vérifier cela ?",reclamation_facture,Facturation,Réponse automatique générée.,,
"Je ne comprends pas pourquoi ma facture est aussi élevée alors que ma consommation n'a pas changé, pourriez-vous vérifier cela ?",reclamation_facture,Facturation,Réponse automatique générée.,,
"Je ne comprends pas pourquoi ma facture est aussi élevée alors que ma consommation n'a pas changé, pourriez-vous vérifier cela ?",reclamation_facture,Facturation,Réponse automatique générée.,,
"Je ne comprends pas pourquoi ma facture est aussi élevée alors que ma consommation n'a pas changé, pourriez-vous vérifier cela ?",reclamation_facture,Facturation,Réponse automatique générée.,,
"Je ne comprends pas pourquoi ma facture est aussi élevée alors que ma consommation n'a pas changé, pourriez-vous vérifier cela ?",reclamation_facture,Facturation,Réponse automatique générée.,,
"Je ne comprends pas pourquoi ma facture est aussi élevée alors que ma consommation n'a pas changé, pourriez-vous vérifier cela ?",reclamation_facture,Facturation,Réponse automatique générée.,,
"Je ne comprends pas pourquoi ma facture est aussi élevée alors que ma consommation n'a pas changé, pourriez-vous vérifier cela ?",reclamation_facture,Facturation,Réponse automatique générée.,,
"Je ne comprends pas pourquoi ma facture est aussi élevée alors que ma consommation n'a pas changé, pourriez-vous vérifier cela ?",reclamation_facture,Facturation,Réponse automatique générée.,,
"Je ne comprends pas pourquoi ma facture est aussi élevée alors que ma consommation n'a pas changé, pourriez-vous vérifier cela ?",reclamation_facture,Facturation,Réponse automatique générée.,,
"Je ne comprends pas pourquoi ma facture est aussi élevée alors que ma consommation n'a pas changé, pourriez-vous vérifier cela ?",reclamation_facture,Facturation,Réponse automatique générée.,,
"Je ne comprends pas pourquoi ma facture est aussi élevée alors que ma consommation n'a pas changé, pourriez-vous vérifier cela ?",reclamation_facture,Facturation,Réponse automatique générée.,,
"Je ne comprends pas pourquoi ma facture est aussi élevée alors que ma consommation n'a pas changé, pourriez-vous vérifier cela ?",reclamation_facture,Facturation,Réponse automatique générée.,,
"Je ne comprends pas pourquoi ma facture est aussi élevée alors que ma consommation n'a pas changé, pourriez-vous vérifier cela ?",reclamation_facture,Facturation,Réponse automatique générée.,,
"Je ne comprends pas pourquoi ma facture est aussi élevée alors que ma consommation n'a pas changé, pourriez-vous vérifier cela ?",reclamation_facture,Facturation,Réponse automatique générée.,,
"Je ne comprends pas pourquoi ma facture est aussi élevée alors que ma consommation n'a pas changé, pourriez-vous vérifier cela ?",reclamation_facture,Facturation,Réponse automatique générée.,,
"Je ne comprends pas pourquoi ma facture est aussi élevée alors que ma consommation n'a pas changé, pourriez-vous vérifier cela ?",reclamation_facture,Facturation,Réponse automatique générée.,,
"Bonjour, j'aimerais consulter le détail de ma dernière facture d'eau pour mieux comprendre les montants.",consulter_facture,Facturation,Réponse automatique générée.,,
"Bonjour, j'aimerais consulter le détail de ma dernière facture d'eau pour mieux comprendre les montants.",consulter_facture,Facturation,Réponse automatique générée.,,
"Bonjour, j'aimerais consulter le détail de ma dernière facture d'eau pour mieux comprendre les montants.",consulter_facture,Facturation,Réponse automatique générée.,,
"Bonjour, j'aimerais consulter le détail de ma dernière facture d'eau pour mieux comprendre les montants.",consulter_facture,Facturation,Réponse automatique générée.,,
"Bonjour, j'aimerais consulter le détail de ma dernière facture d'eau pour mieux comprendre les montants.",consulter_facture,Facturation,Réponse automatique générée.,,
"Bonjour, j'aimerais consulter le détail de ma dernière facture d'eau pour mieux comprendre les montants.",consulter_facture,Facturation,Réponse automatique générée.,,
"Bonjour, j'aimerais consulter le détail de ma dernière facture d'eau pour mieux comprendre les montants.",consulter_facture,Facturation,Réponse automatique générée.,,
"Bonjour, j'aimerais consulter le détail de ma dernière facture d'eau pour mieux comprendre les montants.",consulter_facture,Facturation,Réponse automatique générée.,,
"Bonjour, j'aimerais consulter le détail de ma dernière facture d'eau pour mieux comprendre les montants.",consulter_facture,Facturation,Réponse automatique générée.,,
"Bonjour, j'aimerais consulter le détail de ma dernière facture d'eau pour mieux comprendre les montants.",consulter_facture,Facturation,Réponse automatique générée.,,
"Bonjour, j'aimerais consulter le détail de ma dernière facture d'eau pour mieux comprendre les montants.",consulter_facture,Facturation,Réponse automatique générée.,,
"Bonjour, j'aimerais consulter le détail de ma dernière facture d'eau pour mieux comprendre les montants.",consulter_facture,Facturation,Réponse automatique générée.,,
"Bonjour, j'aimerais consulter le détail de ma dernière facture d'eau pour mieux comprendre les montants.",consulter_facture,Facturation,Réponse automatique générée.,,
"Bonjour, j'aimerais consulter le détail de ma dernière facture d'eau pour mieux comprendre les montants.",consulter_facture,Facturation,Réponse automatique générée.,,
"Bonjour, j'aimerais consulter le détail de ma dernière facture d'eau pour mieux comprendre les montants.",consulter_facture,Facturation,Réponse automatique générée.,,
"Bonjour, j'aimerais consulter le détail de ma dernière facture d'eau pour mieux comprendre les montants.",consulter_facture,Facturation,Réponse automatique générée.,,
"Bonjour, j'aimerais consulter le détail de ma dernière facture d'eau pour mieux comprendre les montants.",consulter_facture,Facturation,Réponse automatique générée.,,
"Bonjour, j'aimerais consulter le détail de ma dernière facture d'eau pour mieux comprendre les montants.",consulter_facture,Facturation,Réponse automatique générée.,,
"Bonjour, j'aimerais consulter le détail de ma dernière facture d'eau pour mieux comprendre les montants.",consulter_facture,Facturation,Réponse automatique générée.,,
"Bonjour, j'aimerais consulter le détail de ma dernière facture d'eau pour mieux comprendre les montants.",consulter_facture,Facturation,Réponse automatique générée.,,
"Bonjour, j'aimerais consulter le détail de ma dernière facture d'eau pour mieux comprendre les montants.",consulter_facture,Facturation,Réponse automatique générée.,,
"Bonjour, j'aimerais consulter le détail de ma dernière facture d'eau pour mieux comprendre les montants.",consulter_facture,Facturation,Réponse automatique générée.,,
"Bonjour, j'aimerais consulter le détail de ma dernière facture d'eau pour mieux comprendre les montants.",consulter_facture,Facturation,Réponse automatique générée.,,
"Bonjour, j'aimerais consulter le détail de ma dernière facture d'eau pour mieux comprendre les montants.",consulter_facture,Facturation,Réponse automatique générée.,,
"Bonjour, j'aimerais consulter le détail de ma dernière facture d'eau pour mieux comprendre les montants.",consulter_facture,Facturation,Réponse automatique générée.,,
"Bonjour, j'aimerais consulter le détail de ma dernière facture d'eau pour mieux comprendre les montants.",consulter_facture,Facturation,Réponse automatique générée.,,
"Bonjour, j'aimerais consulter le détail de ma dernière facture d'eau pour mieux comprendre les montants.",consulter_facture,Facturation,Réponse automatique générée.,,
"Bonjour, j'aimerais consulter le détail de ma dernière facture d'eau pour mieux comprendre les montants.",consulter_facture,Facturation,Réponse automatique générée.,,
"Bonjour, j'aimerais consulter le détail de ma dernière facture d'eau pour mieux comprendre les montants.",consulter_facture,Facturation,Réponse automatique générée.,,
"Bonjour, j'aimerais consulter le détail de ma dernière facture d'eau pour mieux comprendre les montants.",consulter_facture,Facturation,Réponse automatique générée.,,
"Bonjour, j'aimerais consulter le détail de ma dernière facture d'eau pour mieux comprendre les montants.",consulter_facture,Facturation,Réponse automatique générée.,,
"Bonjour, j'aimerais consulter le détail de ma dernière facture d'eau pour mieux comprendre les montants.",consulter_facture,Facturation,Réponse automatique générée.,,
"Bonjour, j'aimerais consulter le détail de ma dernière facture d'eau pour mieux comprendre les montants.",consulter_facture,Facturation,Réponse automatique générée.,,
"Bonjour, j'aimerais consulter le détail de ma dernière facture d'eau pour mieux comprendre les montants.",consulter_facture,Facturation,Réponse automatique générée.,,
"Bonjour, j'aimerais consulter le détail de ma dernière facture d'eau pour mieux comprendre les montants.",consulter_facture,Facturation,Réponse automatique générée.,,
"Bonjour, j'aimerais consulter le détail de ma dernière facture d'eau pour mieux comprendre les montants.",consulter_facture,Facturation,Réponse automatique générée.,,
"Bonjour, j'aimerais consulter le détail de ma dernière facture d'eau pour mieux comprendre les montants.",consulter_facture,Facturation,Réponse automatique générée.,,
"Bonjour, j'aimerais consulter le détail de ma dernière facture d'eau pour mieux comprendre les montants.",consulter_facture,Facturation,Réponse automatique générée.,,
"Bonjour, j'aimerais consulter le détail de ma dernière facture d'eau pour mieux comprendre les montants.",consulter_facture,Facturation,Réponse automatique générée.,,
"Bonjour, j'aimerais consulter le détail de ma dernière facture d'eau pour mieux comprendre les montants.",consulter_facture,Facturation,Réponse automatique générée.,,
"Bonjour, j'aimerais consulter le détail de ma dernière facture d'eau pour mieux comprendre les montants.",consulter_facture,Facturation,Réponse automatique générée.,,
"Bonjour, j'aimerais consulter le détail de ma dernière facture d'eau pour mieux comprendre les montants.",consulter_facture,Facturation,Réponse automatique générée.,,
"Bonjour, j'aimerais consulter le détail de ma dernière facture d'eau pour mieux comprendre les montants.",consulter_facture,Facturation,Réponse automatique générée.,,
"Bonjour, j'aimerais consulter le détail de ma dernière facture d'eau pour mieux comprendre les montants.",consulter_facture,Facturation,Réponse automatique générée.,,
"Bonjour, j'aimerais consulter le détail de ma dernière facture d'eau pour mieux comprendre les montants.",consulter_facture,Facturation,Réponse automatique générée.,,
"Bonjour, j'aimerais consulter le détail de ma dernière facture d'eau pour mieux comprendre les montants.",consulter_facture,Facturation,Réponse automatique générée.,,
"Bonjour, j'aimerais consulter le détail de ma dernière facture d'eau pour mieux comprendre les montants.",consulter_facture,Facturation,Réponse automatique générée.,,
"Bonjour, j'aimerais consulter le détail de ma dernière facture d'eau pour mieux comprendre les montants.",consulter_facture,Facturation,Réponse automatique générée.,,
"Bonjour, j'aimerais consulter le détail de ma dernière facture d'eau pour mieux comprendre les montants.",consulter_facture,Facturation,Réponse automatique générée.,,
"Bonjour, j'aimerais consulter le détail de ma dernière facture d'eau pour mieux comprendre les montants.",consulter_facture,Facturation,Réponse automatique générée.,,
"Bonjour, j'aimerais consulter le détail de ma dernière facture d'eau pour mieux comprendre les montants.",consulter_facture,Facturation,Réponse automatique générée.,,
"Bonjour, j'aimerais consulter le détail de ma dernière facture d'eau pour mieux comprendre les montants.",consulter_facture,Facturation,Réponse automatique générée.,,
"Bonjour, j'aimerais consulter le détail de ma dernière facture d'eau pour mieux comprendre les montants.",consulter_facture,Facturation,Réponse automatique générée.,,
"Bonjour, j'aimerais consulter le détail de ma dernière facture d'eau pour mieux comprendre les montants.",consulter_facture,Facturation,Réponse automatique générée.,,
"Bonjour, j'aimerais consulter le détail de ma dernière facture d'eau pour mieux comprendre les montants.",consulter_facture,Facturation,Réponse automatique générée.,,
"Bonjour, j'aimerais consulter le détail de ma dernière facture d'eau pour mieux comprendre les montants.",consulter_facture,Facturation,Réponse automatique générée.,,
"Bonjour, j'aimerais consulter le détail de ma dernière facture d'eau pour mieux comprendre les montants.",consulter_facture,Facturation,Réponse automatique générée.,,
"Bonjour, j'aimerais consulter le détail de ma dernière facture d'eau pour mieux comprendre les montants.",consulter_facture,Facturation,Réponse automatique générée.,,
"Bonjour, j'aimerais consulter le détail de ma dernière facture d'eau pour mieux comprendre les montants.",consulter_facture,Facturation,Réponse automatique générée.,,
"Bonjour, j'aimerais consulter le détail de ma dernière facture d'eau pour mieux comprendre les montants.",consulter_facture,Facturation,Réponse automatique générée.,,
"Bonjour, j'aimerais consulter le détail de ma dernière facture d'eau pour mieux comprendre les montants.",consulter_facture,Facturation,Réponse automatique générée.,,
"Bonjour, j'aimerais consulter le détail de ma dernière facture d'eau pour mieux comprendre les montants.",consulter_facture,Facturation,Réponse automatique générée.,,
"Bonjour, j'aimerais consulter le détail de ma dernière facture d'eau pour mieux comprendre les montants.",consulter_facture,Facturation,Réponse automatique générée.,,
"Bonjour, j'aimerais consulter le détail de ma dernière facture d'eau pour mieux comprendre les montants.",consulter_facture,Facturation,Réponse automatique générée.,,
"Bonjour, j'aimerais consulter le détail de ma dernière facture d'eau pour mieux comprendre les montants.",consulter_facture,Facturation,Réponse automatique générée.,,
"Bonjour, j'aimerais consulter le détail de ma dernière facture d'eau pour mieux comprendre les montants.",consulter_facture,Facturation,Réponse automatique générée.,,
"Bonjour, j'aimerais consulter le détail de ma dernière facture d'eau pour mieux comprendre les montants.",consulter_facture,Facturation,Réponse automatique générée.,,
"Bonjour, j'aimerais consulter le détail de ma dernière facture d'eau pour mieux comprendre les montants.",consulter_facture,Facturation,Réponse automatique générée.,,
"Bonjour, j'aimerais consulter le détail de ma dernière facture d'eau pour mieux comprendre les montants.",consulter_facture,Facturation,Réponse automatique générée.,,
"Bonjour, j'aimerais consulter le détail de ma dernière facture d'eau pour mieux comprendre les montants.",consulter_facture,Facturation,Réponse automatique générée.,,
Je viens de finir ma maison à Kegue et je souhaite savoir quelles sont les démarches pour obtenir un branchement d'eau.,demande_branchement,Commercial,Réponse automatique générée.,,lieu=Kegue
Je viens de finir ma maison à Adidogomé et je souhaite savoir quelles sont les démarches pour obtenir un branchement d'eau.,demande_branchement,Commercial,Réponse automatique générée.,,lieu=Adidogomé
Je viens de finir ma maison à Adidogomé et je souhaite savoir quelles sont les démarches pour obtenir un branchement d'eau.,demande_branchement,Commercial,Réponse automatique générée.,,lieu=Adidogomé
Je viens de finir ma maison à Agoè et je souhaite savoir quelles sont les démarches pour obtenir un branchement d'eau.,demande_branchement,Commercial,Réponse automatique générée.,,lieu=Agoè
Je viens de finir ma maison à Tsévié et je souhaite savoir quelles sont les démarches pour obtenir un branchement d'eau.,demande_branchement,Commercial,Réponse automatique générée.,,lieu=Tsévié
Je viens de finir ma maison à Aného et je souhaite savoir quelles sont les démarches pour obtenir un branchement d'eau.,demande_branchement,Commercial,Réponse automatique générée.,,lieu=Aného
Je viens de finir ma maison à Agoè et je souhaite savoir quelles sont les démarches pour obtenir un branchement d'eau.,demande_branchement,Commercial,Réponse automatique générée.,,lieu=Agoè
Je viens de finir ma maison à Aného et je souhaite savoir quelles sont les démarches pour obtenir un branchement d'eau.,demande_branchement,Commercial,Réponse automatique générée.,,lieu=Aného
Je viens de finir ma maison à Agoè et je souhaite savoir quelles sont les démarches pour obtenir un branchement d'eau.,demande_branchement,Commercial,Réponse automatique générée.,,lieu=Agoè
Je viens de finir ma maison à Adidogomé et je souhaite savoir quelles sont les démarches pour obtenir un branchement d'eau.,demande_branchement,Commercial,Réponse automatique générée.,,lieu=Adidogomé
Je viens de finir ma maison à Tsévié et je souhaite savoir quelles sont les démarches pour obtenir un branchement d'eau.,demande_branchement,Commercial,Réponse automatique générée.,,lieu=Tsévié
Je viens de finir ma maison à Lomé et je souhaite savoir quelles sont les démarches pour obtenir un branchement d'eau.,demande_branchement,Commercial,Réponse automatique générée.,,lieu=Lomé
Je viens de finir ma maison à Adidogomé et je souhaite savoir quelles sont les démarches pour obtenir un branchement d'eau.,demande_branchement,Commercial,Réponse automatique générée.,,lieu=Adidogomé
Je viens de finir ma maison à Agoè et je souhaite savoir quelles sont les démarches pour obtenir un branchement d'eau.,demande_branchement,Commercial,Réponse automatique générée.,,lieu=Agoè
Je viens de finir ma maison à Aného et je souhaite savoir quelles sont les démarches pour obtenir un branchement d'eau.,demande_branchement,Commercial,Réponse automatique générée.,,lieu=Aného
Je viens de finir ma maison à Agoè et je souhaite savoir quelles sont les démarches pour obtenir un branchement d'eau.,demande_branchement,Commercial,Réponse automatique générée.,,lieu=Agoè
Je viens de finir ma maison à Lomé et je souhaite savoir quelles sont les démarches pour obtenir un branchement d'eau.,demande_branchement,Commercial,Réponse automatique générée.,,lieu=Lomé
Je viens de finir ma maison à Kegue et je souhaite savoir quelles sont les démarches pour obtenir un branchement d'eau.,demande_branchement,Commercial,Réponse automatique générée.,,lieu=Kegue
Je viens de finir ma maison à Agoè et je souhaite savoir quelles sont les démarches pour obtenir un branchement d'eau.,demande_branchement,Commercial,Réponse automatique générée.,,lieu=Agoè
Je viens de finir ma maison à Lomé et je souhaite savoir quelles sont les démarches pour obtenir un branchement d'eau.,demande_branchement,Commercial,Réponse automatique générée.,,lieu=Lomé
Je viens de finir ma maison à Kegue et je souhaite savoir quelles sont les démarches pour obtenir un branchement d'eau.,demande_branchement,Commercial,Réponse automatique générée.,,lieu=Kegue
Je viens de finir ma maison à Tsévié et je souhaite savoir quelles sont les démarches pour obtenir un branchement d'eau.,demande_branchement,Commercial,Réponse automatique générée.,,lieu=Tsévié
Je viens de finir ma maison à Tsévié et je souhaite savoir quelles sont les démarches pour obtenir un branchement d'eau.,demande_branchement,Commercial,Réponse automatique générée.,,lieu=Tsévié
Je viens de finir ma maison à Agoè et je souhaite savoir quelles sont les démarches pour obtenir un branchement d'eau.,demande_branchement,Commercial,Réponse automatique générée.,,lieu=Agoè
Je viens de finir ma maison à Lomé et je souhaite savoir quelles sont les démarches pour obtenir un branchement d'eau.,demande_branchement,Commercial,Réponse automatique générée.,,lieu=Lomé
Je viens de finir ma maison à Adidogomé et je souhaite savoir quelles sont les démarches pour obtenir un branchement d'eau.,demande_branchement,Commercial,Réponse automatique générée.,,lieu=Adidogomé
Je viens de finir ma maison à Kegue et je souhaite savoir quelles sont les démarches pour obtenir un branchement d'eau.,demande_branchement,Commercial,Réponse automatique générée.,,lieu=Kegue
Je viens de finir ma maison à Aného et je souhaite savoir quelles sont les démarches pour obtenir un branchement d'eau.,demande_branchement,Commercial,Réponse automatique générée.,,lieu=Aného
Je viens de finir ma maison à Lomé et je souhaite savoir quelles sont les démarches pour obtenir un branchement d'eau.,demande_branchement,Commercial,Réponse automatique générée.,,lieu=Lomé
Je viens de finir ma maison à Tsévié et je souhaite savoir quelles sont les démarches pour obtenir un branchement d'eau.,demande_branchement,Commercial,Réponse automatique générée.,,lieu=Tsévié
Je viens de finir ma maison à Lomé et je souhaite savoir quelles sont les démarches pour obtenir un branchement d'eau.,demande_branchement,Commercial,Réponse automatique générée.,,lieu=Lomé
Je viens de finir ma maison à Kegue et je souhaite savoir quelles sont les démarches pour obtenir un branchement d'eau.,demande_branchement,Commercial,Réponse automatique générée.,,lieu=Kegue
Je viens de finir ma maison à Adidogomé et je souhaite savoir quelles sont les démarches pour obtenir un branchement d'eau.,demande_branchement,Commercial,Réponse automatique générée.,,lieu=Adidogomé
Je viens de finir ma maison à Lomé et je souhaite savoir quelles sont les démarches pour obtenir un branchement d'eau.,demande_branchement,Commercial,Réponse automatique générée.,,lieu=Lomé
Je viens de finir ma maison à Kegue et je souhaite savoir quelles sont les démarches pour obtenir un branchement d'eau.,demande_branchement,Commercial,Réponse automatique générée.,,lieu=Kegue
Je viens de finir ma maison à Kegue et je souhaite savoir quelles sont les démarches pour obtenir un branchement d'eau.,demande_branchement,Commercial,Réponse automatique générée.,,lieu=Kegue
Je viens de finir ma maison à Adidogomé et je souhaite savoir quelles sont les démarches pour obtenir un branchement d'eau.,demande_branchement,Commercial,Réponse automatique générée.,,lieu=Adidogomé
Je viens de finir ma maison à Adidogomé et je souhaite savoir quelles sont les démarches pour obtenir un branchement d'eau.,demande_branchement,Commercial,Réponse automatique générée.,,lieu=Adidogomé
Je viens de finir ma maison à Kegue et je souhaite savoir quelles sont les démarches pour obtenir un branchement d'eau.,demande_branchement,Commercial,Réponse automatique générée.,,lieu=Kegue
Je viens de finir ma maison à Aného et je souhaite savoir quelles sont les démarches pour obtenir un branchement d'eau.,demande_branchement,Commercial,Réponse automatique générée.,,lieu=Aného
Je viens de finir ma maison à Lomé et je souhaite savoir quelles sont les démarches pour obtenir un branchement d'eau.,demande_branchement,Commercial,Réponse automatique générée.,,lieu=Lomé
Je viens de finir ma maison à Tsévié et je souhaite savoir quelles sont les démarches pour obtenir un branchement d'eau.,demande_branchement,Commercial,Réponse automatique générée.,,lieu=Tsévié
Je viens de finir ma maison à Agoè et je souhaite savoir quelles sont les démarches pour obtenir un branchement d'eau.,demande_branchement,Commercial,Réponse automatique générée.,,lieu=Agoè
Je viens de finir ma maison à Adidogomé et je souhaite savoir quelles sont les démarches pour obtenir un branchement d'eau.,demande_branchement,Commercial,Réponse automatique générée.,,lieu=Adidogomé
Je viens de finir ma maison à Tsévié et je souhaite savoir quelles sont les démarches pour obtenir un branchement d'eau.,demande_branchement,Commercial,Réponse automatique générée.,,lieu=Tsévié
Je viens de finir ma maison à Adidogomé et je souhaite savoir quelles sont les démarches pour obtenir un branchement d'eau.,demande_branchement,Commercial,Réponse automatique générée.,,lieu=Adidogomé
Je viens de finir ma maison à Adidogomé et je souhaite savoir quelles sont les démarches pour obtenir un branchement d'eau.,demande_branchement,Commercial,Réponse automatique générée.,,lieu=Adidogomé
Je viens de finir ma maison à Kegue et je souhaite savoir quelles sont les démarches pour obtenir un branchement d'eau.,demande_branchement,Commercial,Réponse automatique générée.,,lieu=Kegue
Je viens de finir ma maison à Lomé et je souhaite savoir quelles sont les démarches pour obtenir un branchement d'eau.,demande_branchement,Commercial,Réponse automatique générée.,,lieu=Lomé
Je viens de finir ma maison à Kegue et je souhaite savoir quelles sont les démarches pour obtenir un branchement d'eau.,demande_branchement,Commercial,Réponse automatique générée.,,lieu=Kegue
Je viens de finir ma maison à Lomé et je souhaite savoir quelles sont les démarches pour obtenir un branchement d'eau.,demande_branchement,Commercial,Réponse automatique générée.,,lieu=Lomé
Je viens de finir ma maison à Lomé et je souhaite savoir quelles sont les démarches pour obtenir un branchement d'eau.,demande_branchement,Commercial,Réponse automatique générée.,,lieu=Lomé
Je viens de finir ma maison à Tsévié et je souhaite savoir quelles sont les démarches pour obtenir un branchement d'eau.,demande_branchement,Commercial,Réponse automatique générée.,,lieu=Tsévié
Je viens de finir ma maison à Agoè et je souhaite savoir quelles sont les démarches pour obtenir un branchement d'eau.,demande_branchement,Commercial,Réponse automatique générée.,,lieu=Agoè
Je viens de finir ma maison à Agoè et je souhaite savoir quelles sont les démarches pour obtenir un branchement d'eau.,demande_branchement,Commercial,Réponse automatique générée.,,lieu=Agoè
Je viens de finir ma maison à Agoè et je souhaite savoir quelles sont les démarches pour obtenir un branchement d'eau.,demande_branchement,Commercial,Réponse automatique générée.,,lieu=Agoè
Je viens de finir ma maison à Agoè et je souhaite savoir quelles sont les démarches pour obtenir un branchement d'eau.,demande_branchement,Commercial,Réponse automatique générée.,,lieu=Agoè
Je viens de finir ma maison à Lomé et je souhaite savoir quelles sont les démarches pour obtenir un branchement d'eau.,demande_branchement,Commercial,Réponse automatique générée.,,lieu=Lomé
Je viens de finir ma maison à Kegue et je souhaite savoir quelles sont les démarches pour obtenir un branchement d'eau.,demande_branchement,Commercial,Réponse automatique générée.,,lieu=Kegue
Je viens de finir ma maison à Agoè et je souhaite savoir quelles sont les démarches pour obtenir un branchement d'eau.,demande_branchement,Commercial,Réponse automatique générée.,,lieu=Agoè
Je viens de finir ma maison à Adidogomé et je souhaite savoir quelles sont les démarches pour obtenir un branchement d'eau.,demande_branchement,Commercial,Réponse automatique générée.,,lieu=Adidogomé
Je viens de finir ma maison à Lomé et je souhaite savoir quelles sont les démarches pour obtenir un branchement d'eau.,demande_branchement,Commercial,Réponse automatique générée.,,lieu=Lomé
Je viens de finir ma maison à Agoè et je souhaite savoir quelles sont les démarches pour obtenir un branchement d'eau.,demande_branchement,Commercial,Réponse automatique générée.,,lieu=Agoè
Je viens de finir ma maison à Kegue et je souhaite savoir quelles sont les démarches pour obtenir un branchement d'eau.,demande_branchement,Commercial,Réponse automatique générée.,,lieu=Kegue
Je viens de finir ma maison à Kegue et je souhaite savoir quelles sont les démarches pour obtenir un branchement d'eau.,demande_branchement,Commercial,Réponse automatique générée.,,lieu=Kegue
Je viens de finir ma maison à Aného et je souhaite savoir quelles sont les démarches pour obtenir un branchement d'eau.,demande_branchement,Commercial,Réponse automatique générée.,,lieu=Aného
Je viens de finir ma maison à Aného et je souhaite savoir quelles sont les démarches pour obtenir un branchement d'eau.,demande_branchement,Commercial,Réponse automatique générée.,,lieu=Aného
Je viens de finir ma maison à Kegue et je souhaite savoir quelles sont les démarches pour obtenir un branchement d'eau.,demande_branchement,Commercial,Réponse automatique générée.,,lieu=Kegue
Je viens de finir ma maison à Adidogomé et je souhaite savoir quelles sont les démarches pour obtenir un branchement d'eau.,demande_branchement,Commercial,Réponse automatique générée.,,lieu=Adidogomé
Je viens de finir ma maison à Adidogomé et je souhaite savoir quelles sont les démarches pour obtenir un branchement d'eau.,demande_branchement,Commercial,Réponse automatique générée.,,lieu=Adidogomé
"J'ai effectué une demande récemment et j'aimerais connaître l'état d'avancement du dossier, pouvez-vous m'informer ?",suivi_demande,Commercial,Réponse automatique générée.,,
"J'ai effectué une demande récemment et j'aimerais connaître l'état d'avancement du dossier, pouvez-vous m'informer ?",suivi_demande,Commercial,Réponse automatique générée.,,
"J'ai effectué une demande récemment et j'aimerais connaître l'état d'avancement du dossier, pouvez-vous m'informer ?",suivi_demande,Commercial,Réponse automatique générée.,,
"J'ai effectué une demande récemment et j'aimerais connaître l'état d'avancement du dossier, pouvez-vous m'informer ?",suivi_demande,Commercial,Réponse automatique générée.,,
"J'ai effectué une demande récemment et j'aimerais connaître l'état d'avancement du dossier, pouvez-vous m'informer ?",suivi_demande,Commercial,Réponse automatique générée.,,
"J'ai effectué une demande récemment et j'aimerais connaître l'état d'avancement du dossier, pouvez-vous m'informer ?",suivi_demande,Commercial,Réponse automatique générée.,,
"J'ai effectué une demande récemment et j'aimerais connaître l'état d'avancement du dossier, pouvez-vous m'informer ?",suivi_demande,Commercial,Réponse automatique générée.,,
"J'ai effectué une demande récemment et j'aimerais connaître l'état d'avancement du dossier, pouvez-vous m'informer ?",suivi_demande,Commercial,Réponse automatique générée.,,
"J'ai effectué une demande récemment et j'aimerais connaître l'état d'avancement du dossier, pouvez-vous m'informer ?",suivi_demande,Commercial,Réponse automatique générée.,,
"J'ai effectué une demande récemment et j'aimerais connaître l'état d'avancement du dossier, pouvez-vous m'informer ?",suivi_demande,Commercial,Réponse automatique générée.,,
"J'ai effectué une demande récemment et j'aimerais connaître l'état d'avancement du dossier, pouvez-vous m'informer ?",suivi_demande,Commercial,Réponse automatique générée.,,
"J'ai effectué une demande récemment et j'aimerais connaître l'état d'avancement du dossier, pouvez-vous m'informer ?",suivi_demande,Commercial,Réponse automatique générée.,,
"J'ai effectué une demande récemment et j'aimerais connaître l'état d'avancement du dossier, pouvez-vous m'informer ?",suivi_demande,Commercial,Réponse automatique générée.,,
"J'ai effectué une demande récemment et j'aimerais connaître l'état d'avancement du dossier, pouvez-vous m'informer ?",suivi_demande,Commercial,Réponse automatique générée.,,
"J'ai effectué une demande récemment et j'aimerais connaître l'état d'avancement du dossier, pouvez-vous m'informer ?",suivi_demande,Commercial,Réponse automatique générée.,,
"J'ai effectué une demande récemment et j'aimerais connaître l'état d'avancement du dossier, pouvez-vous m'informer ?",suivi_demande,Commercial,Réponse automatique générée.,,
"J'ai effectué une demande récemment et j'aimerais connaître l'état d'avancement du dossier, pouvez-vous m'informer ?",suivi_demande,Commercial,Réponse automatique générée.,,
"J'ai effectué une demande récemment et j'aimerais connaître l'état d'avancement du dossier, pouvez-vous m'informer ?",suivi_demande,Commercial,Réponse automatique générée.,,
"J'ai effectué une demande récemment et j'aimerais connaître l'état d'avancement du dossier, pouvez-vous m'informer ?",suivi_demande,Commercial,Réponse automatique générée.,,
"J'ai effectué une demande récemment et j'aimerais connaître l'état d'avancement du dossier, pouvez-vous m'informer ?",suivi_demande,Commercial,Réponse automatique générée.,,
"J'ai effectué une demande récemment et j'aimerais connaître l'état d'avancement du dossier, pouvez-vous m'informer ?",suivi_demande,Commercial,Réponse automatique générée.,,
"J'ai effectué une demande récemment et j'aimerais connaître l'état d'avancement du dossier, pouvez-vous m'informer ?",suivi_demande,Commercial,Réponse automatique générée.,,
"J'ai effectué une demande récemment et j'aimerais connaître l'état d'avancement du dossier, pouvez-vous m'informer ?",suivi_demande,Commercial,Réponse automatique générée.,,
"J'ai effectué une demande récemment et j'aimerais connaître l'état d'avancement du dossier, pouvez-vous m'informer ?",suivi_demande,Commercial,Réponse automatique générée.,,
"J'ai effectué une demande récemment et j'aimerais connaître l'état d'avancement du dossier, pouvez-vous m'informer ?",suivi_demande,Commercial,Réponse automatique générée.,,
"J'ai effectué une demande récemment et j'aimerais connaître l'état d'avancement du dossier, pouvez-vous m'informer ?",suivi_demande,Commercial,Réponse automatique générée.,,
"J'ai effectué une demande récemment et j'aimerais connaître l'état d'avancement du dossier, pouvez-vous m'informer ?",suivi_demande,Commercial,Réponse automatique générée.,,
"J'ai effectué une demande récemment et j'aimerais connaître l'état d'avancement du dossier, pouvez-vous m'informer ?",suivi_demande,Commercial,Réponse automatique générée.,,
"J'ai effectué une demande récemment et j'aimerais connaître l'état d'avancement du dossier, pouvez-vous m'informer ?",suivi_demande,Commercial,Réponse automatique générée.,,
"J'ai effectué une demande récemment et j'aimerais connaître l'état d'avancement du dossier, pouvez-vous m'informer ?",suivi_demande,Commercial,Réponse automatique générée.,,
"J'ai effectué une demande récemment et j'aimerais connaître l'état d'avancement du dossier, pouvez-vous m'informer ?",suivi_demande,Commercial,Réponse automatique générée.,,
"J'ai effectué une demande récemment et j'aimerais connaître l'état d'avancement du dossier, pouvez-vous m'informer ?",suivi_demande,Commercial,Réponse automatique générée.,,
"J'ai effectué une demande récemment et j'aimerais connaître l'état d'avancement du dossier, pouvez-vous m'informer ?",suivi_demande,Commercial,Réponse automatique générée.,,
"J'ai effectué une demande récemment et j'aimerais connaître l'état d'avancement du dossier, pouvez-vous m'informer ?",suivi_demande,Commercial,Réponse automatique générée.,,
"J'ai effectué une demande récemment et j'aimerais connaître l'état d'avancement du dossier, pouvez-vous m'informer ?",suivi_demande,Commercial,Réponse automatique générée.,,
"J'ai effectué une demande récemment et j'aimerais connaître l'état d'avancement du dossier, pouvez-vous m'informer ?",suivi_demande,Commercial,Réponse automatique générée.,,
"J'ai effectué une demande récemment et j'aimerais connaître l'état d'avancement du dossier, pouvez-vous m'informer ?",suivi_demande,Commercial,Réponse automatique générée.,,
"J'ai effectué une demande récemment et j'aimerais connaître l'état d'avancement du dossier, pouvez-vous m'informer ?",suivi_demande,Commercial,Réponse automatique générée.,,
"J'ai effectué une demande récemment et j'aimerais connaître l'état d'avancement du dossier, pouvez-vous m'informer ?",suivi_demande,Commercial,Réponse automatique générée.,,
"J'ai effectué une demande récemment et j'aimerais connaître l'état d'avancement du dossier, pouvez-vous m'informer ?",suivi_demande,Commercial,Réponse automatique générée.,,
"J'ai effectué une demande récemment et j'aimerais connaître l'état d'avancement du dossier, pouvez-vous m'informer ?",suivi_demande,Commercial,Réponse automatique générée.,,
"J'ai effectué une demande récemment et j'aimerais connaître l'état d'avancement du dossier, pouvez-vous m'informer ?",suivi_demande,Commercial,Réponse automatique générée.,,
"J'ai effectué une demande récemment et j'aimerais connaître l'état d'avancement du dossier, pouvez-vous m'informer ?",suivi_demande,Commercial,Réponse automatique générée.,,
"J'ai effectué une demande récemment et j'aimerais connaître l'état d'avancement du dossier, pouvez-vous m'informer ?",suivi_demande,Commercial,Réponse automatique générée.,,
"J'ai effectué une demande récemment et j'aimerais connaître l'état d'avancement du dossier, pouvez-vous m'informer ?",suivi_demande,Commercial,Réponse automatique générée.,,
"J'ai effectué une demande récemment et j'aimerais connaître l'état d'avancement du dossier, pouvez-vous m'informer ?",suivi_demande,Commercial,Réponse automatique générée.,,
"J'ai effectué une demande récemment et j'aimerais connaître l'état d'avancement du dossier, pouvez-vous m'informer ?",suivi_demande,Commercial,Réponse automatique générée.,,
"J'ai effectué une demande récemment et j'aimerais connaître l'état d'avancement du dossier, pouvez-vous m'informer ?",suivi_demande,Commercial,Réponse automatique générée.,,
"J'ai effectué une demande récemment et j'aimerais connaître l'état d'avancement du dossier, pouvez-vous m'informer ?",suivi_demande,Commercial,Réponse automatique générée.,,
"J'ai effectué une demande récemment et j'aimerais connaître l'état d'avancement du dossier, pouvez-vous m'informer ?",suivi_demande,Commercial,Réponse automatique générée.,,
"J'ai effectué une demande récemment et j'aimerais connaître l'état d'avancement du dossier, pouvez-vous m'informer ?",suivi_demande,Commercial,Réponse automatique générée.,,
"J'ai effectué une demande récemment et j'aimerais connaître l'état d'avancement du dossier, pouvez-vous m'informer ?",suivi_demande,Commercial,Réponse automatique générée.,,
"J'ai effectué une demande récemment et j'aimerais connaître l'état d'avancement du dossier, pouvez-vous m'informer ?",suivi_demande,Commercial,Réponse automatique générée.,,
"J'ai effectué une demande récemment et j'aimerais connaître l'état d'avancement du dossier, pouvez-vous m'informer ?",suivi_demande,Commercial,Réponse automatique générée.,,
"J'ai effectué une demande récemment et j'aimerais connaître l'état d'avancement du dossier, pouvez-vous m'informer ?",suivi_demande,Commercial,Réponse automatique générée.,,
"J'ai effectué une demande récemment et j'aimerais connaître l'état d'avancement du dossier, pouvez-vous m'informer ?",suivi_demande,Commercial,Réponse automatique générée.,,
"J'ai effectué une demande récemment et j'aimerais connaître l'état d'avancement du dossier, pouvez-vous m'informer ?",suivi_demande,Commercial,Réponse automatique générée.,,
"J'ai effectué une demande récemment et j'aimerais connaître l'état d'avancement du dossier, pouvez-vous m'informer ?",suivi_demande,Commercial,Réponse automatique générée.,,
"J'ai effectué une demande récemment et j'aimerais connaître l'état d'avancement du dossier, pouvez-vous m'informer ?",suivi_demande,Commercial,Réponse automatique générée.,,
"J'ai effectué une demande récemment et j'aimerais connaître l'état d'avancement du dossier, pouvez-vous m'informer ?",suivi_demande,Commercial,Réponse automatique générée.,,
"J'ai effectué une demande récemment et j'aimerais connaître l'état d'avancement du dossier, pouvez-vous m'informer ?",suivi_demande,Commercial,Réponse automatique générée.,,
"J'ai effectué une demande récemment et j'aimerais connaître l'état d'avancement du dossier, pouvez-vous m'informer ?",suivi_demande,Commercial,Réponse automatique générée.,,
"J'ai effectué une demande récemment et j'aimerais connaître l'état d'avancement du dossier, pouvez-vous m'informer ?",suivi_demande,Commercial,Réponse automatique générée.,,
"J'ai effectué une demande récemment et j'aimerais connaître l'état d'avancement du dossier, pouvez-vous m'informer ?",suivi_demande,Commercial,Réponse automatique générée.,,
"J'ai effectué une demande récemment et j'aimerais connaître l'état d'avancement du dossier, pouvez-vous m'informer ?",suivi_demande,Commercial,Réponse automatique générée.,,
"J'ai effectué une demande récemment et j'aimerais connaître l'état d'avancement du dossier, pouvez-vous m'informer ?",suivi_demande,Commercial,Réponse automatique générée.,,
"J'ai effectué une demande récemment et j'aimerais connaître l'état d'avancement du dossier, pouvez-vous m'informer ?",suivi_demande,Commercial,Réponse automatique générée.,,
"J'ai effectué une demande récemment et j'aimerais connaître l'état d'avancement du dossier, pouvez-vous m'informer ?",suivi_demande,Commercial,Réponse automatique générée.,,
"J'ai effectué une demande récemment et j'aimerais connaître l'état d'avancement du dossier, pouvez-vous m'informer ?",suivi_demande,Commercial,Réponse automatique générée.,,
"J'ai effectué une demande récemment et j'aimerais connaître l'état d'avancement du dossier, pouvez-vous m'informer ?",suivi_demande,Commercial,Réponse automatique générée.,,
Je souhaite mettre fin à mon abonnement d'eau et connaître la procédure complète pour résilier mon contrat.,resiliation,Commercial,Réponse automatique générée.,,
Je souhaite mettre fin à mon abonnement d'eau et connaître la procédure complète pour résilier mon contrat.,resiliation,Commercial,Réponse automatique générée.,,
Je souhaite mettre fin à mon abonnement d'eau et connaître la procédure complète pour résilier mon contrat.,resiliation,Commercial,Réponse automatique générée.,,
Je souhaite mettre fin à mon abonnement d'eau et connaître la procédure complète pour résilier mon contrat.,resiliation,Commercial,Réponse automatique générée.,,
Je souhaite mettre fin à mon abonnement d'eau et connaître la procédure complète pour résilier mon contrat.,resiliation,Commercial,Réponse automatique générée.,,
Je souhaite mettre fin à mon abonnement d'eau et connaître la procédure complète pour résilier mon contrat.,resiliation,Commercial,Réponse automatique générée.,,
Je souhaite mettre fin à mon abonnement d'eau et connaître la procédure complète pour résilier mon contrat.,resiliation,Commercial,Réponse automatique générée.,,
Je souhaite mettre fin à mon abonnement d'eau et connaître la procédure complète pour résilier mon contrat.,resiliation,Commercial,Réponse automatique générée.,,
Je souhaite mettre fin à mon abonnement d'eau et connaître la procédure complète pour résilier mon contrat.,resiliation,Commercial,Réponse automatique générée.,,
Je souhaite mettre fin à mon abonnement d'eau et connaître la procédure complète pour résilier mon contrat.,resiliation,Commercial,Réponse automatique générée.,,
Je souhaite mettre fin à mon abonnement d'eau et connaître la procédure complète pour résilier mon contrat.,resiliation,Commercial,Réponse automatique générée.,,
Je souhaite mettre fin à mon abonnement d'eau et connaître la procédure complète pour résilier mon contrat.,resiliation,Commercial,Réponse automatique générée.,,
Je souhaite mettre fin à mon abonnement d'eau et connaître la procédure complète pour résilier mon contrat.,resiliation,Commercial,Réponse automatique générée.,,
Je souhaite mettre fin à mon abonnement d'eau et connaître la procédure complète pour résilier mon contrat.,resiliation,Commercial,Réponse automatique générée.,,
Je souhaite mettre fin à mon abonnement d'eau et connaître la procédure complète pour résilier mon contrat.,resiliation,Commercial,Réponse automatique générée.,,
Je souhaite mettre fin à mon abonnement d'eau et connaître la procédure complète pour résilier mon contrat.,resiliation,Commercial,Réponse automatique générée.,,
Je souhaite mettre fin à mon abonnement d'eau et connaître la procédure complète pour résilier mon contrat.,resiliation,Commercial,Réponse automatique générée.,,
Je souhaite mettre fin à mon abonnement d'eau et connaître la procédure complète pour résilier mon contrat.,resiliation,Commercial,Réponse automatique générée.,,
Je souhaite mettre fin à mon abonnement d'eau et connaître la procédure complète pour résilier mon contrat.,resiliation,Commercial,Réponse automatique générée.,,
Je souhaite mettre fin à mon abonnement d'eau et connaître la procédure complète pour résilier mon contrat.,resiliation,Commercial,Réponse automatique générée.,,
Je souhaite mettre fin à mon abonnement d'eau et connaître la procédure complète pour résilier mon contrat.,resiliation,Commercial,Réponse automatique générée.,,
Je souhaite mettre fin à mon abonnement d'eau et connaître la procédure complète pour résilier mon contrat.,resiliation,Commercial,Réponse automatique générée.,,
Je souhaite mettre fin à mon abonnement d'eau et connaître la procédure complète pour résilier mon contrat.,resiliation,Commercial,Réponse automatique générée.,,
Je souhaite mettre fin à mon abonnement d'eau et connaître la procédure complète pour résilier mon contrat.,resiliation,Commercial,Réponse automatique générée.,,
Je souhaite mettre fin à mon abonnement d'eau et connaître la procédure complète pour résilier mon contrat.,resiliation,Commercial,Réponse automatique générée.,,
Je souhaite mettre fin à mon abonnement d'eau et connaître la procédure complète pour résilier mon contrat.,resiliation,Commercial,Réponse automatique générée.,,
Je souhaite mettre fin à mon abonnement d'eau et connaître la procédure complète pour résilier mon contrat.,resiliation,Commercial,Réponse automatique générée.,,
Je souhaite mettre fin à mon abonnement d'eau et connaître la procédure complète pour résilier mon contrat.,resiliation,Commercial,Réponse automatique générée.,,
Je souhaite mettre fin à mon abonnement d'eau et connaître la procédure complète pour résilier mon contrat.,resiliation,Commercial,Réponse automatique générée.,,
Je souhaite mettre fin à mon abonnement d'eau et connaître la procédure complète pour résilier mon contrat.,resiliation,Commercial,Réponse automatique générée.,,
Je souhaite mettre fin à mon abonnement d'eau et connaître la procédure complète pour résilier mon contrat.,resiliation,Commercial,Réponse automatique générée.,,
Je souhaite mettre fin à mon abonnement d'eau et connaître la procédure complète pour résilier mon contrat.,resiliation,Commercial,Réponse automatique générée.,,
Je souhaite mettre fin à mon abonnement d'eau et connaître la procédure complète pour résilier mon contrat.,resiliation,Commercial,Réponse automatique générée.,,
Je souhaite mettre fin à mon abonnement d'eau et connaître la procédure complète pour résilier mon contrat.,resiliation,Commercial,Réponse automatique générée.,,
Je souhaite mettre fin à mon abonnement d'eau et connaître la procédure complète pour résilier mon contrat.,resiliation,Commercial,Réponse automatique générée.,,
Je souhaite mettre fin à mon abonnement d'eau et connaître la procédure complète pour résilier mon contrat.,resiliation,Commercial,Réponse automatique générée.,,
Je souhaite mettre fin à mon abonnement d'eau et connaître la procédure complète pour résilier mon contrat.,resiliation,Commercial,Réponse automatique générée.,,
Je souhaite mettre fin à mon abonnement d'eau et connaître la procédure complète pour résilier mon contrat.,resiliation,Commercial,Réponse automatique générée.,,
Je souhaite mettre fin à mon abonnement d'eau et connaître la procédure complète pour résilier mon contrat.,resiliation,Commercial,Réponse automatique générée.,,
Je souhaite mettre fin à mon abonnement d'eau et connaître la procédure complète pour résilier mon contrat.,resiliation,Commercial,Réponse automatique générée.,,
Je souhaite mettre fin à mon abonnement d'eau et connaître la procédure complète pour résilier mon contrat.,resiliation,Commercial,Réponse automatique générée.,,
Je souhaite mettre fin à mon abonnement d'eau et connaître la procédure complète pour résilier mon contrat.,resiliation,Commercial,Réponse automatique générée.,,
Je souhaite mettre fin à mon abonnement d'eau et connaître la procédure complète pour résilier mon contrat.,resiliation,Commercial,Réponse automatique générée.,,
Je souhaite mettre fin à mon abonnement d'eau et connaître la procédure complète pour résilier mon contrat.,resiliation,Commercial,Réponse automatique générée.,,
Je souhaite mettre fin à mon abonnement d'eau et connaître la procédure complète pour résilier mon contrat.,resiliation,Commercial,Réponse automatique générée.,,
Je souhaite mettre fin à mon abonnement d'eau et connaître la procédure complète pour résilier mon contrat.,resiliation,Commercial,Réponse automatique générée.,,
Je souhaite mettre fin à mon abonnement d'eau et connaître la procédure complète pour résilier mon contrat.,resiliation,Commercial,Réponse automatique générée.,,
Je souhaite mettre fin à mon abonnement d'eau et connaître la procédure complète pour résilier mon contrat.,resiliation,Commercial,Réponse automatique générée.,,
Je souhaite mettre fin à mon abonnement d'eau et connaître la procédure complète pour résilier mon contrat.,resiliation,Commercial,Réponse automatique générée.,,
Je souhaite mettre fin à mon abonnement d'eau et connaître la procédure complète pour résilier mon contrat.,resiliation,Commercial,Réponse automatique générée.,,
Je souhaite mettre fin à mon abonnement d'eau et connaître la procédure complète pour résilier mon contrat.,resiliation,Commercial,Réponse automatique générée.,,
Je souhaite mettre fin à mon abonnement d'eau et connaître la procédure complète pour résilier mon contrat.,resiliation,Commercial,Réponse automatique générée.,,
Je souhaite mettre fin à mon abonnement d'eau et connaître la procédure complète pour résilier mon contrat.,resiliation,Commercial,Réponse automatique générée.,,
Je souhaite mettre fin à mon abonnement d'eau et connaître la procédure complète pour résilier mon contrat.,resiliation,Commercial,Réponse automatique générée.,,
Je souhaite mettre fin à mon abonnement d'eau et connaître la procédure complète pour résilier mon contrat.,resiliation,Commercial,Réponse automatique générée.,,
Je souhaite mettre fin à mon abonnement d'eau et connaître la procédure complète pour résilier mon contrat.,resiliation,Commercial,Réponse automatique générée.,,
Je souhaite mettre fin à mon abonnement d'eau et connaître la procédure complète pour résilier mon contrat.,resiliation,Commercial,Réponse automatique générée.,,
Je souhaite mettre fin à mon abonnement d'eau et connaître la procédure complète pour résilier mon contrat.,resiliation,Commercial,Réponse automatique générée.,,
Je souhaite mettre fin à mon abonnement d'eau et connaître la procédure complète pour résilier mon contrat.,resiliation,Commercial,Réponse automatique générée.,,
Je souhaite mettre fin à mon abonnement d'eau et connaître la procédure complète pour résilier mon contrat.,resiliation,Commercial,Réponse automatique générée.,,
Je souhaite mettre fin à mon abonnement d'eau et connaître la procédure complète pour résilier mon contrat.,resiliation,Commercial,Réponse automatique générée.,,
Je souhaite mettre fin à mon abonnement d'eau et connaître la procédure complète pour résilier mon contrat.,resiliation,Commercial,Réponse automatique générée.,,
Je souhaite mettre fin à mon abonnement d'eau et connaître la procédure complète pour résilier mon contrat.,resiliation,Commercial,Réponse automatique générée.,,
Je souhaite mettre fin à mon abonnement d'eau et connaître la procédure complète pour résilier mon contrat.,resiliation,Commercial,Réponse automatique générée.,,
Je souhaite mettre fin à mon abonnement d'eau et connaître la procédure complète pour résilier mon contrat.,resiliation,Commercial,Réponse automatique générée.,,
Je souhaite mettre fin à mon abonnement d'eau et connaître la procédure complète pour résilier mon contrat.,resiliation,Commercial,Réponse automatique générée.,,
Je souhaite mettre fin à mon abonnement d'eau et connaître la procédure complète pour résilier mon contrat.,resiliation,Commercial,Réponse automatique générée.,,
Je souhaite mettre fin à mon abonnement d'eau et connaître la procédure complète pour résilier mon contrat.,resiliation,Commercial,Réponse automatique générée.,,
Je souhaite mettre fin à mon abonnement d'eau et connaître la procédure complète pour résilier mon contrat.,resiliation,Commercial,Réponse automatique générée.,,
Je souhaite mettre fin à mon abonnement d'eau et connaître la procédure complète pour résilier mon contrat.,resiliation,Commercial,Réponse automatique générée.,,
Pouvez-vous me donner plus d'informations sur vos services et les démarches disponibles pour les clients ?,demande_information,General,Réponse automatique générée.,,
Pouvez-vous me donner plus d'informations sur vos services et les démarches disponibles pour les clients ?,demande_information,General,Réponse automatique générée.,,
Pouvez-vous me donner plus d'informations sur vos services et les démarches disponibles pour les clients ?,demande_information,General,Réponse automatique générée.,,
Pouvez-vous me donner plus d'informations sur vos services et les démarches disponibles pour les clients ?,demande_information,General,Réponse automatique générée.,,
Pouvez-vous me donner plus d'informations sur vos services et les démarches disponibles pour les clients ?,demande_information,General,Réponse automatique générée.,,
Pouvez-vous me donner plus d'informations sur vos services et les démarches disponibles pour les clients ?,demande_information,General,Réponse automatique générée.,,
Pouvez-vous me donner plus d'informations sur vos services et les démarches disponibles pour les clients ?,demande_information,General,Réponse automatique générée.,,
Pouvez-vous me donner plus d'informations sur vos services et les démarches disponibles pour les clients ?,demande_information,General,Réponse automatique générée.,,
Pouvez-vous me donner plus d'informations sur vos services et les démarches disponibles pour les clients ?,demande_information,General,Réponse automatique générée.,,
Pouvez-vous me donner plus d'informations sur vos services et les démarches disponibles pour les clients ?,demande_information,General,Réponse automatique générée.,,
Pouvez-vous me donner plus d'informations sur vos services et les démarches disponibles pour les clients ?,demande_information,General,Réponse automatique générée.,,
Pouvez-vous me donner plus d'informations sur vos services et les démarches disponibles pour les clients ?,demande_information,General,Réponse automatique générée.,,
Pouvez-vous me donner plus d'informations sur vos services et les démarches disponibles pour les clients ?,demande_information,General,Réponse automatique générée.,,
Pouvez-vous me donner plus d'informations sur vos services et les démarches disponibles pour les clients ?,demande_information,General,Réponse automatique générée.,,
Pouvez-vous me donner plus d'informations sur vos services et les démarches disponibles pour les clients ?,demande_information,General,Réponse automatique générée.,,
Pouvez-vous me donner plus d'informations sur vos services et les démarches disponibles pour les clients ?,demande_information,General,Réponse automatique générée.,,
Pouvez-vous me donner plus d'informations sur vos services et les démarches disponibles pour les clients ?,demande_information,General,Réponse automatique générée.,,
Pouvez-vous me donner plus d'informations sur vos services et les démarches disponibles pour les clients ?,demande_information,General,Réponse automatique générée.,,
Pouvez-vous me donner plus d'informations sur vos services et les démarches disponibles pour les clients ?,demande_information,General,Réponse automatique générée.,,
Pouvez-vous me donner plus d'informations sur vos services et les démarches disponibles pour les clients ?,demande_information,General,Réponse automatique générée.,,
Pouvez-vous me donner plus d'informations sur vos services et les démarches disponibles pour les clients ?,demande_information,General,Réponse automatique générée.,,
Pouvez-vous me donner plus d'informations sur vos services et les démarches disponibles pour les clients ?,demande_information,General,Réponse automatique générée.,,
Pouvez-vous me donner plus d'informations sur vos services et les démarches disponibles pour les clients ?,demande_information,General,Réponse automatique générée.,,
Pouvez-vous me donner plus d'informations sur vos services et les démarches disponibles pour les clients ?,demande_information,General,Réponse automatique générée.,,
Pouvez-vous me donner plus d'informations sur vos services et les démarches disponibles pour les clients ?,demande_information,General,Réponse automatique générée.,,
Pouvez-vous me donner plus d'informations sur vos services et les démarches disponibles pour les clients ?,demande_information,General,Réponse automatique générée.,,
Pouvez-vous me donner plus d'informations sur vos services et les démarches disponibles pour les clients ?,demande_information,General,Réponse automatique générée.,,
Pouvez-vous me donner plus d'informations sur vos services et les démarches disponibles pour les clients ?,demande_information,General,Réponse automatique générée.,,
Pouvez-vous me donner plus d'informations sur vos services et les démarches disponibles pour les clients ?,demande_information,General,Réponse automatique générée.,,
Pouvez-vous me donner plus d'informations sur vos services et les démarches disponibles pour les clients ?,demande_information,General,Réponse automatique générée.,,
Pouvez-vous me donner plus d'informations sur vos services et les démarches disponibles pour les clients ?,demande_information,General,Réponse automatique générée.,,
Pouvez-vous me donner plus d'informations sur vos services et les démarches disponibles pour les clients ?,demande_information,General,Réponse automatique générée.,,
Pouvez-vous me donner plus d'informations sur vos services et les démarches disponibles pour les clients ?,demande_information,General,Réponse automatique générée.,,
Pouvez-vous me donner plus d'informations sur vos services et les démarches disponibles pour les clients ?,demande_information,General,Réponse automatique générée.,,
Pouvez-vous me donner plus d'informations sur vos services et les démarches disponibles pour les clients ?,demande_information,General,Réponse automatique générée.,,
Pouvez-vous me donner plus d'informations sur vos services et les démarches disponibles pour les clients ?,demande_information,General,Réponse automatique générée.,,
Pouvez-vous me donner plus d'informations sur vos services et les démarches disponibles pour les clients ?,demande_information,General,Réponse automatique générée.,,
Pouvez-vous me donner plus d'informations sur vos services et les démarches disponibles pour les clients ?,demande_information,General,Réponse automatique générée.,,
Pouvez-vous me donner plus d'informations sur vos services et les démarches disponibles pour les clients ?,demande_information,General,Réponse automatique générée.,,
Pouvez-vous me donner plus d'informations sur vos services et les démarches disponibles pour les clients ?,demande_information,General,Réponse automatique générée.,,
Pouvez-vous me donner plus d'informations sur vos services et les démarches disponibles pour les clients ?,demande_information,General,Réponse automatique générée.,,
Pouvez-vous me donner plus d'informations sur vos services et les démarches disponibles pour les clients ?,demande_information,General,Réponse automatique générée.,,
Pouvez-vous me donner plus d'informations sur vos services et les démarches disponibles pour les clients ?,demande_information,General,Réponse automatique générée.,,
Pouvez-vous me donner plus d'informations sur vos services et les démarches disponibles pour les clients ?,demande_information,General,Réponse automatique générée.,,
Pouvez-vous me donner plus d'informations sur vos services et les démarches disponibles pour les clients ?,demande_information,General,Réponse automatique générée.,,
Pouvez-vous me donner plus d'informations sur vos services et les démarches disponibles pour les clients ?,demande_information,General,Réponse automatique générée.,,
Pouvez-vous me donner plus d'informations sur vos services et les démarches disponibles pour les clients ?,demande_information,General,Réponse automatique générée.,,
Pouvez-vous me donner plus d'informations sur vos services et les démarches disponibles pour les clients ?,demande_information,General,Réponse automatique générée.,,
Pouvez-vous me donner plus d'informations sur vos services et les démarches disponibles pour les clients ?,demande_information,General,Réponse automatique générée.,,
Pouvez-vous me donner plus d'informations sur vos services et les démarches disponibles pour les clients ?,demande_information,General,Réponse automatique générée.,,
Pouvez-vous me donner plus d'informations sur vos services et les démarches disponibles pour les clients ?,demande_information,General,Réponse automatique générée.,,
Pouvez-vous me donner plus d'informations sur vos services et les démarches disponibles pour les clients ?,demande_information,General,Réponse automatique générée.,,
Pouvez-vous me donner plus d'informations sur vos services et les démarches disponibles pour les clients ?,demande_information,General,Réponse automatique générée.,,
Pouvez-vous me donner plus d'informations sur vos services et les démarches disponibles pour les clients ?,demande_information,General,Réponse automatique générée.,,
Pouvez-vous me donner plus d'informations sur vos services et les démarches disponibles pour les clients ?,demande_information,General,Réponse automatique générée.,,
Pouvez-vous me donner plus d'informations sur vos services et les démarches disponibles pour les clients ?,demande_information,General,Réponse automatique générée.,,
Pouvez-vous me donner plus d'informations sur vos services et les démarches disponibles pour les clients ?,demande_information,General,Réponse automatique générée.,,
Pouvez-vous me donner plus d'informations sur vos services et les démarches disponibles pour les clients ?,demande_information,General,Réponse automatique générée.,,
Pouvez-vous me donner plus d'informations sur vos services et les démarches disponibles pour les clients ?,demande_information,General,Réponse automatique générée.,,
Pouvez-vous me donner plus d'informations sur vos services et les démarches disponibles pour les clients ?,demande_information,General,Réponse automatique générée.,,
Pouvez-vous me donner plus d'informations sur vos services et les démarches disponibles pour les clients ?,demande_information,General,Réponse automatique générée.,,
Pouvez-vous me donner plus d'informations sur vos services et les démarches disponibles pour les clients ?,demande_information,General,Réponse automatique générée.,,
Pouvez-vous me donner plus d'informations sur vos services et les démarches disponibles pour les clients ?,demande_information,General,Réponse automatique générée.,,
Pouvez-vous me donner plus d'informations sur vos services et les démarches disponibles pour les clients ?,demande_information,General,Réponse automatique générée.,,
Pouvez-vous me donner plus d'informations sur vos services et les démarches disponibles pour les clients ?,demande_information,General,Réponse automatique générée.,,
Pouvez-vous me donner plus d'informations sur vos services et les démarches disponibles pour les clients ?,demande_information,General,Réponse automatique générée.,,
Pouvez-vous me donner plus d'informations sur vos services et les démarches disponibles pour les clients ?,demande_information,General,Réponse automatique générée.,,
Pouvez-vous me donner plus d'informations sur vos services et les démarches disponibles pour les clients ?,demande_information,General,Réponse automatique générée.,,
Pouvez-vous me donner plus d'informations sur vos services et les démarches disponibles pour les clients ?,demande_information,General,Réponse automatique générée.,,
Pouvez-vous me donner plus d'informations sur vos services et les démarches disponibles pour les clients ?,demande_information,General,Réponse automatique générée.,,
Je voudrais savoir où se trouve l'agence la plus proche de chez moi à Aného pour me déplacer.,localisation_agence,General,Réponse automatique générée.,,lieu=Aného
Je voudrais savoir où se trouve l'agence la plus proche de chez moi à Tsévié pour me déplacer.,localisation_agence,General,Réponse automatique générée.,,lieu=Tsévié
Je voudrais savoir où se trouve l'agence la plus proche de chez moi à Adidogomé pour me déplacer.,localisation_agence,General,Réponse automatique générée.,,lieu=Adidogomé
Je voudrais savoir où se trouve l'agence la plus proche de chez moi à Lomé pour me déplacer.,localisation_agence,General,Réponse automatique générée.,,lieu=Lomé
Je voudrais savoir où se trouve l'agence la plus proche de chez moi à Tsévié pour me déplacer.,localisation_agence,General,Réponse automatique générée.,,lieu=Tsévié
Je voudrais savoir où se trouve l'agence la plus proche de chez moi à Kegue pour me déplacer.,localisation_agence,General,Réponse automatique générée.,,lieu=Kegue
Je voudrais savoir où se trouve l'agence la plus proche de chez moi à Agoè pour me déplacer.,localisation_agence,General,Réponse automatique générée.,,lieu=Agoè
Je voudrais savoir où se trouve l'agence la plus proche de chez moi à Adidogomé pour me déplacer.,localisation_agence,General,Réponse automatique générée.,,lieu=Adidogomé
Je voudrais savoir où se trouve l'agence la plus proche de chez moi à Aného pour me déplacer.,localisation_agence,General,Réponse automatique générée.,,lieu=Aného
Je voudrais savoir où se trouve l'agence la plus proche de chez moi à Kegue pour me déplacer.,localisation_agence,General,Réponse automatique générée.,,lieu=Kegue
Je voudrais savoir où se trouve l'agence la plus proche de chez moi à Tsévié pour me déplacer.,localisation_agence,General,Réponse automatique générée.,,lieu=Tsévié
Je voudrais savoir où se trouve l'agence la plus proche de chez moi à Agoè pour me déplacer.,localisation_agence,General,Réponse automatique générée.,,lieu=Agoè
Je voudrais savoir où se trouve l'agence la plus proche de chez moi à Lomé pour me déplacer.,localisation_agence,General,Réponse automatique générée.,,lieu=Lomé
Je voudrais savoir où se trouve l'agence la plus proche de chez moi à Adidogomé pour me déplacer.,localisation_agence,General,Réponse automatique générée.,,lieu=Adidogomé
Je voudrais savoir où se trouve l'agence la plus proche de chez moi à Tsévié pour me déplacer.,localisation_agence,General,Réponse automatique générée.,,lieu=Tsévié
Je voudrais savoir où se trouve l'agence la plus proche de chez moi à Lomé pour me déplacer.,localisation_agence,General,Réponse automatique générée.,,lieu=Lomé
Je voudrais savoir où se trouve l'agence la plus proche de chez moi à Aného pour me déplacer.,localisation_agence,General,Réponse automatique générée.,,lieu=Aného
Je voudrais savoir où se trouve l'agence la plus proche de chez moi à Agoè pour me déplacer.,localisation_agence,General,Réponse automatique générée.,,lieu=Agoè
Je voudrais savoir où se trouve l'agence la plus proche de chez moi à Lomé pour me déplacer.,localisation_agence,General,Réponse automatique générée.,,lieu=Lomé
Je voudrais savoir où se trouve l'agence la plus proche de chez moi à Kegue pour me déplacer.,localisation_agence,General,Réponse automatique générée.,,lieu=Kegue
Je voudrais savoir où se trouve l'agence la plus proche de chez moi à Lomé pour me déplacer.,localisation_agence,General,Réponse automatique générée.,,lieu=Lomé
Je voudrais savoir où se trouve l'agence la plus proche de chez moi à Kegue pour me déplacer.,localisation_agence,General,Réponse automatique générée.,,lieu=Kegue
Je voudrais savoir où se trouve l'agence la plus proche de chez moi à Aného pour me déplacer.,localisation_agence,General,Réponse automatique générée.,,lieu=Aného
Je voudrais savoir où se trouve l'agence la plus proche de chez moi à Kegue pour me déplacer.,localisation_agence,General,Réponse automatique générée.,,lieu=Kegue
Je voudrais savoir où se trouve l'agence la plus proche de chez moi à Aného pour me déplacer.,localisation_agence,General,Réponse automatique générée.,,lieu=Aného
Je voudrais savoir où se trouve l'agence la plus proche de chez moi à Tsévié pour me déplacer.,localisation_agence,General,Réponse automatique générée.,,lieu=Tsévié
Je voudrais savoir où se trouve l'agence la plus proche de chez moi à Tsévié pour me déplacer.,localisation_agence,General,Réponse automatique générée.,,lieu=Tsévié
Je voudrais savoir où se trouve l'agence la plus proche de chez moi à Agoè pour me déplacer.,localisation_agence,General,Réponse automatique générée.,,lieu=Agoè
Je voudrais savoir où se trouve l'agence la plus proche de chez moi à Aného pour me déplacer.,localisation_agence,General,Réponse automatique générée.,,lieu=Aného
Je voudrais savoir où se trouve l'agence la plus proche de chez moi à Lomé pour me déplacer.,localisation_agence,General,Réponse automatique générée.,,lieu=Lomé
Je voudrais savoir où se trouve l'agence la plus proche de chez moi à Aného pour me déplacer.,localisation_agence,General,Réponse automatique générée.,,lieu=Aného
Je voudrais savoir où se trouve l'agence la plus proche de chez moi à Lomé pour me déplacer.,localisation_agence,General,Réponse automatique générée.,,lieu=Lomé
Je voudrais savoir où se trouve l'agence la plus proche de chez moi à Agoè pour me déplacer.,localisation_agence,General,Réponse automatique générée.,,lieu=Agoè
Je voudrais savoir où se trouve l'agence la plus proche de chez moi à Kegue pour me déplacer.,localisation_agence,General,Réponse automatique générée.,,lieu=Kegue
Je voudrais savoir où se trouve l'agence la plus proche de chez moi à Agoè pour me déplacer.,localisation_agence,General,Réponse automatique générée.,,lieu=Agoè
Je voudrais savoir où se trouve l'agence la plus proche de chez moi à Tsévié pour me déplacer.,localisation_agence,General,Réponse automatique générée.,,lieu=Tsévié
Je voudrais savoir où se trouve l'agence la plus proche de chez moi à Adidogomé pour me déplacer.,localisation_agence,General,Réponse automatique générée.,,lieu=Adidogomé
Je voudrais savoir où se trouve l'agence la plus proche de chez moi à Kegue pour me déplacer.,localisation_agence,General,Réponse automatique générée.,,lieu=Kegue
Je voudrais savoir où se trouve l'agence la plus proche de chez moi à Agoè pour me déplacer.,localisation_agence,General,Réponse automatique générée.,,lieu=Agoè
Je voudrais savoir où se trouve l'agence la plus proche de chez moi à Agoè pour me déplacer.,localisation_agence,General,Réponse automatique générée.,,lieu=Agoè
Je voudrais savoir où se trouve l'agence la plus proche de chez moi à Tsévié pour me déplacer.,localisation_agence,General,Réponse automatique générée.,,lieu=Tsévié
Je voudrais savoir où se trouve l'agence la plus proche de chez moi à Kegue pour me déplacer.,localisation_agence,General,Réponse automatique générée.,,lieu=Kegue
Je voudrais savoir où se trouve l'agence la plus proche de chez moi à Lomé pour me déplacer.,localisation_agence,General,Réponse automatique générée.,,lieu=Lomé
Je voudrais savoir où se trouve l'agence la plus proche de chez moi à Adidogomé pour me déplacer.,localisation_agence,General,Réponse automatique générée.,,lieu=Adidogomé
Je voudrais savoir où se trouve l'agence la plus proche de chez moi à Tsévié pour me déplacer.,localisation_agence,General,Réponse automatique générée.,,lieu=Tsévié
Je voudrais savoir où se trouve l'agence la plus proche de chez moi à Aného pour me déplacer.,localisation_agence,General,Réponse automatique générée.,,lieu=Aného
Je voudrais savoir où se trouve l'agence la plus proche de chez moi à Lomé pour me déplacer.,localisation_agence,General,Réponse automatique générée.,,lieu=Lomé
Je voudrais savoir où se trouve l'agence la plus proche de chez moi à Kegue pour me déplacer.,localisation_agence,General,Réponse automatique générée.,,lieu=Kegue
Je voudrais savoir où se trouve l'agence la plus proche de chez moi à Aného pour me déplacer.,localisation_agence,General,Réponse automatique générée.,,lieu=Aného
Je voudrais savoir où se trouve l'agence la plus proche de chez moi à Adidogomé pour me déplacer.,localisation_agence,General,Réponse automatique générée.,,lieu=Adidogomé
Je voudrais savoir où se trouve l'agence la plus proche de chez moi à Aného pour me déplacer.,localisation_agence,General,Réponse automatique générée.,,lieu=Aného
Je voudrais savoir où se trouve l'agence la plus proche de chez moi à Lomé pour me déplacer.,localisation_agence,General,Réponse automatique générée.,,lieu=Lomé
Je voudrais savoir où se trouve l'agence la plus proche de chez moi à Aného pour me déplacer.,localisation_agence,General,Réponse automatique générée.,,lieu=Aného
Je voudrais savoir où se trouve l'agence la plus proche de chez moi à Agoè pour me déplacer.,localisation_agence,General,Réponse automatique générée.,,lieu=Agoè
Je voudrais savoir où se trouve l'agence la plus proche de chez moi à Kegue pour me déplacer.,localisation_agence,General,Réponse automatique générée.,,lieu=Kegue
Je voudrais savoir où se trouve l'agence la plus proche de chez moi à Tsévié pour me déplacer.,localisation_agence,General,Réponse automatique générée.,,lieu=Tsévié
Je voudrais savoir où se trouve l'agence la plus proche de chez moi à Aného pour me déplacer.,localisation_agence,General,Réponse automatique générée.,,lieu=Aného
Je voudrais savoir où se trouve l'agence la plus proche de chez moi à Kegue pour me déplacer.,localisation_agence,General,Réponse automatique générée.,,lieu=Kegue
Je voudrais savoir où se trouve l'agence la plus proche de chez moi à Aného pour me déplacer.,localisation_agence,General,Réponse automatique générée.,,lieu=Aného
Je voudrais savoir où se trouve l'agence la plus proche de chez moi à Aného pour me déplacer.,localisation_agence,General,Réponse automatique générée.,,lieu=Aného
Je voudrais savoir où se trouve l'agence la plus proche de chez moi à Lomé pour me déplacer.,localisation_agence,General,Réponse automatique générée.,,lieu=Lomé
Je voudrais savoir où se trouve l'agence la plus proche de chez moi à Adidogomé pour me déplacer.,localisation_agence,General,Réponse automatique générée.,,lieu=Adidogomé
Je voudrais savoir où se trouve l'agence la plus proche de chez moi à Aného pour me déplacer.,localisation_agence,General,Réponse automatique générée.,,lieu=Aného
Je voudrais savoir où se trouve l'agence la plus proche de chez moi à Kegue pour me déplacer.,localisation_agence,General,Réponse automatique générée.,,lieu=Kegue
Je voudrais savoir où se trouve l'agence la plus proche de chez moi à Aného pour me déplacer.,localisation_agence,General,Réponse automatique générée.,,lieu=Aného
Je voudrais savoir où se trouve l'agence la plus proche de chez moi à Lomé pour me déplacer.,localisation_agence,General,Réponse automatique générée.,,lieu=Lomé
Je voudrais savoir où se trouve l'agence la plus proche de chez moi à Lomé pour me déplacer.,localisation_agence,General,Réponse automatique générée.,,lieu=Lomé
Je voudrais savoir où se trouve l'agence la plus proche de chez moi à Adidogomé pour me déplacer.,localisation_agence,General,Réponse automatique générée.,,lieu=Adidogomé
Je voudrais savoir où se trouve l'agence la plus proche de chez moi à Adidogomé pour me déplacer.,localisation_agence,General,Réponse automatique générée.,,lieu=Adidogomé
Je voudrais savoir où se trouve l'agence la plus proche de chez moi à Agoè pour me déplacer.,localisation_agence,General,Réponse automatique générée.,,lieu=Agoè
Pouvez-vous me dire les horaires d'ouverture de vos agences afin que je puisse planifier ma visite ?,horaires_agence,General,Réponse automatique générée.,,
Pouvez-vous me dire les horaires d'ouverture de vos agences afin que je puisse planifier ma visite ?,horaires_agence,General,Réponse automatique générée.,,
Pouvez-vous me dire les horaires d'ouverture de vos agences afin que je puisse planifier ma visite ?,horaires_agence,General,Réponse automatique générée.,,
Pouvez-vous me dire les horaires d'ouverture de vos agences afin que je puisse planifier ma visite ?,horaires_agence,General,Réponse automatique générée.,,
Pouvez-vous me dire les horaires d'ouverture de vos agences afin que je puisse planifier ma visite ?,horaires_agence,General,Réponse automatique générée.,,
Pouvez-vous me dire les horaires d'ouverture de vos agences afin que je puisse planifier ma visite ?,horaires_agence,General,Réponse automatique générée.,,
Pouvez-vous me dire les horaires d'ouverture de vos agences afin que je puisse planifier ma visite ?,horaires_agence,General,Réponse automatique générée.,,
Pouvez-vous me dire les horaires d'ouverture de vos agences afin que je puisse planifier ma visite ?,horaires_agence,General,Réponse automatique générée.,,
Pouvez-vous me dire les horaires d'ouverture de vos agences afin que je puisse planifier ma visite ?,horaires_agence,General,Réponse automatique générée.,,
Pouvez-vous me dire les horaires d'ouverture de vos agences afin que je puisse planifier ma visite ?,horaires_agence,General,Réponse automatique générée.,,
Pouvez-vous me dire les horaires d'ouverture de vos agences afin que je puisse planifier ma visite ?,horaires_agence,General,Réponse automatique générée.,,
Pouvez-vous me dire les horaires d'ouverture de vos agences afin que je puisse planifier ma visite ?,horaires_agence,General,Réponse automatique générée.,,
Pouvez-vous me dire les horaires d'ouverture de vos agences afin que je puisse planifier ma visite ?,horaires_agence,General,Réponse automatique générée.,,
Pouvez-vous me dire les horaires d'ouverture de vos agences afin que je puisse planifier ma visite ?,horaires_agence,General,Réponse automatique générée.,,
Pouvez-vous me dire les horaires d'ouverture de vos agences afin que je puisse planifier ma visite ?,horaires_agence,General,Réponse automatique générée.,,
Pouvez-vous me dire les horaires d'ouverture de vos agences afin que je puisse planifier ma visite ?,horaires_agence,General,Réponse automatique générée.,,
Pouvez-vous me dire les horaires d'ouverture de vos agences afin que je puisse planifier ma visite ?,horaires_agence,General,Réponse automatique générée.,,
Pouvez-vous me dire les horaires d'ouverture de vos agences afin que je puisse planifier ma visite ?,horaires_agence,General,Réponse automatique générée.,,
Pouvez-vous me dire les horaires d'ouverture de vos agences afin que je puisse planifier ma visite ?,horaires_agence,General,Réponse automatique générée.,,
Pouvez-vous me dire les horaires d'ouverture de vos agences afin que je puisse planifier ma visite ?,horaires_agence,General,Réponse automatique générée.,,
Pouvez-vous me dire les horaires d'ouverture de vos agences afin que je puisse planifier ma visite ?,horaires_agence,General,Réponse automatique générée.,,
Pouvez-vous me dire les horaires d'ouverture de vos agences afin que je puisse planifier ma visite ?,horaires_agence,General,Réponse automatique générée.,,
Pouvez-vous me dire les horaires d'ouverture de vos agences afin que je puisse planifier ma visite ?,horaires_agence,General,Réponse automatique générée.,,
Pouvez-vous me dire les horaires d'ouverture de vos agences afin que je puisse planifier ma visite ?,horaires_agence,General,Réponse automatique générée.,,
Pouvez-vous me dire les horaires d'ouverture de vos agences afin que je puisse planifier ma visite ?,horaires_agence,General,Réponse automatique générée.,,
Pouvez-vous me dire les horaires d'ouverture de vos agences afin que je puisse planifier ma visite ?,horaires_agence,General,Réponse automatique générée.,,
Pouvez-vous me dire les horaires d'ouverture de vos agences afin que je puisse planifier ma visite ?,horaires_agence,General,Réponse automatique générée.,,
Pouvez-vous me dire les horaires d'ouverture de vos agences afin que je puisse planifier ma visite ?,horaires_agence,General,Réponse automatique générée.,,
Pouvez-vous me dire les horaires d'ouverture de vos agences afin que je puisse planifier ma visite ?,horaires_agence,General,Réponse automatique générée.,,
Pouvez-vous me dire les horaires d'ouverture de vos agences afin que je puisse planifier ma visite ?,horaires_agence,General,Réponse automatique générée.,,
Pouvez-vous me dire les horaires d'ouverture de vos agences afin que je puisse planifier ma visite ?,horaires_agence,General,Réponse automatique générée.,,
Pouvez-vous me dire les horaires d'ouverture de vos agences afin que je puisse planifier ma visite ?,horaires_agence,General,Réponse automatique générée.,,
Pouvez-vous me dire les horaires d'ouverture de vos agences afin que je puisse planifier ma visite ?,horaires_agence,General,Réponse automatique générée.,,
Pouvez-vous me dire les horaires d'ouverture de vos agences afin que je puisse planifier ma visite ?,horaires_agence,General,Réponse automatique générée.,,
Pouvez-vous me dire les horaires d'ouverture de vos agences afin que je puisse planifier ma visite ?,horaires_agence,General,Réponse automatique générée.,,
Pouvez-vous me dire les horaires d'ouverture de vos agences afin que je puisse planifier ma visite ?,horaires_agence,General,Réponse automatique générée.,,
Pouvez-vous me dire les horaires d'ouverture de vos agences afin que je puisse planifier ma visite ?,horaires_agence,General,Réponse automatique générée.,,
Pouvez-vous me dire les horaires d'ouverture de vos agences afin que je puisse planifier ma visite ?,horaires_agence,General,Réponse automatique générée.,,
Pouvez-vous me dire les horaires d'ouverture de vos agences afin que je puisse planifier ma visite ?,horaires_agence,General,Réponse automatique générée.,,
Pouvez-vous me dire les horaires d'ouverture de vos agences afin que je puisse planifier ma visite ?,horaires_agence,General,Réponse automatique générée.,,
Pouvez-vous me dire les horaires d'ouverture de vos agences afin que je puisse planifier ma visite ?,horaires_agence,General,Réponse automatique générée.,,
Pouvez-vous me dire les horaires d'ouverture de vos agences afin que je puisse planifier ma visite ?,horaires_agence,General,Réponse automatique générée.,,
Pouvez-vous me dire les horaires d'ouverture de vos agences afin que je puisse planifier ma visite ?,horaires_agence,General,Réponse automatique générée.,,
Pouvez-vous me dire les horaires d'ouverture de vos agences afin que je puisse planifier ma visite ?,horaires_agence,General,Réponse automatique générée.,,
Pouvez-vous me dire les horaires d'ouverture de vos agences afin que je puisse planifier ma visite ?,horaires_agence,General,Réponse automatique générée.,,
Pouvez-vous me dire les horaires d'ouverture de vos agences afin que je puisse planifier ma visite ?,horaires_agence,General,Réponse automatique générée.,,
Pouvez-vous me dire les horaires d'ouverture de vos agences afin que je puisse planifier ma visite ?,horaires_agence,General,Réponse automatique générée.,,
Pouvez-vous me dire les horaires d'ouverture de vos agences afin que je puisse planifier ma visite ?,horaires_agence,General,Réponse automatique générée.,,
Pouvez-vous me dire les horaires d'ouverture de vos agences afin que je puisse planifier ma visite ?,horaires_agence,General,Réponse automatique générée.,,
Pouvez-vous me dire les horaires d'ouverture de vos agences afin que je puisse planifier ma visite ?,horaires_agence,General,Réponse automatique générée.,,
Pouvez-vous me dire les horaires d'ouverture de vos agences afin que je puisse planifier ma visite ?,horaires_agence,General,Réponse automatique générée.,,
Pouvez-vous me dire les horaires d'ouverture de vos agences afin que je puisse planifier ma visite ?,horaires_agence,General,Réponse automatique générée.,,
Pouvez-vous me dire les horaires d'ouverture de vos agences afin que je puisse planifier ma visite ?,horaires_agence,General,Réponse automatique générée.,,
Pouvez-vous me dire les horaires d'ouverture de vos agences afin que je puisse planifier ma visite ?,horaires_agence,General,Réponse automatique générée.,,
Pouvez-vous me dire les horaires d'ouverture de vos agences afin que je puisse planifier ma visite ?,horaires_agence,General,Réponse automatique générée.,,
Pouvez-vous me dire les horaires d'ouverture de vos agences afin que je puisse planifier ma visite ?,horaires_agence,General,Réponse automatique générée.,,
Pouvez-vous me dire les horaires d'ouverture de vos agences afin que je puisse planifier ma visite ?,horaires_agence,General,Réponse automatique générée.,,
Pouvez-vous me dire les horaires d'ouverture de vos agences afin que je puisse planifier ma visite ?,horaires_agence,General,Réponse automatique générée.,,
Pouvez-vous me dire les horaires d'ouverture de vos agences afin que je puisse planifier ma visite ?,horaires_agence,General,Réponse automatique générée.,,
Pouvez-vous me dire les horaires d'ouverture de vos agences afin que je puisse planifier ma visite ?,horaires_agence,General,Réponse automatique générée.,,
Pouvez-vous me dire les horaires d'ouverture de vos agences afin que je puisse planifier ma visite ?,horaires_agence,General,Réponse automatique générée.,,
Pouvez-vous me dire les horaires d'ouverture de vos agences afin que je puisse planifier ma visite ?,horaires_agence,General,Réponse automatique générée.,,
Pouvez-vous me dire les horaires d'ouverture de vos agences afin que je puisse planifier ma visite ?,horaires_agence,General,Réponse automatique générée.,,
Pouvez-vous me dire les horaires d'ouverture de vos agences afin que je puisse planifier ma visite ?,horaires_agence,General,Réponse automatique générée.,,
Pouvez-vous me dire les horaires d'ouverture de vos agences afin que je puisse planifier ma visite ?,horaires_agence,General,Réponse automatique générée.,,
Pouvez-vous me dire les horaires d'ouverture de vos agences afin que je puisse planifier ma visite ?,horaires_agence,General,Réponse automatique générée.,,
Pouvez-vous me dire les horaires d'ouverture de vos agences afin que je puisse planifier ma visite ?,horaires_agence,General,Réponse automatique générée.,,
Pouvez-vous me dire les horaires d'ouverture de vos agences afin que je puisse planifier ma visite ?,horaires_agence,General,Réponse automatique générée.,,
Pouvez-vous me dire les horaires d'ouverture de vos agences afin que je puisse planifier ma visite ?,horaires_agence,General,Réponse automatique générée.,,
Pouvez-vous me dire les horaires d'ouverture de vos agences afin que je puisse planifier ma visite ?,horaires_agence,General,Réponse automatique générée.,,
"Je cherche un moyen de contacter votre service client, avez-vous un numéro ou un email disponible ?",contact_service,General,Réponse automatique générée.,,
"Je cherche un moyen de contacter votre service client, avez-vous un numéro ou un email disponible ?",contact_service,General,Réponse automatique générée.,,
"Je cherche un moyen de contacter votre service client, avez-vous un numéro ou un email disponible ?",contact_service,General,Réponse automatique générée.,,
"Je cherche un moyen de contacter votre service client, avez-vous un numéro ou un email disponible ?",contact_service,General,Réponse automatique générée.,,
"Je cherche un moyen de contacter votre service client, avez-vous un numéro ou un email disponible ?",contact_service,General,Réponse automatique générée.,,
"Je cherche un moyen de contacter votre service client, avez-vous un numéro ou un email disponible ?",contact_service,General,Réponse automatique générée.,,
"Je cherche un moyen de contacter votre service client, avez-vous un numéro ou un email disponible ?",contact_service,General,Réponse automatique générée.,,
"Je cherche un moyen de contacter votre service client, avez-vous un numéro ou un email disponible ?",contact_service,General,Réponse automatique générée.,,
"Je cherche un moyen de contacter votre service client, avez-vous un numéro ou un email disponible ?",contact_service,General,Réponse automatique générée.,,
"Je cherche un moyen de contacter votre service client, avez-vous un numéro ou un email disponible ?",contact_service,General,Réponse automatique générée.,,
"Je cherche un moyen de contacter votre service client, avez-vous un numéro ou un email disponible ?",contact_service,General,Réponse automatique générée.,,
"Je cherche un moyen de contacter votre service client, avez-vous un numéro ou un email disponible ?",contact_service,General,Réponse automatique générée.,,
"Je cherche un moyen de contacter votre service client, avez-vous un numéro ou un email disponible ?",contact_service,General,Réponse automatique générée.,,
"Je cherche un moyen de contacter votre service client, avez-vous un numéro ou un email disponible ?",contact_service,General,Réponse automatique générée.,,
"Je cherche un moyen de contacter votre service client, avez-vous un numéro ou un email disponible ?",contact_service,General,Réponse automatique générée.,,
"Je cherche un moyen de contacter votre service client, avez-vous un numéro ou un email disponible ?",contact_service,General,Réponse automatique générée.,,
"Je cherche un moyen de contacter votre service client, avez-vous un numéro ou un email disponible ?",contact_service,General,Réponse automatique générée.,,
"Je cherche un moyen de contacter votre service client, avez-vous un numéro ou un email disponible ?",contact_service,General,Réponse automatique générée.,,
"Je cherche un moyen de contacter votre service client, avez-vous un numéro ou un email disponible ?",contact_service,General,Réponse automatique générée.,,
"Je cherche un moyen de contacter votre service client, avez-vous un numéro ou un email disponible ?",contact_service,General,Réponse automatique générée.,,
"Je cherche un moyen de contacter votre service client, avez-vous un numéro ou un email disponible ?",contact_service,General,Réponse automatique générée.,,
"Je cherche un moyen de contacter votre service client, avez-vous un numéro ou un email disponible ?",contact_service,General,Réponse automatique générée.,,
"Je cherche un moyen de contacter votre service client, avez-vous un numéro ou un email disponible ?",contact_service,General,Réponse automatique générée.,,
"Je cherche un moyen de contacter votre service client, avez-vous un numéro ou un email disponible ?",contact_service,General,Réponse automatique générée.,,
"Je cherche un moyen de contacter votre service client, avez-vous un numéro ou un email disponible ?",contact_service,General,Réponse automatique générée.,,
"Je cherche un moyen de contacter votre service client, avez-vous un numéro ou un email disponible ?",contact_service,General,Réponse automatique générée.,,
"Je cherche un moyen de contacter votre service client, avez-vous un numéro ou un email disponible ?",contact_service,General,Réponse automatique générée.,,
"Je cherche un moyen de contacter votre service client, avez-vous un numéro ou un email disponible ?",contact_service,General,Réponse automatique générée.,,
"Je cherche un moyen de contacter votre service client, avez-vous un numéro ou un email disponible ?",contact_service,General,Réponse automatique générée.,,
"Je cherche un moyen de contacter votre service client, avez-vous un numéro ou un email disponible ?",contact_service,General,Réponse automatique générée.,,
"Je cherche un moyen de contacter votre service client, avez-vous un numéro ou un email disponible ?",contact_service,General,Réponse automatique générée.,,
"Je cherche un moyen de contacter votre service client, avez-vous un numéro ou un email disponible ?",contact_service,General,Réponse automatique générée.,,
"Je cherche un moyen de contacter votre service client, avez-vous un numéro ou un email disponible ?",contact_service,General,Réponse automatique générée.,,
"Je cherche un moyen de contacter votre service client, avez-vous un numéro ou un email disponible ?",contact_service,General,Réponse automatique générée.,,
"Je cherche un moyen de contacter votre service client, avez-vous un numéro ou un email disponible ?",contact_service,General,Réponse automatique générée.,,
"Je cherche un moyen de contacter votre service client, avez-vous un numéro ou un email disponible ?",contact_service,General,Réponse automatique générée.,,
"Je cherche un moyen de contacter votre service client, avez-vous un numéro ou un email disponible ?",contact_service,General,Réponse automatique générée.,,
"Je cherche un moyen de contacter votre service client, avez-vous un numéro ou un email disponible ?",contact_service,General,Réponse automatique générée.,,
"Je cherche un moyen de contacter votre service client, avez-vous un numéro ou un email disponible ?",contact_service,General,Réponse automatique générée.,,
"Je cherche un moyen de contacter votre service client, avez-vous un numéro ou un email disponible ?",contact_service,General,Réponse automatique générée.,,
"Je cherche un moyen de contacter votre service client, avez-vous un numéro ou un email disponible ?",contact_service,General,Réponse automatique générée.,,
"Je cherche un moyen de contacter votre service client, avez-vous un numéro ou un email disponible ?",contact_service,General,Réponse automatique générée.,,
"Je cherche un moyen de contacter votre service client, avez-vous un numéro ou un email disponible ?",contact_service,General,Réponse automatique générée.,,
"Je cherche un moyen de contacter votre service client, avez-vous un numéro ou un email disponible ?",contact_service,General,Réponse automatique générée.,,
"Je cherche un moyen de contacter votre service client, avez-vous un numéro ou un email disponible ?",contact_service,General,Réponse automatique générée.,,
"Je cherche un moyen de contacter votre service client, avez-vous un numéro ou un email disponible ?",contact_service,General,Réponse automatique générée.,,
"Je cherche un moyen de contacter votre service client, avez-vous un numéro ou un email disponible ?",contact_service,General,Réponse automatique générée.,,
"Je cherche un moyen de contacter votre service client, avez-vous un numéro ou un email disponible ?",contact_service,General,Réponse automatique générée.,,
"Je cherche un moyen de contacter votre service client, avez-vous un numéro ou un email disponible ?",contact_service,General,Réponse automatique générée.,,
"Je cherche un moyen de contacter votre service client, avez-vous un numéro ou un email disponible ?",contact_service,General,Réponse automatique générée.,,
"Je cherche un moyen de contacter votre service client, avez-vous un numéro ou un email disponible ?",contact_service,General,Réponse automatique générée.,,
"Je cherche un moyen de contacter votre service client, avez-vous un numéro ou un email disponible ?",contact_service,General,Réponse automatique générée.,,
"Je cherche un moyen de contacter votre service client, avez-vous un numéro ou un email disponible ?",contact_service,General,Réponse automatique générée.,,
"Je cherche un moyen de contacter votre service client, avez-vous un numéro ou un email disponible ?",contact_service,General,Réponse automatique générée.,,
"Je cherche un moyen de contacter votre service client, avez-vous un numéro ou un email disponible ?",contact_service,General,Réponse automatique générée.,,
"Je cherche un moyen de contacter votre service client, avez-vous un numéro ou un email disponible ?",contact_service,General,Réponse automatique générée.,,
"Je cherche un moyen de contacter votre service client, avez-vous un numéro ou un email disponible ?",contact_service,General,Réponse automatique générée.,,
"Je cherche un moyen de contacter votre service client, avez-vous un numéro ou un email disponible ?",contact_service,General,Réponse automatique générée.,,
"Je cherche un moyen de contacter votre service client, avez-vous un numéro ou un email disponible ?",contact_service,General,Réponse automatique générée.,,
"Je cherche un moyen de contacter votre service client, avez-vous un numéro ou un email disponible ?",contact_service,General,Réponse automatique générée.,,
"Je cherche un moyen de contacter votre service client, avez-vous un numéro ou un email disponible ?",contact_service,General,Réponse automatique générée.,,
"Je cherche un moyen de contacter votre service client, avez-vous un numéro ou un email disponible ?",contact_service,General,Réponse automatique générée.,,
"Je cherche un moyen de contacter votre service client, avez-vous un numéro ou un email disponible ?",contact_service,General,Réponse automatique générée.,,
"Je cherche un moyen de contacter votre service client, avez-vous un numéro ou un email disponible ?",contact_service,General,Réponse automatique générée.,,
"Je cherche un moyen de contacter votre service client, avez-vous un numéro ou un email disponible ?",contact_service,General,Réponse automatique générée.,,
"Je cherche un moyen de contacter votre service client, avez-vous un numéro ou un email disponible ?",contact_service,General,Réponse automatique générée.,,
"Je cherche un moyen de contacter votre service client, avez-vous un numéro ou un email disponible ?",contact_service,General,Réponse automatique générée.,,
"Je cherche un moyen de contacter votre service client, avez-vous un numéro ou un email disponible ?",contact_service,General,Réponse automatique générée.,,
"Je cherche un moyen de contacter votre service client, avez-vous un numéro ou un email disponible ?",contact_service,General,Réponse automatique générée.,,
"Je cherche un moyen de contacter votre service client, avez-vous un numéro ou un email disponible ?",contact_service,General,Réponse automatique générée.,,
"Bonjour, j'espère que vous allez bien aujourd'hui.",salutation,General,Réponse automatique générée.,,
"Bonjour, j'espère que vous allez bien aujourd'hui.",salutation,General,Réponse automatique générée.,,
"Bonjour, j'espère que vous allez bien aujourd'hui.",salutation,General,Réponse automatique générée.,,
"Bonjour, j'espère que vous allez bien aujourd'hui.",salutation,General,Réponse automatique générée.,,
"Bonjour, j'espère que vous allez bien aujourd'hui.",salutation,General,Réponse automatique générée.,,
"Bonjour, j'espère que vous allez bien aujourd'hui.",salutation,General,Réponse automatique générée.,,
"Bonjour, j'espère que vous allez bien aujourd'hui.",salutation,General,Réponse automatique générée.,,
"Bonjour, j'espère que vous allez bien aujourd'hui.",salutation,General,Réponse automatique générée.,,
"Bonjour, j'espère que vous allez bien aujourd'hui.",salutation,General,Réponse automatique générée.,,
"Bonjour, j'espère que vous allez bien aujourd'hui.",salutation,General,Réponse automatique générée.,,
"Bonjour, j'espère que vous allez bien aujourd'hui.",salutation,General,Réponse automatique générée.,,
"Bonjour, j'espère que vous allez bien aujourd'hui.",salutation,General,Réponse automatique générée.,,
"Bonjour, j'espère que vous allez bien aujourd'hui.",salutation,General,Réponse automatique générée.,,
"Bonjour, j'espère que vous allez bien aujourd'hui.",salutation,General,Réponse automatique générée.,,
"Bonjour, j'espère que vous allez bien aujourd'hui.",salutation,General,Réponse automatique générée.,,
"Bonjour, j'espère que vous allez bien aujourd'hui.",salutation,General,Réponse automatique générée.,,
"Bonjour, j'espère que vous allez bien aujourd'hui.",salutation,General,Réponse automatique générée.,,
"Bonjour, j'espère que vous allez bien aujourd'hui.",salutation,General,Réponse automatique générée.,,
"Bonjour, j'espère que vous allez bien aujourd'hui.",salutation,General,Réponse automatique générée.,,
"Bonjour, j'espère que vous allez bien aujourd'hui.",salutation,General,Réponse automatique générée.,,
"Bonjour, j'espère que vous allez bien aujourd'hui.",salutation,General,Réponse automatique générée.,,
"Bonjour, j'espère que vous allez bien aujourd'hui.",salutation,General,Réponse automatique générée.,,
"Bonjour, j'espère que vous allez bien aujourd'hui.",salutation,General,Réponse automatique générée.,,
"Bonjour, j'espère que vous allez bien aujourd'hui.",salutation,General,Réponse automatique générée.,,
"Bonjour, j'espère que vous allez bien aujourd'hui.",salutation,General,Réponse automatique générée.,,
"Bonjour, j'espère que vous allez bien aujourd'hui.",salutation,General,Réponse automatique générée.,,
"Bonjour, j'espère que vous allez bien aujourd'hui.",salutation,General,Réponse automatique générée.,,
"Bonjour, j'espère que vous allez bien aujourd'hui.",salutation,General,Réponse automatique générée.,,
"Bonjour, j'espère que vous allez bien aujourd'hui.",salutation,General,Réponse automatique générée.,,
"Bonjour, j'espère que vous allez bien aujourd'hui.",salutation,General,Réponse automatique générée.,,
"Bonjour, j'espère que vous allez bien aujourd'hui.",salutation,General,Réponse automatique générée.,,
"Bonjour, j'espère que vous allez bien aujourd'hui.",salutation,General,Réponse automatique générée.,,
"Bonjour, j'espère que vous allez bien aujourd'hui.",salutation,General,Réponse automatique générée.,,
"Bonjour, j'espère que vous allez bien aujourd'hui.",salutation,General,Réponse automatique générée.,,
"Bonjour, j'espère que vous allez bien aujourd'hui.",salutation,General,Réponse automatique générée.,,
"Bonjour, j'espère que vous allez bien aujourd'hui.",salutation,General,Réponse automatique générée.,,
"Bonjour, j'espère que vous allez bien aujourd'hui.",salutation,General,Réponse automatique générée.,,
"Bonjour, j'espère que vous allez bien aujourd'hui.",salutation,General,Réponse automatique générée.,,
"Bonjour, j'espère que vous allez bien aujourd'hui.",salutation,General,Réponse automatique générée.,,
"Bonjour, j'espère que vous allez bien aujourd'hui.",salutation,General,Réponse automatique générée.,,
"Bonjour, j'espère que vous allez bien aujourd'hui.",salutation,General,Réponse automatique générée.,,
"Bonjour, j'espère que vous allez bien aujourd'hui.",salutation,General,Réponse automatique générée.,,
"Bonjour, j'espère que vous allez bien aujourd'hui.",salutation,General,Réponse automatique générée.,,
"Bonjour, j'espère que vous allez bien aujourd'hui.",salutation,General,Réponse automatique générée.,,
"Bonjour, j'espère que vous allez bien aujourd'hui.",salutation,General,Réponse automatique générée.,,
"Bonjour, j'espère que vous allez bien aujourd'hui.",salutation,General,Réponse automatique générée.,,
"Bonjour, j'espère que vous allez bien aujourd'hui.",salutation,General,Réponse automatique générée.,,
"Bonjour, j'espère que vous allez bien aujourd'hui.",salutation,General,Réponse automatique générée.,,
"Bonjour, j'espère que vous allez bien aujourd'hui.",salutation,General,Réponse automatique générée.,,
"Bonjour, j'espère que vous allez bien aujourd'hui.",salutation,General,Réponse automatique générée.,,
"Bonjour, j'espère que vous allez bien aujourd'hui.",salutation,General,Réponse automatique générée.,,
"Bonjour, j'espère que vous allez bien aujourd'hui.",salutation,General,Réponse automatique générée.,,
"Bonjour, j'espère que vous allez bien aujourd'hui.",salutation,General,Réponse automatique générée.,,
"Bonjour, j'espère que vous allez bien aujourd'hui.",salutation,General,Réponse automatique générée.,,
"Bonjour, j'espère que vous allez bien aujourd'hui.",salutation,General,Réponse automatique générée.,,
"Bonjour, j'espère que vous allez bien aujourd'hui.",salutation,General,Réponse automatique générée.,,
"Bonjour, j'espère que vous allez bien aujourd'hui.",salutation,General,Réponse automatique générée.,,
"Bonjour, j'espère que vous allez bien aujourd'hui.",salutation,General,Réponse automatique générée.,,
"Bonjour, j'espère que vous allez bien aujourd'hui.",salutation,General,Réponse automatique générée.,,
"Bonjour, j'espère que vous allez bien aujourd'hui.",salutation,General,Réponse automatique générée.,,
"Bonjour, j'espère que vous allez bien aujourd'hui.",salutation,General,Réponse automatique générée.,,
"Bonjour, j'espère que vous allez bien aujourd'hui.",salutation,General,Réponse automatique générée.,,
"Bonjour, j'espère que vous allez bien aujourd'hui.",salutation,General,Réponse automatique générée.,,
"Bonjour, j'espère que vous allez bien aujourd'hui.",salutation,General,Réponse automatique générée.,,
"Bonjour, j'espère que vous allez bien aujourd'hui.",salutation,General,Réponse automatique générée.,,
"Bonjour, j'espère que vous allez bien aujourd'hui.",salutation,General,Réponse automatique générée.,,
"Bonjour, j'espère que vous allez bien aujourd'hui.",salutation,General,Réponse automatique générée.,,
"Bonjour, j'espère que vous allez bien aujourd'hui.",salutation,General,Réponse automatique générée.,,
"Bonjour, j'espère que vous allez bien aujourd'hui.",salutation,General,Réponse automatique générée.,,
"Bonjour, j'espère que vous allez bien aujourd'hui.",salutation,General,Réponse automatique générée.,,
"Merci beaucoup pour votre aide, cela m'a été très utile.",remerciement,General,Réponse automatique générée.,,
"Merci beaucoup pour votre aide, cela m'a été très utile.",remerciement,General,Réponse automatique générée.,,
"Merci beaucoup pour votre aide, cela m'a été très utile.",remerciement,General,Réponse automatique générée.,,
"Merci beaucoup pour votre aide, cela m'a été très utile.",remerciement,General,Réponse automatique générée.,,
"Merci beaucoup pour votre aide, cela m'a été très utile.",remerciement,General,Réponse automatique générée.,,
"Merci beaucoup pour votre aide, cela m'a été très utile.",remerciement,General,Réponse automatique générée.,,
"Merci beaucoup pour votre aide, cela m'a été très utile.",remerciement,General,Réponse automatique générée.,,
"Merci beaucoup pour votre aide, cela m'a été très utile.",remerciement,General,Réponse automatique générée.,,
"Merci beaucoup pour votre aide, cela m'a été très utile.",remerciement,General,Réponse automatique générée.,,
"Merci beaucoup pour votre aide, cela m'a été très utile.",remerciement,General,Réponse automatique générée.,,
"Merci beaucoup pour votre aide, cela m'a été très utile.",remerciement,General,Réponse automatique générée.,,
"Merci beaucoup pour votre aide, cela m'a été très utile.",remerciement,General,Réponse automatique générée.,,
"Merci beaucoup pour votre aide, cela m'a été très utile.",remerciement,General,Réponse automatique générée.,,
"Merci beaucoup pour votre aide, cela m'a été très utile.",remerciement,General,Réponse automatique générée.,,
"Merci beaucoup pour votre aide, cela m'a été très utile.",remerciement,General,Réponse automatique générée.,,
"Merci beaucoup pour votre aide, cela m'a été très utile.",remerciement,General,Réponse automatique générée.,,
"Merci beaucoup pour votre aide, cela m'a été très utile.",remerciement,General,Réponse automatique générée.,,
"Merci beaucoup pour votre aide, cela m'a été très utile.",remerciement,General,Réponse automatique générée.,,
"Merci beaucoup pour votre aide, cela m'a été très utile.",remerciement,General,Réponse automatique générée.,,
"Merci beaucoup pour votre aide, cela m'a été très utile.",remerciement,General,Réponse automatique générée.,,
"Merci beaucoup pour votre aide, cela m'a été très utile.",remerciement,General,Réponse automatique générée.,,
"Merci beaucoup pour votre aide, cela m'a été très utile.",remerciement,General,Réponse automatique générée.,,
"Merci beaucoup pour votre aide, cela m'a été très utile.",remerciement,General,Réponse automatique générée.,,
"Merci beaucoup pour votre aide, cela m'a été très utile.",remerciement,General,Réponse automatique générée.,,
"Merci beaucoup pour votre aide, cela m'a été très utile.",remerciement,General,Réponse automatique générée.,,
"Merci beaucoup pour votre aide, cela m'a été très utile.",remerciement,General,Réponse automatique générée.,,
"Merci beaucoup pour votre aide, cela m'a été très utile.",remerciement,General,Réponse automatique générée.,,
"Merci beaucoup pour votre aide, cela m'a été très utile.",remerciement,General,Réponse automatique générée.,,
"Merci beaucoup pour votre aide, cela m'a été très utile.",remerciement,General,Réponse automatique générée.,,
"Merci beaucoup pour votre aide, cela m'a été très utile.",remerciement,General,Réponse automatique générée.,,
"Merci beaucoup pour votre aide, cela m'a été très utile.",remerciement,General,Réponse automatique générée.,,
"Merci beaucoup pour votre aide, cela m'a été très utile.",remerciement,General,Réponse automatique générée.,,
"Merci beaucoup pour votre aide, cela m'a été très utile.",remerciement,General,Réponse automatique générée.,,
"Merci beaucoup pour votre aide, cela m'a été très utile.",remerciement,General,Réponse automatique générée.,,
"Merci beaucoup pour votre aide, cela m'a été très utile.",remerciement,General,Réponse automatique générée.,,
"Merci beaucoup pour votre aide, cela m'a été très utile.",remerciement,General,Réponse automatique générée.,,
"Merci beaucoup pour votre aide, cela m'a été très utile.",remerciement,General,Réponse automatique générée.,,
"Merci beaucoup pour votre aide, cela m'a été très utile.",remerciement,General,Réponse automatique générée.,,
"Merci beaucoup pour votre aide, cela m'a été très utile.",remerciement,General,Réponse automatique générée.,,
"Merci beaucoup pour votre aide, cela m'a été très utile.",remerciement,General,Réponse automatique générée.,,
"Merci beaucoup pour votre aide, cela m'a été très utile.",remerciement,General,Réponse automatique générée.,,
"Merci beaucoup pour votre aide, cela m'a été très utile.",remerciement,General,Réponse automatique générée.,,
"Merci beaucoup pour votre aide, cela m'a été très utile.",remerciement,General,Réponse automatique générée.,,
"Merci beaucoup pour votre aide, cela m'a été très utile.",remerciement,General,Réponse automatique générée.,,
"Merci beaucoup pour votre aide, cela m'a été très utile.",remerciement,General,Réponse automatique générée.,,
"Merci beaucoup pour votre aide, cela m'a été très utile.",remerciement,General,Réponse automatique générée.,,
"Merci beaucoup pour votre aide, cela m'a été très utile.",remerciement,General,Réponse automatique générée.,,
"Merci beaucoup pour votre aide, cela m'a été très utile.",remerciement,General,Réponse automatique générée.,,
"Merci beaucoup pour votre aide, cela m'a été très utile.",remerciement,General,Réponse automatique générée.,,
"Merci beaucoup pour votre aide, cela m'a été très utile.",remerciement,General,Réponse automatique générée.,,
"Merci beaucoup pour votre aide, cela m'a été très utile.",remerciement,General,Réponse automatique générée.,,
"Merci beaucoup pour votre aide, cela m'a été très utile.",remerciement,General,Réponse automatique générée.,,
"Merci beaucoup pour votre aide, cela m'a été très utile.",remerciement,General,Réponse automatique générée.,,
"Merci beaucoup pour votre aide, cela m'a été très utile.",remerciement,General,Réponse automatique générée.,,
"Merci beaucoup pour votre aide, cela m'a été très utile.",remerciement,General,Réponse automatique générée.,,
"Merci beaucoup pour votre aide, cela m'a été très utile.",remerciement,General,Réponse automatique générée.,,
"Merci beaucoup pour votre aide, cela m'a été très utile.",remerciement,General,Réponse automatique générée.,,
"Merci beaucoup pour votre aide, cela m'a été très utile.",remerciement,General,Réponse automatique générée.,,
"Merci beaucoup pour votre aide, cela m'a été très utile.",remerciement,General,Réponse automatique générée.,,
"Merci beaucoup pour votre aide, cela m'a été très utile.",remerciement,General,Réponse automatique générée.,,
"Merci beaucoup pour votre aide, cela m'a été très utile.",remerciement,General,Réponse automatique générée.,,
"Merci beaucoup pour votre aide, cela m'a été très utile.",remerciement,General,Réponse automatique générée.,,
"Merci beaucoup pour votre aide, cela m'a été très utile.",remerciement,General,Réponse automatique générée.,,
"Merci beaucoup pour votre aide, cela m'a été très utile.",remerciement,General,Réponse automatique générée.,,
"Merci beaucoup pour votre aide, cela m'a été très utile.",remerciement,General,Réponse automatique générée.,,
"Merci beaucoup pour votre aide, cela m'a été très utile.",remerciement,General,Réponse automatique générée.,,
"Merci beaucoup pour votre aide, cela m'a été très utile.",remerciement,General,Réponse automatique générée.,,
"Merci beaucoup pour votre aide, cela m'a été très utile.",remerciement,General,Réponse automatique générée.,,
"Merci beaucoup pour votre aide, cela m'a été très utile.",remerciement,General,Réponse automatique générée.,,
"Merci beaucoup pour votre aide, cela m'a été très utile.",remerciement,General,Réponse automatique générée.,,
"D'accord, j'ai bien compris les informations que vous m'avez fournies.",confirmation,General,Réponse automatique générée.,,
"D'accord, j'ai bien compris les informations que vous m'avez fournies.",confirmation,General,Réponse automatique générée.,,
"D'accord, j'ai bien compris les informations que vous m'avez fournies.",confirmation,General,Réponse automatique générée.,,
"D'accord, j'ai bien compris les informations que vous m'avez fournies.",confirmation,General,Réponse automatique générée.,,
"D'accord, j'ai bien compris les informations que vous m'avez fournies.",confirmation,General,Réponse automatique générée.,,
"D'accord, j'ai bien compris les informations que vous m'avez fournies.",confirmation,General,Réponse automatique générée.,,
"D'accord, j'ai bien compris les informations que vous m'avez fournies.",confirmation,General,Réponse automatique générée.,,
"D'accord, j'ai bien compris les informations que vous m'avez fournies.",confirmation,General,Réponse automatique générée.,,
"D'accord, j'ai bien compris les informations que vous m'avez fournies.",confirmation,General,Réponse automatique générée.,,
"D'accord, j'ai bien compris les informations que vous m'avez fournies.",confirmation,General,Réponse automatique générée.,,
"D'accord, j'ai bien compris les informations que vous m'avez fournies.",confirmation,General,Réponse automatique générée.,,
"D'accord, j'ai bien compris les informations que vous m'avez fournies.",confirmation,General,Réponse automatique générée.,,
"D'accord, j'ai bien compris les informations que vous m'avez fournies.",confirmation,General,Réponse automatique générée.,,
"D'accord, j'ai bien compris les informations que vous m'avez fournies.",confirmation,General,Réponse automatique générée.,,
"D'accord, j'ai bien compris les informations que vous m'avez fournies.",confirmation,General,Réponse automatique générée.,,
"D'accord, j'ai bien compris les informations que vous m'avez fournies.",confirmation,General,Réponse automatique générée.,,
"D'accord, j'ai bien compris les informations que vous m'avez fournies.",confirmation,General,Réponse automatique générée.,,
"D'accord, j'ai bien compris les informations que vous m'avez fournies.",confirmation,General,Réponse automatique générée.,,
"D'accord, j'ai bien compris les informations que vous m'avez fournies.",confirmation,General,Réponse automatique générée.,,
"D'accord, j'ai bien compris les informations que vous m'avez fournies.",confirmation,General,Réponse automatique générée.,,
"D'accord, j'ai bien compris les informations que vous m'avez fournies.",confirmation,General,Réponse automatique générée.,,
"D'accord, j'ai bien compris les informations que vous m'avez fournies.",confirmation,General,Réponse automatique générée.,,
"D'accord, j'ai bien compris les informations que vous m'avez fournies.",confirmation,General,Réponse automatique générée.,,
"D'accord, j'ai bien compris les informations que vous m'avez fournies.",confirmation,General,Réponse automatique générée.,,
"D'accord, j'ai bien compris les informations que vous m'avez fournies.",confirmation,General,Réponse automatique générée.,,
"D'accord, j'ai bien compris les informations que vous m'avez fournies.",confirmation,General,Réponse automatique générée.,,
"D'accord, j'ai bien compris les informations que vous m'avez fournies.",confirmation,General,Réponse automatique générée.,,
"D'accord, j'ai bien compris les informations que vous m'avez fournies.",confirmation,General,Réponse automatique générée.,,
"D'accord, j'ai bien compris les informations que vous m'avez fournies.",confirmation,General,Réponse automatique générée.,,
"D'accord, j'ai bien compris les informations que vous m'avez fournies.",confirmation,General,Réponse automatique générée.,,
"D'accord, j'ai bien compris les informations que vous m'avez fournies.",confirmation,General,Réponse automatique générée.,,
"D'accord, j'ai bien compris les informations que vous m'avez fournies.",confirmation,General,Réponse automatique générée.,,
"D'accord, j'ai bien compris les informations que vous m'avez fournies.",confirmation,General,Réponse automatique générée.,,
"D'accord, j'ai bien compris les informations que vous m'avez fournies.",confirmation,General,Réponse automatique générée.,,
"D'accord, j'ai bien compris les informations que vous m'avez fournies.",confirmation,General,Réponse automatique générée.,,
"D'accord, j'ai bien compris les informations que vous m'avez fournies.",confirmation,General,Réponse automatique générée.,,
"D'accord, j'ai bien compris les informations que vous m'avez fournies.",confirmation,General,Réponse automatique générée.,,
"D'accord, j'ai bien compris les informations que vous m'avez fournies.",confirmation,General,Réponse automatique générée.,,
"D'accord, j'ai bien compris les informations que vous m'avez fournies.",confirmation,General,Réponse automatique générée.,,
"D'accord, j'ai bien compris les informations que vous m'avez fournies.",confirmation,General,Réponse automatique générée.,,
"D'accord, j'ai bien compris les informations que vous m'avez fournies.",confirmation,General,Réponse automatique générée.,,
"D'accord, j'ai bien compris les informations que vous m'avez fournies.",confirmation,General,Réponse automatique générée.,,
"D'accord, j'ai bien compris les informations que vous m'avez fournies.",confirmation,General,Réponse automatique générée.,,
"D'accord, j'ai bien compris les informations que vous m'avez fournies.",confirmation,General,Réponse automatique générée.,,
"D'accord, j'ai bien compris les informations que vous m'avez fournies.",confirmation,General,Réponse automatique générée.,,
"D'accord, j'ai bien compris les informations que vous m'avez fournies.",confirmation,General,Réponse automatique générée.,,
"D'accord, j'ai bien compris les informations que vous m'avez fournies.",confirmation,General,Réponse automatique générée.,,
"D'accord, j'ai bien compris les informations que vous m'avez fournies.",confirmation,General,Réponse automatique générée.,,
"D'accord, j'ai bien compris les informations que vous m'avez fournies.",confirmation,General,Réponse automatique générée.,,
"D'accord, j'ai bien compris les informations que vous m'avez fournies.",confirmation,General,Réponse automatique générée.,,
"D'accord, j'ai bien compris les informations que vous m'avez fournies.",confirmation,General,Réponse automatique générée.,,
"D'accord, j'ai bien compris les informations que vous m'avez fournies.",confirmation,General,Réponse automatique générée.,,
"D'accord, j'ai bien compris les informations que vous m'avez fournies.",confirmation,General,Réponse automatique générée.,,
"D'accord, j'ai bien compris les informations que vous m'avez fournies.",confirmation,General,Réponse automatique générée.,,
"D'accord, j'ai bien compris les informations que vous m'avez fournies.",confirmation,General,Réponse automatique générée.,,
"D'accord, j'ai bien compris les informations que vous m'avez fournies.",confirmation,General,Réponse automatique générée.,,
"D'accord, j'ai bien compris les informations que vous m'avez fournies.",confirmation,General,Réponse automatique générée.,,
"D'accord, j'ai bien compris les informations que vous m'avez fournies.",confirmation,General,Réponse automatique générée.,,
"D'accord, j'ai bien compris les informations que vous m'avez fournies.",confirmation,General,Réponse automatique générée.,,
"D'accord, j'ai bien compris les informations que vous m'avez fournies.",confirmation,General,Réponse automatique générée.,,
"D'accord, j'ai bien compris les informations que vous m'avez fournies.",confirmation,General,Réponse automatique générée.,,
"D'accord, j'ai bien compris les informations que vous m'avez fournies.",confirmation,General,Réponse automatique générée.,,
"D'accord, j'ai bien compris les informations que vous m'avez fournies.",confirmation,General,Réponse automatique générée.,,
"D'accord, j'ai bien compris les informations que vous m'avez fournies.",confirmation,General,Réponse automatique générée.,,
"D'accord, j'ai bien compris les informations que vous m'avez fournies.",confirmation,General,Réponse automatique générée.,,
"D'accord, j'ai bien compris les informations que vous m'avez fournies.",confirmation,General,Réponse automatique générée.,,
"D'accord, j'ai bien compris les informations que vous m'avez fournies.",confirmation,General,Réponse automatique générée.,,
"D'accord, j'ai bien compris les informations que vous m'avez fournies.",confirmation,General,Réponse automatique générée.,,
"D'accord, j'ai bien compris les informations que vous m'avez fournies.",confirmation,General,Réponse automatique générée.,,
"D'accord, j'ai bien compris les informations que vous m'avez fournies.",confirmation,General,Réponse automatique générée.,,
Pouvez-vous me dire qui a gagné le match hier soir ?,hors_sujet,Aucun,Réponse automatique générée.,,
Pouvez-vous me dire qui a gagné le match hier soir ?,hors_sujet,Aucun,Réponse automatique générée.,,
Pouvez-vous me dire qui a gagné le match hier soir ?,hors_sujet,Aucun,Réponse automatique générée.,,
Pouvez-vous me dire qui a gagné le match hier soir ?,hors_sujet,Aucun,Réponse automatique générée.,,
Pouvez-vous me dire qui a gagné le match hier soir ?,hors_sujet,Aucun,Réponse automatique générée.,,
Pouvez-vous me dire qui a gagné le match hier soir ?,hors_sujet,Aucun,Réponse automatique générée.,,
Pouvez-vous me dire qui a gagné le match hier soir ?,hors_sujet,Aucun,Réponse automatique générée.,,
Pouvez-vous me dire qui a gagné le match hier soir ?,hors_sujet,Aucun,Réponse automatique générée.,,
Pouvez-vous me dire qui a gagné le match hier soir ?,hors_sujet,Aucun,Réponse automatique générée.,,
Pouvez-vous me dire qui a gagné le match hier soir ?,hors_sujet,Aucun,Réponse automatique générée.,,
Pouvez-vous me dire qui a gagné le match hier soir ?,hors_sujet,Aucun,Réponse automatique générée.,,
Pouvez-vous me dire qui a gagné le match hier soir ?,hors_sujet,Aucun,Réponse automatique générée.,,
Pouvez-vous me dire qui a gagné le match hier soir ?,hors_sujet,Aucun,Réponse automatique générée.,,
Pouvez-vous me dire qui a gagné le match hier soir ?,hors_sujet,Aucun,Réponse automatique générée.,,
Pouvez-vous me dire qui a gagné le match hier soir ?,hors_sujet,Aucun,Réponse automatique générée.,,
Pouvez-vous me dire qui a gagné le match hier soir ?,hors_sujet,Aucun,Réponse automatique générée.,,
Pouvez-vous me dire qui a gagné le match hier soir ?,hors_sujet,Aucun,Réponse automatique générée.,,
Pouvez-vous me dire qui a gagné le match hier soir ?,hors_sujet,Aucun,Réponse automatique générée.,,
Pouvez-vous me dire qui a gagné le match hier soir ?,hors_sujet,Aucun,Réponse automatique générée.,,
Pouvez-vous me dire qui a gagné le match hier soir ?,hors_sujet,Aucun,Réponse automatique générée.,,
Pouvez-vous me dire qui a gagné le match hier soir ?,hors_sujet,Aucun,Réponse automatique générée.,,
Pouvez-vous me dire qui a gagné le match hier soir ?,hors_sujet,Aucun,Réponse automatique générée.,,
Pouvez-vous me dire qui a gagné le match hier soir ?,hors_sujet,Aucun,Réponse automatique générée.,,
Pouvez-vous me dire qui a gagné le match hier soir ?,hors_sujet,Aucun,Réponse automatique générée.,,
Pouvez-vous me dire qui a gagné le match hier soir ?,hors_sujet,Aucun,Réponse automatique générée.,,
Pouvez-vous me dire qui a gagné le match hier soir ?,hors_sujet,Aucun,Réponse automatique générée.,,
Pouvez-vous me dire qui a gagné le match hier soir ?,hors_sujet,Aucun,Réponse automatique générée.,,
Pouvez-vous me dire qui a gagné le match hier soir ?,hors_sujet,Aucun,Réponse automatique générée.,,
Pouvez-vous me dire qui a gagné le match hier soir ?,hors_sujet,Aucun,Réponse automatique générée.,,
Pouvez-vous me dire qui a gagné le match hier soir ?,hors_sujet,Aucun,Réponse automatique générée.,,
Pouvez-vous me dire qui a gagné le match hier soir ?,hors_sujet,Aucun,Réponse automatique générée.,,
Pouvez-vous me dire qui a gagné le match hier soir ?,hors_sujet,Aucun,Réponse automatique générée.,,
Pouvez-vous me dire qui a gagné le match hier soir ?,hors_sujet,Aucun,Réponse automatique générée.,,
Pouvez-vous me dire qui a gagné le match hier soir ?,hors_sujet,Aucun,Réponse automatique générée.,,
Pouvez-vous me dire qui a gagné le match hier soir ?,hors_sujet,Aucun,Réponse automatique générée.,,
Pouvez-vous me dire qui a gagné le match hier soir ?,hors_sujet,Aucun,Réponse automatique générée.,,
Pouvez-vous me dire qui a gagné le match hier soir ?,hors_sujet,Aucun,Réponse automatique générée.,,
Pouvez-vous me dire qui a gagné le match hier soir ?,hors_sujet,Aucun,Réponse automatique générée.,,
Pouvez-vous me dire qui a gagné le match hier soir ?,hors_sujet,Aucun,Réponse automatique générée.,,
Pouvez-vous me dire qui a gagné le match hier soir ?,hors_sujet,Aucun,Réponse automatique générée.,,
Pouvez-vous me dire qui a gagné le match hier soir ?,hors_sujet,Aucun,Réponse automatique générée.,,
Pouvez-vous me dire qui a gagné le match hier soir ?,hors_sujet,Aucun,Réponse automatique générée.,,
Pouvez-vous me dire qui a gagné le match hier soir ?,hors_sujet,Aucun,Réponse automatique générée.,,
Pouvez-vous me dire qui a gagné le match hier soir ?,hors_sujet,Aucun,Réponse automatique générée.,,
Pouvez-vous me dire qui a gagné le match hier soir ?,hors_sujet,Aucun,Réponse automatique générée.,,
Pouvez-vous me dire qui a gagné le match hier soir ?,hors_sujet,Aucun,Réponse automatique générée.,,
Pouvez-vous me dire qui a gagné le match hier soir ?,hors_sujet,Aucun,Réponse automatique générée.,,
Pouvez-vous me dire qui a gagné le match hier soir ?,hors_sujet,Aucun,Réponse automatique générée.,,
Pouvez-vous me dire qui a gagné le match hier soir ?,hors_sujet,Aucun,Réponse automatique générée.,,
Pouvez-vous me dire qui a gagné le match hier soir ?,hors_sujet,Aucun,Réponse automatique générée.,,
Pouvez-vous me dire qui a gagné le match hier soir ?,hors_sujet,Aucun,Réponse automatique générée.,,
Pouvez-vous me dire qui a gagné le match hier soir ?,hors_sujet,Aucun,Réponse automatique générée.,,
Pouvez-vous me dire qui a gagné le match hier soir ?,hors_sujet,Aucun,Réponse automatique générée.,,
Pouvez-vous me dire qui a gagné le match hier soir ?,hors_sujet,Aucun,Réponse automatique générée.,,
Pouvez-vous me dire qui a gagné le match hier soir ?,hors_sujet,Aucun,Réponse automatique générée.,,
Pouvez-vous me dire qui a gagné le match hier soir ?,hors_sujet,Aucun,Réponse automatique générée.,,
Pouvez-vous me dire qui a gagné le match hier soir ?,hors_sujet,Aucun,Réponse automatique générée.,,
Pouvez-vous me dire qui a gagné le match hier soir ?,hors_sujet,Aucun,Réponse automatique générée.,,
Pouvez-vous me dire qui a gagné le match hier soir ?,hors_sujet,Aucun,Réponse automatique générée.,,
Pouvez-vous me dire qui a gagné le match hier soir ?,hors_sujet,Aucun,Réponse automatique générée.,,
Pouvez-vous me dire qui a gagné le match hier soir ?,hors_sujet,Aucun,Réponse automatique générée.,,
Pouvez-vous me dire qui a gagné le match hier soir ?,hors_sujet,Aucun,Réponse automatique générée.,,
Pouvez-vous me dire qui a gagné le match hier soir ?,hors_sujet,Aucun,Réponse automatique générée.,,
Pouvez-vous me dire qui a gagné le match hier soir ?,hors_sujet,Aucun,Réponse automatique générée.,,
Pouvez-vous me dire qui a gagné le match hier soir ?,hors_sujet,Aucun,Réponse automatique générée.,,
Pouvez-vous me dire qui a gagné le match hier soir ?,hors_sujet,Aucun,Réponse automatique générée.,,
Pouvez-vous me dire qui a gagné le match hier soir ?,hors_sujet,Aucun,Réponse automatique générée.,,
Pouvez-vous me dire qui a gagné le match hier soir ?,hors_sujet,Aucun,Réponse automatique générée.,,
Pouvez-vous me dire qui a gagné le match hier soir ?,hors_sujet,Aucun,Réponse automatique générée.,,
Pouvez-vous me dire qui a gagné le match hier soir ?,hors_sujet,Aucun,Réponse automatique générée.,,
"Je ne comprends pas bien votre réponse, pouvez-vous reformuler s'il vous plaît ?",incomprehension,Aucun,Réponse automatique générée.,,
"Je ne comprends pas bien votre réponse, pouvez-vous reformuler s'il vous plaît ?",incomprehension,Aucun,Réponse automatique générée.,,
"Je ne comprends pas bien votre réponse, pouvez-vous reformuler s'il vous plaît ?",incomprehension,Aucun,Réponse automatique générée.,,
"Je ne comprends pas bien votre réponse, pouvez-vous reformuler s'il vous plaît ?",incomprehension,Aucun,Réponse automatique générée.,,
"Je ne comprends pas bien votre réponse, pouvez-vous reformuler s'il vous plaît ?",incomprehension,Aucun,Réponse automatique générée.,,
"Je ne comprends pas bien votre réponse, pouvez-vous reformuler s'il vous plaît ?",incomprehension,Aucun,Réponse automatique générée.,,
"Je ne comprends pas bien votre réponse, pouvez-vous reformuler s'il vous plaît ?",incomprehension,Aucun,Réponse automatique générée.,,
"Je ne comprends pas bien votre réponse, pouvez-vous reformuler s'il vous plaît ?",incomprehension,Aucun,Réponse automatique générée.,,
"Je ne comprends pas bien votre réponse, pouvez-vous reformuler s'il vous plaît ?",incomprehension,Aucun,Réponse automatique générée.,,
"Je ne comprends pas bien votre réponse, pouvez-vous reformuler s'il vous plaît ?",incomprehension,Aucun,Réponse automatique générée.,,
"Je ne comprends pas bien votre réponse, pouvez-vous reformuler s'il vous plaît ?",incomprehension,Aucun,Réponse automatique générée.,,
"Je ne comprends pas bien votre réponse, pouvez-vous reformuler s'il vous plaît ?",incomprehension,Aucun,Réponse automatique générée.,,
"Je ne comprends pas bien votre réponse, pouvez-vous reformuler s'il vous plaît ?",incomprehension,Aucun,Réponse automatique générée.,,
"Je ne comprends pas bien votre réponse, pouvez-vous reformuler s'il vous plaît ?",incomprehension,Aucun,Réponse automatique générée.,,
"Je ne comprends pas bien votre réponse, pouvez-vous reformuler s'il vous plaît ?",incomprehension,Aucun,Réponse automatique générée.,,
"Je ne comprends pas bien votre réponse, pouvez-vous reformuler s'il vous plaît ?",incomprehension,Aucun,Réponse automatique générée.,,
"Je ne comprends pas bien votre réponse, pouvez-vous reformuler s'il vous plaît ?",incomprehension,Aucun,Réponse automatique générée.,,
"Je ne comprends pas bien votre réponse, pouvez-vous reformuler s'il vous plaît ?",incomprehension,Aucun,Réponse automatique générée.,,
"Je ne comprends pas bien votre réponse, pouvez-vous reformuler s'il vous plaît ?",incomprehension,Aucun,Réponse automatique générée.,,
"Je ne comprends pas bien votre réponse, pouvez-vous reformuler s'il vous plaît ?",incomprehension,Aucun,Réponse automatique générée.,,
"Je ne comprends pas bien votre réponse, pouvez-vous reformuler s'il vous plaît ?",incomprehension,Aucun,Réponse automatique générée.,,
"Je ne comprends pas bien votre réponse, pouvez-vous reformuler s'il vous plaît ?",incomprehension,Aucun,Réponse automatique générée.,,
"Je ne comprends pas bien votre réponse, pouvez-vous reformuler s'il vous plaît ?",incomprehension,Aucun,Réponse automatique générée.,,
"Je ne comprends pas bien votre réponse, pouvez-vous reformuler s'il vous plaît ?",incomprehension,Aucun,Réponse automatique générée.,,
"Je ne comprends pas bien votre réponse, pouvez-vous reformuler s'il vous plaît ?",incomprehension,Aucun,Réponse automatique générée.,,
"Je ne comprends pas bien votre réponse, pouvez-vous reformuler s'il vous plaît ?",incomprehension,Aucun,Réponse automatique générée.,,
"Je ne comprends pas bien votre réponse, pouvez-vous reformuler s'il vous plaît ?",incomprehension,Aucun,Réponse automatique générée.,,
"Je ne comprends pas bien votre réponse, pouvez-vous reformuler s'il vous plaît ?",incomprehension,Aucun,Réponse automatique générée.,,
"Je ne comprends pas bien votre réponse, pouvez-vous reformuler s'il vous plaît ?",incomprehension,Aucun,Réponse automatique générée.,,
"Je ne comprends pas bien votre réponse, pouvez-vous reformuler s'il vous plaît ?",incomprehension,Aucun,Réponse automatique générée.,,
"Je ne comprends pas bien votre réponse, pouvez-vous reformuler s'il vous plaît ?",incomprehension,Aucun,Réponse automatique générée.,,
"Je ne comprends pas bien votre réponse, pouvez-vous reformuler s'il vous plaît ?",incomprehension,Aucun,Réponse automatique générée.,,
"Je ne comprends pas bien votre réponse, pouvez-vous reformuler s'il vous plaît ?",incomprehension,Aucun,Réponse automatique générée.,,
"Je ne comprends pas bien votre réponse, pouvez-vous reformuler s'il vous plaît ?",incomprehension,Aucun,Réponse automatique générée.,,
"Je ne comprends pas bien votre réponse, pouvez-vous reformuler s'il vous plaît ?",incomprehension,Aucun,Réponse automatique générée.,,
"Je ne comprends pas bien votre réponse, pouvez-vous reformuler s'il vous plaît ?",incomprehension,Aucun,Réponse automatique générée.,,
"Je ne comprends pas bien votre réponse, pouvez-vous reformuler s'il vous plaît ?",incomprehension,Aucun,Réponse automatique générée.,,
"Je ne comprends pas bien votre réponse, pouvez-vous reformuler s'il vous plaît ?",incomprehension,Aucun,Réponse automatique générée.,,
"Je ne comprends pas bien votre réponse, pouvez-vous reformuler s'il vous plaît ?",incomprehension,Aucun,Réponse automatique générée.,,
"Je ne comprends pas bien votre réponse, pouvez-vous reformuler s'il vous plaît ?",incomprehension,Aucun,Réponse automatique générée.,,
"Je ne comprends pas bien votre réponse, pouvez-vous reformuler s'il vous plaît ?",incomprehension,Aucun,Réponse automatique générée.,,
"Je ne comprends pas bien votre réponse, pouvez-vous reformuler s'il vous plaît ?",incomprehension,Aucun,Réponse automatique générée.,,
"Je ne comprends pas bien votre réponse, pouvez-vous reformuler s'il vous plaît ?",incomprehension,Aucun,Réponse automatique générée.,,
"Je ne comprends pas bien votre réponse, pouvez-vous reformuler s'il vous plaît ?",incomprehension,Aucun,Réponse automatique générée.,,
"Je ne comprends pas bien votre réponse, pouvez-vous reformuler s'il vous plaît ?",incomprehension,Aucun,Réponse automatique générée.,,
"Je ne comprends pas bien votre réponse, pouvez-vous reformuler s'il vous plaît ?",incomprehension,Aucun,Réponse automatique générée.,,
"Je ne comprends pas bien votre réponse, pouvez-vous reformuler s'il vous plaît ?",incomprehension,Aucun,Réponse automatique générée.,,
"Je ne comprends pas bien votre réponse, pouvez-vous reformuler s'il vous plaît ?",incomprehension,Aucun,Réponse automatique générée.,,
"Je ne comprends pas bien votre réponse, pouvez-vous reformuler s'il vous plaît ?",incomprehension,Aucun,Réponse automatique générée.,,
"Je ne comprends pas bien votre réponse, pouvez-vous reformuler s'il vous plaît ?",incomprehension,Aucun,Réponse automatique générée.,,
"Je ne comprends pas bien votre réponse, pouvez-vous reformuler s'il vous plaît ?",incomprehension,Aucun,Réponse automatique générée.,,
"Je ne comprends pas bien votre réponse, pouvez-vous reformuler s'il vous plaît ?",incomprehension,Aucun,Réponse automatique générée.,,
"Je ne comprends pas bien votre réponse, pouvez-vous reformuler s'il vous plaît ?",incomprehension,Aucun,Réponse automatique générée.,,
"Je ne comprends pas bien votre réponse, pouvez-vous reformuler s'il vous plaît ?",incomprehension,Aucun,Réponse automatique générée.,,
"Je ne comprends pas bien votre réponse, pouvez-vous reformuler s'il vous plaît ?",incomprehension,Aucun,Réponse automatique générée.,,
"Je ne comprends pas bien votre réponse, pouvez-vous reformuler s'il vous plaît ?",incomprehension,Aucun,Réponse automatique générée.,,
"Je ne comprends pas bien votre réponse, pouvez-vous reformuler s'il vous plaît ?",incomprehension,Aucun,Réponse automatique générée.,,
"Je ne comprends pas bien votre réponse, pouvez-vous reformuler s'il vous plaît ?",incomprehension,Aucun,Réponse automatique générée.,,
"Je ne comprends pas bien votre réponse, pouvez-vous reformuler s'il vous plaît ?",incomprehension,Aucun,Réponse automatique générée.,,
"Je ne comprends pas bien votre réponse, pouvez-vous reformuler s'il vous plaît ?",incomprehension,Aucun,Réponse automatique générée.,,
"Je ne comprends pas bien votre réponse, pouvez-vous reformuler s'il vous plaît ?",incomprehension,Aucun,Réponse automatique générée.,,
"Je ne comprends pas bien votre réponse, pouvez-vous reformuler s'il vous plaît ?",incomprehension,Aucun,Réponse automatique générée.,,
"Je ne comprends pas bien votre réponse, pouvez-vous reformuler s'il vous plaît ?",incomprehension,Aucun,Réponse automatique générée.,,
"Je ne comprends pas bien votre réponse, pouvez-vous reformuler s'il vous plaît ?",incomprehension,Aucun,Réponse automatique générée.,,
"Je ne comprends pas bien votre réponse, pouvez-vous reformuler s'il vous plaît ?",incomprehension,Aucun,Réponse automatique générée.,,
"Je ne comprends pas bien votre réponse, pouvez-vous reformuler s'il vous plaît ?",incomprehension,Aucun,Réponse automatique générée.,,
"Je ne comprends pas bien votre réponse, pouvez-vous reformuler s'il vous plaît ?",incomprehension,Aucun,Réponse automatique générée.,,
"Je ne comprends pas bien votre réponse, pouvez-vous reformuler s'il vous plaît ?",incomprehension,Aucun,Réponse automatique générée.,,
"Je ne comprends pas bien votre réponse, pouvez-vous reformuler s'il vous plaît ?",incomprehension,Aucun,Réponse automatique générée.,,
"Je ne comprends pas bien votre réponse, pouvez-vous reformuler s'il vous plaît ?",incomprehension,Aucun,Réponse automatique générée.,,
